village,state,date,water_source_id,water_source_type,latitude,longitude,pH,turbidity_ntu,bacteria_ecoli_cfu_100ml,bacteria_coliform_cfu_100ml,dissolved_oxygen_mg_l,nitrates_mg_l,phosphates_mg_l,heavy_metals_mg_l,chlorine_residual_mg_l,fluoride_mg_l,arsenic_mg_l,test_method,testing_agency,is_potable,contamination_level,depth_meters
Silchar Village,Assam,2023-06-22,WS_70096,River,23.693604,94.215993,6.81,10.129,56.725,36.0,6.4,21.7,2.63,0.001,0.47,0.06,0.008,Water Testing Kit,Agency_9,0,Safe,
Gangtok Rural,Sikkim,2023-10-16,WS_33410,Well,23.440323,94.097157,6.64,2.836,35.217,79.0,6.6,43.1,1.36,0.046,1.71,0.72,0.032,Water Testing Kit,Agency_5,1,Safe,99.0
Champhai Rural,Mizoram,2023-09-03,WS_48735,Piped Supply,27.307625,92.146045,7.1,3.138,5.618,72.0,8.3,34.7,0.12,0.003,0.85,1.4,0.025,IoT Sensor,Agency_2,1,Safe,
Jorhat Village,Assam,2023-06-23,WS_10948,Piped Supply,24.975629,90.777547,7.46,6.296,56.017,7.0,6.8,19.4,1.86,0.017,1.32,0.84,0.024,Water Testing Kit,Agency_5,0,Safe,
Shillong Rural,Meghalaya,2023-09-04,WS_37634,Tube Well,24.464814,89.42492,7.38,3.235,45.122,64.0,8.3,15.6,0.93,0.029,0.01,1.17,0.027,IoT Sensor,Agency_7,1,Safe,122.0
Belonia Rural,Tripura,2023-12-20,WS_80978,Pond,23.834306,95.652162,5.3,106.341,316.4,2997.0,1.1,119.1,7.77,1.34,1.58,1.29,0.024,IoT Sensor,Agency_8,0,High,
Jorhat Village,Assam,2023-06-26,WS_29292,Tube Well,24.432844,88.617969,7.31,7.926,44.0,34.0,6.0,34.1,1.29,0.046,1.84,1.34,0.02,Lab Analysis,Agency_9,0,Safe,74.0
Belonia Rural,Tripura,2023-07-02,WS_32323,Pond,23.962273,94.506741,5.57,28.417,530.727,903.0,1.7,180.6,10.9,0.62,1.94,1.12,0.043,IoT Sensor,Agency_8,0,High,
Nagaon Rural,Assam,2023-03-12,WS_87454,Tube Well,24.051645,91.510295,7.78,6.857,31.79,86.0,5.4,34.9,0.49,0.011,1.02,0.43,0.009,IoT Sensor,Agency_7,0,Safe,72.0
Resubelpara Rural,Meghalaya,2023-08-04,WS_26061,Piped Supply,24.057131,89.291444,7.27,2.607,43.576,17.0,8.2,7.7,2.31,0.041,0.51,0.58,0.024,Lab Analysis,Agency_8,1,Safe,
Saitual Rural,Mizoram,2023-12-22,WS_69570,Piped Supply,23.056531,95.783103,8.37,6.271,29.792,57.0,8.6,31.2,0.72,0.01,1.28,1.47,0.009,IoT Sensor,Agency_2,0,Safe,
Hnahthial Village,Mizoram,2023-05-17,WS_80628,Well,27.703445,96.977824,8.15,2.656,45.566,25.0,5.6,42.4,1.9,0.005,1.53,1.15,0.035,Water Testing Kit,Agency_6,1,Safe,184.0
Tezpur Village,Arunachal Pradesh,2023-11-19,WS_48268,River,25.819765,92.343439,7.51,7.956,11.192,38.0,7.1,1.1,2.28,0.042,1.23,1.46,0.028,IoT Sensor,Agency_7,0,Safe,
Pasighat Rural,Arunachal Pradesh,2023-06-18,WS_74187,Tube Well,23.775516,93.096367,8.62,0.389,70.06,6.0,7.6,15.6,0.12,0.046,1.05,1.23,0.028,IoT Sensor,Agency_5,1,Safe,141.0
Dharmanagar Rural,Tripura,2023-12-26,WS_69295,River,25.481051,93.332986,6.09,47.203,1051.613,1411.0,1.3,125.1,13.95,1.12,0.65,0.29,0.03,Water Testing Kit,Agency_7,0,High,
Rangpo Rural,Sikkim,2023-09-17,WS_63508,Piped Supply,24.07151,93.013348,7.46,4.361,14.15,5.0,7.4,13.9,1.51,0.048,0.41,0.3,0.031,IoT Sensor,Agency_8,1,Safe,
Itanagar Rural,Arunachal Pradesh,2024-02-15,WS_84309,Well,26.718427,92.090554,7.73,8.15,26.11,51.0,7.3,26.4,1.2,0.008,1.58,0.86,0.017,IoT Sensor,Agency_5,0,Safe,29.0
Serchhip Village,Mizoram,2023-07-26,WS_64811,Well,25.939028,88.276025,7.26,6.415,16.556,0.0,8.9,23.0,0.24,0.005,1.48,1.39,0.05,Water Testing Kit,Agency_7,0,Safe,158.0
Shillong Rural,Meghalaya,2023-08-09,WS_43964,Tube Well,23.785785,88.714095,5.3,82.441,1992.858,238.0,2.3,144.7,19.76,1.9,1.29,0.51,0.016,IoT Sensor,Agency_5,0,High,34.0
Belonia Rural,Tripura,2024-03-25,WS_50258,Well,27.065478,96.546599,6.61,2.231,32.213,97.0,8.9,21.5,2.41,0.028,0.4,1.12,0.011,Water Testing Kit,Agency_8,1,Safe,15.0
Gangtok Rural,Sikkim,2023-07-14,WS_10592,River,26.080598,91.399456,5.3,83.799,1664.136,2876.0,3.5,126.5,14.46,0.68,1.95,1.38,0.038,IoT Sensor,Agency_7,0,High,
Mangan Village,Sikkim,2023-04-07,WS_45938,River,23.240928,95.328533,5.39,34.344,1991.078,3976.0,2.3,79.0,17.6,1.72,1.52,0.75,0.02,Water Testing Kit,Agency_8,0,High,
Rangpo Rural,Sikkim,2023-01-20,WS_63348,Tube Well,24.641781,96.234849,7.11,0.805,56.809,22.0,5.9,26.4,2.95,0.021,1.69,0.13,0.047,IoT Sensor,Agency_9,1,Safe,119.0
Churachandpur Village,Manipur,2024-02-20,WS_12828,Well,24.212273,94.661083,7.74,8.567,15.184,59.0,8.2,32.3,0.95,0.031,0.67,1.43,0.04,Water Testing Kit,Agency_8,0,Safe,126.0
Tawang Rural,Arunachal Pradesh,2023-06-11,WS_74794,Piped Supply,26.979205,96.35885,7.27,6.033,54.216,44.0,7.0,26.2,0.19,0.043,0.0,1.43,0.014,Lab Analysis,Agency_3,0,Safe,
Ukhrul Village,Manipur,2023-04-12,WS_45155,Well,27.962966,92.079602,7.73,0.887,39.006,18.0,8.4,18.1,0.66,0.033,0.3,1.19,0.007,Water Testing Kit,Agency_6,1,Safe,194.0
Lawngtlai Village,Mizoram,2023-07-01,WS_62613,Tube Well,24.56463,94.352857,8.01,2.142,40.805,85.0,7.0,3.0,2.93,0.034,0.6,0.89,0.039,Lab Analysis,Agency_9,1,Safe,128.0
Silchar Village,Assam,2023-10-29,WS_71242,River,23.707609,96.051773,6.54,8.399,13.978,86.0,8.8,12.6,2.19,0.004,1.36,0.25,0.027,Water Testing Kit,Agency_7,0,Safe,
Lawngtlai Village,Mizoram,2023-07-16,WS_22129,River,23.410328,94.58828,6.94,8.441,1.129,88.0,6.6,17.3,1.42,0.049,0.74,0.21,0.02,Water Testing Kit,Agency_5,0,Safe,
Churachandpur Village,Manipur,2023-12-07,WS_11884,Tube Well,27.397162,88.522161,7.68,9.788,45.0,79.0,6.0,18.8,1.79,0.007,0.21,0.94,0.023,Lab Analysis,Agency_8,0,Safe,37.0
Tura Village,Meghalaya,2023-02-25,WS_19267,Pond,23.859882,96.98917,7.46,0.891,4.056,74.0,8.4,31.3,0.83,0.011,1.32,0.41,0.004,Water Testing Kit,Agency_1,1,Safe,
Roing Village,Arunachal Pradesh,2023-03-23,WS_66202,Tube Well,26.472722,90.960037,7.23,7.237,56.349,14.0,8.9,39.9,2.07,0.027,1.34,1.43,0.013,Lab Analysis,Agency_2,0,Safe,148.0
Wokha Rural,Nagaland,2023-11-25,WS_86381,Well,27.758034,95.405225,7.41,2.525,30.577,93.0,6.0,14.3,2.72,0.005,0.16,1.0,0.036,Lab Analysis,Agency_1,1,Safe,22.0
Tezpur Village,Arunachal Pradesh,2023-09-20,WS_36412,Piped Supply,28.398521,92.186518,7.12,2.438,17.223,38.0,6.0,10.2,1.18,0.043,0.19,0.5,0.031,IoT Sensor,Agency_6,1,Safe,
Resubelpara Rural,Meghalaya,2023-09-18,WS_23990,Tube Well,23.754942,90.728221,5.63,40.489,1009.489,4444.0,2.1,131.8,6.79,0.72,1.54,1.4,0.004,IoT Sensor,Agency_4,0,High,180.0
Bomdila Rural,Arunachal Pradesh,2023-05-03,WS_46033,River,25.547305,90.433716,7.82,2.214,55.814,41.0,5.3,24.5,1.88,0.048,1.94,0.05,0.028,Lab Analysis,Agency_8,1,Safe,
Gyalshing Rural,Sikkim,2023-11-11,WS_94130,Pond,24.931044,94.06045,5.3,49.766,163.714,1834.0,2.6,122.4,7.82,1.9,0.13,0.21,0.047,IoT Sensor,Agency_4,0,High,
Karimganj Village,Assam,2024-02-10,WS_46440,Tube Well,26.692949,95.44498,5.61,99.591,527.888,1354.0,2.7,68.3,11.73,1.08,0.52,1.18,0.021,Water Testing Kit,Agency_7,0,High,121.0
Tuensang Village,Nagaland,2023-10-16,WS_57352,Piped Supply,24.058364,93.543685,6.76,5.814,39.01,62.0,8.9,14.5,2.96,0.002,0.74,1.2,0.03,IoT Sensor,Agency_6,0,Safe,
Gangtok Rural,Sikkim,2024-03-15,WS_72091,Pond,23.48712,96.92201,8.16,7.506,29.988,41.0,6.6,2.3,1.82,0.04,0.0,0.99,0.031,Water Testing Kit,Agency_8,0,Safe,
Resubelpara Rural,Meghalaya,2023-05-28,WS_27137,Piped Supply,28.402855,92.861448,6.74,6.142,44.0,20.0,5.3,7.5,0.83,0.002,0.37,0.33,0.03,Lab Analysis,Agency_5,0,Safe,
Thoubal Village,Manipur,2024-02-29,WS_50102,Pond,24.618086,91.609568,5.6,72.139,1517.702,4800.0,1.4,142.5,5.61,1.33,1.03,0.91,0.015,IoT Sensor,Agency_4,0,High,
Pakyong Village,Sikkim,2023-12-09,WS_48570,Pond,26.625133,96.642993,7.58,1.764,44.583,52.0,7.1,2.6,0.24,0.048,0.22,0.46,0.015,Lab Analysis,Agency_6,1,Safe,
Barpeta Village,Assam,2023-02-07,WS_92451,River,26.343096,92.964173,5.3,83.376,1823.437,4070.0,3.2,120.0,5.75,1.1,0.04,1.16,0.046,IoT Sensor,Agency_1,0,High,
Jiribam Village,Manipur,2023-12-02,WS_32322,Pond,28.331415,93.238531,5.3,33.272,2404.66,3944.0,1.9,128.0,22.1,1.87,1.95,0.42,0.002,IoT Sensor,Agency_4,0,High,
Tezpur Village,Arunachal Pradesh,2023-10-06,WS_93233,Well,24.693844,93.44386,6.75,9.557,25.068,17.0,8.3,20.5,1.17,0.016,0.49,1.34,0.004,IoT Sensor,Agency_4,0,Safe,195.0
Tura Village,Meghalaya,2024-01-19,WS_96742,Piped Supply,23.305593,94.183424,7.71,4.782,55.01,71.0,8.3,24.0,1.63,0.043,0.77,1.16,0.047,IoT Sensor,Agency_4,1,Safe,
Williamnagar Village,Meghalaya,2023-11-13,WS_49689,River,23.112379,94.603222,5.6,72.622,1549.243,2733.0,2.4,186.6,10.36,0.92,1.66,0.49,0.05,IoT Sensor,Agency_9,0,High,
Saitual Rural,Mizoram,2023-11-27,WS_45504,Piped Supply,27.20545,90.91715,8.17,3.764,8.001,9.0,5.1,35.9,2.65,0.024,0.32,0.65,0.035,Water Testing Kit,Agency_8,1,Safe,
Karimganj Village,Assam,2023-05-20,WS_71016,Well,24.459818,96.546788,6.68,6.442,51.818,17.0,6.0,38.6,1.76,0.029,1.45,0.14,0.011,Water Testing Kit,Agency_6,0,Safe,50.0
Dimapur Village,Nagaland,2023-01-07,WS_66370,River,28.742062,91.818398,6.7,6.216,31.893,17.0,5.5,31.2,1.02,0.05,0.89,1.11,0.025,Lab Analysis,Agency_3,0,Safe,
Tura Village,Meghalaya,2023-12-21,WS_34881,River,23.481149,89.340111,6.37,7.471,41.204,46.0,5.6,8.0,1.99,0.047,1.85,0.58,0.038,Water Testing Kit,Agency_6,0,Safe,
Pasighat Rural,Arunachal Pradesh,2024-01-20,WS_94428,Pond,27.697486,92.697917,5.61,43.855,1160.768,2564.0,3.8,196.6,9.94,0.35,1.87,0.96,0.024,IoT Sensor,Agency_9,0,High,
Ukhrul Village,Manipur,2023-11-20,WS_41437,Pond,27.274665,89.206882,5.3,93.084,579.629,3917.0,3.8,91.4,19.08,1.25,1.48,0.73,0.043,IoT Sensor,Agency_8,0,High,
Imphal Rural,Manipur,2023-06-07,WS_38901,Pond,25.129892,89.896057,5.87,26.997,1915.586,4238.0,1.7,154.7,6.08,1.01,0.43,0.58,0.034,Lab Analysis,Agency_8,0,High,
Nongpoh Village,Meghalaya,2023-07-01,WS_96083,Well,24.499531,94.249255,5.3,116.607,2098.967,3963.0,2.0,143.4,19.16,0.72,1.64,1.45,0.031,Water Testing Kit,Agency_8,0,High,111.0
Pakyong Village,Sikkim,2023-10-10,WS_63404,Tube Well,28.175463,93.836141,7.37,4.038,7.043,58.0,5.3,20.1,1.7,0.011,0.87,0.25,0.04,Water Testing Kit,Agency_8,1,Safe,184.0
Teliamura Rural,Tripura,2023-06-29,WS_40108,Well,25.911223,94.67525,7.81,1.831,56.372,74.0,7.2,33.2,0.95,0.01,1.93,1.27,0.045,Lab Analysis,Agency_9,1,Safe,64.0
Mokokchung Rural,Nagaland,2024-04-11,WS_67827,Tube Well,24.633113,95.239644,5.92,94.999,1809.108,2531.0,1.7,140.1,24.33,0.28,0.17,1.07,0.001,IoT Sensor,Agency_6,0,High,198.0
Teliamura Rural,Tripura,2023-11-12,WS_92466,Well,28.72226,92.919546,8.16,4.988,40.718,59.0,6.8,6.6,0.61,0.016,1.12,1.46,0.046,IoT Sensor,Agency_5,1,Safe,85.0
Shillong Rural,Meghalaya,2023-02-19,WS_22689,Piped Supply,27.071716,96.114438,8.9,3.877,28.506,52.0,7.3,24.2,2.46,0.042,0.24,0.01,0.008,IoT Sensor,Agency_6,1,Safe,
Wokha Rural,Nagaland,2023-02-03,WS_26273,Spring,28.450647,96.742669,6.92,7.505,0.0,28.0,5.4,19.1,1.91,0.009,1.77,0.17,0.022,IoT Sensor,Agency_4,0,Safe,
Belonia Rural,Tripura,2023-12-26,WS_58418,Well,26.142392,94.005864,7.73,5.732,54.591,100.0,7.5,9.9,1.72,0.012,0.88,0.28,0.025,IoT Sensor,Agency_3,0,Safe,181.0
Tura Village,Meghalaya,2023-07-28,WS_48123,Pond,23.462522,93.720626,7.21,7.421,63.505,53.0,8.4,17.0,1.09,0.04,1.88,0.68,0.021,IoT Sensor,Agency_5,0,Safe,
Namchi Village,Sikkim,2024-03-17,WS_13377,River,26.98897,94.792595,6.65,64.998,495.683,2706.0,2.6,84.4,7.84,0.37,1.98,0.69,0.013,Lab Analysis,Agency_6,0,High,
Udaipur Village,Tripura,2023-07-05,WS_99151,Piped Supply,25.204808,94.99877,7.72,0.243,15.938,3.0,6.8,32.5,2.81,0.001,0.58,0.26,0.022,Water Testing Kit,Agency_9,1,Safe,
Tamenglong Rural,Manipur,2023-05-06,WS_66963,River,24.962634,90.968434,6.16,107.65,1138.525,3367.0,2.5,76.4,12.52,1.72,1.74,0.09,0.01,Water Testing Kit,Agency_7,0,High,
Gangtok Rural,Sikkim,2023-08-08,WS_36639,Pond,24.647761,95.147372,5.51,34.464,1728.637,1048.0,2.6,170.7,14.67,1.79,0.45,1.21,0.006,Water Testing Kit,Agency_8,0,High,
Resubelpara Rural,Meghalaya,2023-06-06,WS_10914,Tube Well,25.571227,96.667699,7.16,3.813,48.734,82.0,8.6,38.2,0.99,0.03,1.56,0.62,0.045,Water Testing Kit,Agency_7,1,Safe,149.0
Tuensang Village,Nagaland,2024-03-15,WS_34892,Well,24.053965,95.346497,7.18,8.031,62.293,76.0,7.5,36.0,0.46,0.019,1.6,0.55,0.036,IoT Sensor,Agency_6,0,Safe,172.0
Tawang Rural,Arunachal Pradesh,2023-05-28,WS_62689,Well,26.915222,88.03775,8.07,5.015,55.438,98.0,6.4,25.9,2.54,0.014,0.9,1.39,0.045,Water Testing Kit,Agency_7,1,Safe,98.0
Karimganj Village,Assam,2023-05-26,WS_47865,River,28.386568,91.813416,6.15,43.619,2107.562,4562.0,3.2,152.0,6.01,0.49,1.15,1.37,0.042,Water Testing Kit,Agency_6,0,High,
Resubelpara Rural,Meghalaya,2023-08-26,WS_17334,River,27.477313,88.446313,5.98,55.114,1743.198,2363.0,3.6,125.1,10.56,1.47,1.66,0.72,0.007,Water Testing Kit,Agency_7,0,High,
Agartala Rural,Tripura,2023-06-07,WS_78438,Piped Supply,27.260272,90.685085,7.63,0.784,50.997,8.0,8.9,16.7,2.08,0.024,0.35,1.42,0.022,IoT Sensor,Agency_7,1,Safe,
Roing Village,Arunachal Pradesh,2024-01-12,WS_35888,Pond,26.506505,93.680765,8.59,6.298,44.718,35.0,5.6,30.9,1.91,0.013,0.87,0.66,0.031,Lab Analysis,Agency_7,0,Safe,
Williamnagar Village,Meghalaya,2023-07-30,WS_29287,River,27.258192,94.074048,7.92,7.827,22.525,71.0,6.9,26.9,1.31,0.007,0.8,0.27,0.024,Lab Analysis,Agency_6,0,Safe,
Guwahati Rural,Assam,2024-02-25,WS_94376,River,23.621002,93.349082,7.64,2.731,6.593,86.0,7.6,6.8,0.89,0.039,0.51,0.1,0.007,Water Testing Kit,Agency_7,1,Safe,
Tura Village,Meghalaya,2023-03-19,WS_41374,Spring,25.559709,95.418461,8.74,0.499,42.348,91.0,7.7,30.4,0.61,0.043,0.93,1.23,0.024,Lab Analysis,Agency_3,1,Safe,
Champhai Rural,Mizoram,2023-04-18,WS_59539,Tube Well,27.772721,92.876515,5.83,39.556,437.782,2095.0,2.7,174.1,17.69,1.03,0.88,0.4,0.027,IoT Sensor,Agency_5,0,High,54.0
Singtam Village,Sikkim,2023-09-24,WS_41578,River,26.772643,95.3751,5.34,98.572,338.136,681.0,1.2,68.0,17.29,1.76,0.76,1.27,0.036,Water Testing Kit,Agency_9,0,High,
Tamenglong Rural,Manipur,2024-02-09,WS_52528,Well,28.641074,88.160597,8.41,1.124,50.036,27.0,6.1,24.5,2.78,0.012,0.32,1.46,0.013,Lab Analysis,Agency_8,1,Safe,23.0
Gyalshing Rural,Sikkim,2023-01-20,WS_51637,Pond,28.352481,96.185597,8.25,7.617,54.806,17.0,6.5,32.1,2.15,0.015,0.03,0.49,0.02,IoT Sensor,Agency_2,0,Safe,
Itanagar Rural,Arunachal Pradesh,2023-10-23,WS_46310,Pond,24.483897,92.256611,7.29,9.965,51.732,25.0,7.8,18.1,1.74,0.026,0.13,1.29,0.044,Lab Analysis,Agency_8,0,Safe,
Resubelpara Rural,Meghalaya,2023-08-12,WS_38871,Well,28.060646,90.042482,5.3,80.417,807.876,297.0,2.0,174.8,9.95,1.3,1.02,0.98,0.003,Water Testing Kit,Agency_9,0,High,151.0
Nongpoh Village,Meghalaya,2023-12-27,WS_49604,Piped Supply,26.17268,93.444995,7.51,4.65,18.959,19.0,5.8,38.3,1.45,0.024,0.58,1.25,0.048,IoT Sensor,Agency_6,1,Safe,
Baghmara Rural,Meghalaya,2023-08-11,WS_20176,Pond,23.034464,93.87461,5.48,105.44,1283.073,1983.0,2.1,182.9,12.7,1.59,0.5,1.01,0.009,IoT Sensor,Agency_2,0,High,
Zunheboto Village,Nagaland,2023-09-05,WS_13262,Well,23.320339,93.558177,5.3,111.217,2686.375,1736.0,1.1,79.3,22.54,0.99,0.87,0.74,0.047,Lab Analysis,Agency_7,0,High,160.0
Barpeta Village,Assam,2023-10-26,WS_97085,Well,24.354122,91.541612,6.69,3.209,60.765,31.0,6.5,8.2,0.23,0.005,0.22,1.12,0.049,Water Testing Kit,Agency_2,1,Safe,27.0
Ziro Village,Arunachal Pradesh,2023-05-15,WS_32517,Tube Well,25.917611,93.397102,8.81,8.018,10.471,67.0,7.6,5.0,0.27,0.028,1.69,0.5,0.009,Water Testing Kit,Agency_5,0,Safe,118.0
Nagaon Rural,Assam,2023-12-04,WS_44515,Tube Well,27.766197,93.961322,7.56,4.441,6.205,9.0,8.0,26.3,1.47,0.002,1.47,0.17,0.016,IoT Sensor,Agency_2,1,Safe,168.0
Belonia Rural,Tripura,2023-06-22,WS_46450,River,28.210962,89.668976,7.52,3.287,38.708,13.0,7.9,26.1,1.46,0.006,1.99,0.84,0.007,IoT Sensor,Agency_1,1,Safe,
Lunglei Village,Mizoram,2024-03-11,WS_91456,Tube Well,26.932724,92.465974,6.57,4.784,49.666,59.0,8.0,43.3,0.74,0.049,1.09,0.29,0.015,IoT Sensor,Agency_2,1,Safe,191.0
Senapati Rural,Manipur,2023-05-24,WS_39418,River,28.681574,88.184296,7.39,2.841,26.764,47.0,7.4,5.9,2.29,0.034,1.62,0.77,0.031,IoT Sensor,Agency_4,1,Safe,
Kolasib Rural,Mizoram,2024-01-09,WS_26731,River,25.266434,89.332528,5.78,111.191,2113.644,1952.0,3.1,119.2,23.57,1.27,0.55,0.5,0.008,Water Testing Kit,Agency_4,0,High,
Tezpur Village,Arunachal Pradesh,2024-02-11,WS_81699,River,24.429662,93.594492,6.28,7.755,17.299,96.0,5.3,37.7,1.6,0.01,1.35,0.16,0.036,Water Testing Kit,Agency_3,0,Safe,
Ziro Village,Arunachal Pradesh,2024-01-14,WS_71421,River,26.763299,95.354364,7.71,7.93,32.382,76.0,8.2,30.7,3.0,0.004,1.3,0.41,0.015,Lab Analysis,Agency_8,0,Safe,
Khowai Village,Tripura,2024-01-12,WS_19974,River,26.885476,88.604603,7.1,3.244,43.308,56.0,5.2,22.9,2.87,0.005,1.84,1.28,0.001,IoT Sensor,Agency_5,1,Safe,
Agartala Rural,Tripura,2023-05-01,WS_43911,Well,24.506715,95.389837,5.3,36.809,1538.523,3265.0,1.4,158.7,11.98,0.97,0.31,0.82,0.02,IoT Sensor,Agency_8,0,High,176.0
Jowai Rural,Meghalaya,2023-10-03,WS_81968,Pond,27.156156,91.369013,5.3,37.881,459.247,3292.0,1.8,164.0,20.22,1.59,1.47,0.61,0.004,IoT Sensor,Agency_5,0,High,
Karimganj Village,Assam,2023-06-22,WS_46850,Pond,26.255142,94.601757,5.3,94.905,2267.783,1418.0,2.7,50.1,10.57,0.45,1.64,1.17,0.042,IoT Sensor,Agency_2,0,High,
Jorhat Village,Assam,2023-05-03,WS_69367,Tube Well,23.274116,92.098218,7.35,9.126,68.823,55.0,7.5,26.0,0.05,0.027,0.61,1.16,0.024,IoT Sensor,Agency_7,0,Safe,165.0
Tura Village,Meghalaya,2024-04-04,WS_48667,Spring,24.419197,96.132885,8.6,9.953,27.199,19.0,8.7,38.2,0.54,0.008,1.89,0.36,0.02,Lab Analysis,Agency_2,0,Safe,
Bishnupur Rural,Manipur,2023-09-17,WS_23892,Piped Supply,25.454003,90.287704,8.37,0.226,50.033,57.0,6.9,6.6,0.7,0.039,1.45,0.77,0.006,IoT Sensor,Agency_1,1,Safe,
Resubelpara Rural,Meghalaya,2023-07-11,WS_45427,River,28.454291,96.256125,6.78,9.117,42.097,85.0,8.2,16.8,0.3,0.046,0.53,0.13,0.0,IoT Sensor,Agency_9,0,Safe,
Naharlagun Village,Arunachal Pradesh,2023-11-25,WS_53493,Piped Supply,23.274454,89.289385,7.56,6.29,26.88,68.0,5.9,38.4,2.55,0.025,1.43,0.21,0.021,Water Testing Kit,Agency_7,0,Safe,
Tezpur Rural,Assam,2024-01-12,WS_93519,Well,24.948616,91.618015,7.74,0.506,21.359,37.0,8.5,3.9,2.31,0.049,1.57,1.39,0.022,IoT Sensor,Agency_3,1,Safe,64.0
Mangan Village,Sikkim,2023-11-23,WS_59718,River,25.380433,90.553177,5.32,47.629,1818.998,274.0,2.6,58.7,19.48,1.93,0.96,0.24,0.02,IoT Sensor,Agency_5,0,High,
Imphal Rural,Manipur,2023-06-16,WS_52169,Pond,28.23559,94.226418,5.45,78.538,1064.063,1746.0,2.7,106.0,5.69,0.89,0.76,1.48,0.018,IoT Sensor,Agency_7,0,High,
Ukhrul Village,Manipur,2023-11-13,WS_32660,River,26.197249,90.453003,7.94,0.539,39.838,50.0,6.3,31.0,0.75,0.032,0.4,0.57,0.049,Water Testing Kit,Agency_8,1,Safe,
Serchhip Village,Mizoram,2023-07-26,WS_48253,Tube Well,28.528333,91.065554,8.16,5.415,14.35,87.0,8.2,17.9,2.53,0.0,1.32,0.93,0.024,Water Testing Kit,Agency_6,1,Safe,197.0
Jorhat Village,Assam,2023-07-07,WS_69367,Tube Well,23.274116,92.098218,7.16,8.188,54.859,55.0,7.5,26.0,0.05,0.027,0.61,1.16,0.024,IoT Sensor,Agency_7,0,Safe,165.0
Singtam Village,Sikkim,2023-05-24,WS_45196,Piped Supply,28.787984,93.982706,6.73,6.331,33.359,15.0,7.6,36.0,0.49,0.04,0.8,0.83,0.037,IoT Sensor,Agency_6,0,Safe,
Pakyong Village,Sikkim,2023-05-10,WS_81714,Pond,28.896711,88.476916,6.23,49.668,2003.428,1306.0,3.2,84.8,17.75,0.94,1.09,1.28,0.031,Water Testing Kit,Agency_5,0,High,
Amarpur Village,Tripura,2023-03-23,WS_90401,Pond,28.738358,90.741224,8.57,6.731,43.44,71.0,6.9,28.3,0.21,0.025,1.69,1.08,0.041,IoT Sensor,Agency_5,0,Safe,
Jowai Rural,Meghalaya,2023-03-20,WS_82590,River,26.847577,92.252213,5.55,88.904,565.11,2531.0,1.4,176.4,21.38,1.38,1.43,1.35,0.003,Lab Analysis,Agency_4,0,High,
Senapati Rural,Manipur,2023-06-24,WS_13229,Piped Supply,25.256453,95.734238,6.79,5.751,9.539,50.0,6.4,9.1,2.84,0.048,0.06,0.94,0.0,Water Testing Kit,Agency_9,0,Safe,
Dimapur Village,Nagaland,2023-10-12,WS_50920,Tube Well,26.352943,90.468691,6.64,52.508,482.053,2032.0,1.0,66.3,14.92,1.89,1.19,0.84,0.034,Water Testing Kit,Agency_6,0,High,162.0
Pasighat Rural,Arunachal Pradesh,2023-11-26,WS_79772,River,25.526759,95.609807,6.42,38.735,1224.262,2529.0,2.8,151.7,7.59,1.52,1.6,0.76,0.021,IoT Sensor,Agency_4,0,High,
Saitual Rural,Mizoram,2023-08-16,WS_21586,Well,28.939224,90.526613,7.37,5.662,60.809,27.0,7.4,0.1,1.41,0.02,0.32,1.17,0.042,IoT Sensor,Agency_6,0,Safe,51.0
Mokokchung Rural,Nagaland,2023-05-13,WS_52849,Well,26.426433,91.690196,7.13,9.039,18.716,29.0,8.8,24.9,1.84,0.045,0.33,0.18,0.036,IoT Sensor,Agency_9,0,Safe,19.0
Dimapur Village,Nagaland,2023-06-21,WS_88254,River,27.191934,88.896952,7.92,5.146,39.562,40.0,7.9,21.0,0.67,0.041,1.47,0.22,0.008,Water Testing Kit,Agency_7,1,Safe,
Pasighat Rural,Arunachal Pradesh,2023-02-05,WS_97139,Well,27.710046,90.479429,7.98,7.221,56.341,40.0,9.0,16.5,2.42,0.018,1.45,0.09,0.038,IoT Sensor,Agency_6,0,Safe,157.0
Silchar Village,Assam,2024-01-19,WS_84252,River,27.157544,92.058786,5.3,47.1,2210.409,1015.0,1.2,101.4,7.78,1.22,0.16,1.26,0.028,Water Testing Kit,Agency_3,0,High,
Kiphire Village,Nagaland,2023-10-19,WS_15536,Pond,27.061891,92.434086,6.2,40.059,2185.671,4294.0,2.0,81.6,13.53,1.87,0.78,0.52,0.029,Lab Analysis,Agency_6,0,High,
Tezpur Village,Arunachal Pradesh,2023-11-24,WS_81699,River,24.429662,93.594492,6.48,7.225,14.904,96.0,5.3,37.7,1.6,0.01,1.35,0.16,0.036,Water Testing Kit,Agency_3,0,Safe,
Tamenglong Rural,Manipur,2023-10-15,WS_22085,Tube Well,25.431662,94.543518,8.26,1.558,5.509,56.0,8.2,13.1,0.72,0.026,1.23,0.73,0.036,Water Testing Kit,Agency_5,1,Safe,177.0
Amarpur Village,Tripura,2023-05-13,WS_14231,Pond,23.764597,89.085767,7.94,0.23,11.109,86.0,7.6,11.6,0.51,0.007,1.34,0.35,0.034,IoT Sensor,Agency_9,1,Safe,
Dibrugarh Rural,Assam,2023-08-15,WS_39448,Pond,24.456493,94.439774,5.3,28.865,863.469,4986.0,3.6,143.1,11.18,0.41,0.91,1.31,0.027,Water Testing Kit,Agency_6,0,High,
Thoubal Village,Manipur,2023-07-30,WS_67663,Piped Supply,23.287472,89.404303,5.3,22.918,2235.343,2227.0,1.4,103.7,24.6,0.37,1.14,1.5,0.043,IoT Sensor,Agency_7,0,High,
Agartala Rural,Tripura,2023-12-23,WS_56190,Pond,23.702414,92.15433,5.98,79.709,865.114,3550.0,3.6,70.0,10.8,0.76,1.37,0.44,0.046,IoT Sensor,Agency_7,0,High,
Tawang Rural,Arunachal Pradesh,2023-12-03,WS_71086,Well,23.85085,91.602838,8.05,1.432,54.304,8.0,7.7,7.7,2.42,0.029,0.58,1.49,0.019,Water Testing Kit,Agency_3,1,Safe,32.0
Gyalshing Rural,Sikkim,2023-12-13,WS_41458,Piped Supply,27.884313,91.202774,7.44,8.629,32.683,58.0,8.7,28.0,0.93,0.028,0.49,0.19,0.009,Lab Analysis,Agency_5,0,Safe,
Imphal Rural,Manipur,2023-06-07,WS_83526,Piped Supply,23.844568,95.132703,8.11,3.918,33.158,47.0,6.0,38.1,2.08,0.03,0.5,0.38,0.014,Water Testing Kit,Agency_4,1,Safe,
Serchhip Village,Mizoram,2023-08-17,WS_22224,Piped Supply,27.475248,91.603906,8.11,8.54,22.328,9.0,7.9,40.6,0.96,0.013,0.85,1.21,0.013,Water Testing Kit,Agency_6,0,Safe,
Belonia Rural,Tripura,2023-10-06,WS_95557,Well,28.066515,94.946193,7.33,2.455,63.148,28.0,7.4,21.6,2.77,0.031,0.7,0.38,0.026,IoT Sensor,Agency_3,1,Safe,25.0
Tezpur Village,Arunachal Pradesh,2023-10-06,WS_93233,Well,24.693844,93.44386,7.34,7.821,20.59,17.0,8.3,20.5,1.17,0.016,0.49,1.34,0.004,IoT Sensor,Agency_4,0,Safe,195.0
Belonia Rural,Tripura,2024-01-08,WS_58418,Well,26.142392,94.005864,7.71,6.287,54.928,100.0,7.5,9.9,1.72,0.012,0.88,0.28,0.025,IoT Sensor,Agency_3,0,Safe,181.0
Dibrugarh Rural,Assam,2023-08-21,WS_32704,Well,24.130235,92.048963,5.75,109.075,2735.802,3723.0,3.2,116.3,16.33,1.21,0.31,1.14,0.039,IoT Sensor,Agency_8,0,High,183.0
Kolasib Rural,Mizoram,2023-12-16,WS_61786,Pond,25.775231,92.917029,5.91,21.842,411.141,1030.0,3.1,148.2,17.43,0.88,0.76,0.19,0.017,Lab Analysis,Agency_3,0,High,
Tuensang Village,Nagaland,2023-11-18,WS_64706,Tube Well,23.741126,88.595993,5.74,18.057,2423.991,2720.0,1.9,140.9,10.68,0.3,1.5,1.01,0.006,IoT Sensor,Agency_8,0,High,108.0
Hnahthial Village,Mizoram,2024-02-03,WS_10254,Well,26.758098,88.909236,6.68,6.219,2.753,90.0,8.0,41.4,1.46,0.0,1.86,0.77,0.008,Lab Analysis,Agency_3,0,Safe,109.0
Resubelpara Rural,Meghalaya,2023-08-28,WS_27968,Well,23.18164,96.284242,7.38,2.993,7.324,91.0,5.3,1.7,2.17,0.035,0.32,0.11,0.024,IoT Sensor,Agency_7,1,Safe,133.0
Shillong Rural,Meghalaya,2024-02-10,WS_47143,Well,28.966169,93.784758,6.9,1.598,4.368,60.0,5.3,35.9,1.07,0.015,0.93,0.01,0.03,Water Testing Kit,Agency_8,1,Safe,26.0
Senapati Rural,Manipur,2023-08-03,WS_63507,Pond,24.315105,90.690062,6.12,30.416,1434.413,2005.0,3.3,162.3,20.52,0.22,1.81,0.01,0.04,Lab Analysis,Agency_6,0,High,
Tezpur Village,Arunachal Pradesh,2023-08-02,WS_22020,Piped Supply,23.941507,95.807325,5.78,22.649,2116.446,3292.0,2.5,71.7,10.14,1.41,1.47,1.24,0.002,Water Testing Kit,Agency_5,0,High,
Resubelpara Rural,Meghalaya,2023-10-30,WS_23959,Well,27.598966,92.288541,7.31,8.25,11.114,34.0,9.0,35.5,1.15,0.007,1.75,1.29,0.036,Water Testing Kit,Agency_6,0,Safe,102.0
Mokokchung Rural,Nagaland,2023-06-07,WS_16961,Piped Supply,26.2119,94.303605,7.24,2.644,49.856,45.0,6.9,0.5,0.81,0.044,1.83,0.65,0.022,Water Testing Kit,Agency_9,1,Safe,
Itanagar Rural,Arunachal Pradesh,2023-12-22,WS_81968,Well,27.490671,91.181931,5.3,23.883,2487.475,1103.0,1.4,168.2,19.25,0.21,0.7,0.9,0.004,Water Testing Kit,Agency_6,0,High,174.0
Zunheboto Village,Nagaland,2023-08-24,WS_37130,River,25.964342,93.508402,6.03,100.088,2761.628,3280.0,1.1,73.1,21.41,1.31,1.26,0.57,0.013,IoT Sensor,Agency_1,0,High,
Tura Village,Meghalaya,2023-05-19,WS_38103,Tube Well,24.800024,93.380011,6.79,0.634,52.722,8.0,8.3,19.7,1.31,0.026,0.01,0.42,0.002,IoT Sensor,Agency_2,1,Safe,197.0
Kohima Rural,Nagaland,2023-08-09,WS_32389,Well,28.416574,89.990916,6.5,8.566,45.109,70.0,8.0,22.3,0.9,0.039,0.61,0.32,0.048,Water Testing Kit,Agency_5,0,Safe,164.0
Jiribam Village,Manipur,2023-10-13,WS_95400,Well,23.716337,92.324748,8.17,2.506,66.776,23.0,6.8,32.5,2.32,0.016,0.44,0.97,0.002,IoT Sensor,Agency_1,1,Safe,121.0
Tuensang Village,Nagaland,2023-06-28,WS_82145,Well,26.441279,88.41009,6.75,1.092,12.625,99.0,8.2,24.4,0.7,0.026,1.69,0.78,0.002,Water Testing Kit,Agency_3,1,Safe,136.0
Tuensang Village,Nagaland,2023-04-12,WS_99897,Well,26.250542,94.881309,6.32,7.662,49.962,70.0,8.6,24.7,1.44,0.026,0.7,0.14,0.03,IoT Sensor,Agency_3,0,Safe,161.0
Silchar Village,Assam,2023-10-04,WS_42405,Well,24.131751,90.258473,6.47,5.413,24.451,86.0,8.0,0.8,0.5,0.024,1.27,0.17,0.009,Water Testing Kit,Agency_2,1,Safe,198.0
Belonia Rural,Tripura,2023-05-17,WS_77523,Tube Well,23.161644,96.48333,7.69,1.752,14.876,99.0,7.0,36.7,2.49,0.049,1.74,0.08,0.021,Lab Analysis,Agency_7,1,Safe,41.0
Resubelpara Rural,Meghalaya,2023-06-10,WS_47201,River,25.916444,91.406333,6.01,100.846,896.122,541.0,3.7,152.3,24.83,1.42,1.2,0.02,0.025,IoT Sensor,Agency_3,0,High,
Nagaon Rural,Assam,2023-11-17,WS_44302,Piped Supply,23.766898,89.204981,8.62,5.865,13.132,58.0,7.3,28.8,0.3,0.034,1.18,0.22,0.015,Water Testing Kit,Agency_8,0,Safe,
Dharmanagar Rural,Tripura,2023-10-31,WS_67560,Tube Well,25.96247,93.537502,7.74,1.649,46.558,65.0,5.4,35.2,0.1,0.049,1.49,0.12,0.005,Lab Analysis,Agency_2,1,Safe,183.0
Baghmara Rural,Meghalaya,2023-08-19,WS_20176,Pond,23.034464,93.87461,5.61,125.37,1293.457,1983.0,2.1,182.9,12.7,1.59,0.5,1.01,0.009,IoT Sensor,Agency_2,0,High,
Lunglei Village,Mizoram,2023-08-08,WS_86989,River,26.721543,94.044478,7.95,8.334,10.056,11.0,7.4,31.7,1.02,0.049,1.58,0.49,0.006,Lab Analysis,Agency_3,0,Safe,
Gyalshing Rural,Sikkim,2023-11-27,WS_34845,River,27.822282,91.234782,5.84,58.291,736.631,2381.0,3.6,197.5,11.25,1.95,0.42,0.41,0.042,Water Testing Kit,Agency_6,0,High,
Tezpur Village,Arunachal Pradesh,2023-10-12,WS_96969,Piped Supply,25.157837,92.006298,7.74,3.357,28.474,8.0,6.3,4.7,1.44,0.047,1.96,0.32,0.028,Lab Analysis,Agency_3,1,Safe,
Silchar Village,Assam,2024-02-14,WS_34440,River,25.170892,90.801965,6.21,54.441,2022.862,1415.0,2.4,156.2,9.9,0.53,1.47,0.4,0.038,Water Testing Kit,Agency_3,0,High,
Mokokchung Rural,Nagaland,2023-06-07,WS_52849,Well,26.426433,91.690196,7.19,8.88,21.595,29.0,8.8,24.9,1.84,0.045,0.33,0.18,0.036,IoT Sensor,Agency_9,0,Safe,19.0
Dimapur Village,Nagaland,2023-09-03,WS_29024,Piped Supply,27.728731,94.075241,6.47,109.044,341.09,4876.0,1.8,96.3,5.9,1.05,0.23,0.11,0.025,Lab Analysis,Agency_4,0,High,
Singtam Village,Sikkim,2023-09-25,WS_61497,River,24.747786,96.321917,5.69,95.991,1979.694,1527.0,1.8,147.4,8.05,1.95,1.15,0.51,0.023,Lab Analysis,Agency_8,0,High,
Rangpo Rural,Sikkim,2023-05-06,WS_56898,Piped Supply,24.463931,94.08228,6.32,5.299,66.215,16.0,5.7,21.2,2.61,0.028,1.71,1.17,0.036,Water Testing Kit,Agency_1,1,Safe,
Guwahati Rural,Assam,2024-01-22,WS_68535,Piped Supply,25.372273,93.189643,6.63,4.352,49.739,79.0,7.3,9.3,0.97,0.033,0.01,1.1,0.042,Water Testing Kit,Agency_9,1,Safe,
Barpeta Village,Assam,2023-04-23,WS_94738,Pond,27.224835,92.49065,6.33,29.523,1475.133,4798.0,2.5,69.9,10.83,1.29,1.92,0.88,0.033,IoT Sensor,Agency_5,0,High,
Gyalshing Rural,Sikkim,2023-07-01,WS_42259,Pond,28.036816,94.800672,8.08,4.322,27.757,80.0,8.0,19.0,2.99,0.003,1.37,0.32,0.035,IoT Sensor,Agency_2,1,Safe,
Phek Rural,Nagaland,2024-02-04,WS_33435,Well,25.341352,95.072629,8.31,0.602,31.133,6.0,6.0,42.9,0.31,0.003,0.01,1.01,0.019,IoT Sensor,Agency_9,1,Safe,142.0
Jorethang Rural,Sikkim,2023-12-04,WS_87212,Well,28.109473,92.390222,7.25,6.535,49.326,55.0,8.2,30.7,1.08,0.041,1.11,0.32,0.026,Water Testing Kit,Agency_1,0,Safe,127.0
Roing Village,Arunachal Pradesh,2023-08-19,WS_47069,River,25.337688,89.390075,7.7,9.05,62.788,89.0,6.5,42.8,2.77,0.021,0.7,1.23,0.042,Water Testing Kit,Agency_1,0,Safe,
Champhai Rural,Mizoram,2023-11-09,WS_13972,River,27.953636,94.290098,5.5,30.783,1171.927,1605.0,1.4,57.1,16.98,1.19,1.01,0.27,0.027,IoT Sensor,Agency_2,0,High,
Namchi Village,Sikkim,2023-12-28,WS_34317,Well,28.538891,89.577556,5.3,75.294,486.289,4427.0,3.4,172.6,12.04,0.21,1.73,0.98,0.034,IoT Sensor,Agency_7,0,High,63.0
Khowai Village,Tripura,2023-11-10,WS_59593,Well,28.637766,88.46907,8.16,0.826,51.395,50.0,5.8,19.3,1.52,0.029,1.66,0.51,0.043,IoT Sensor,Agency_3,1,Safe,153.0
Aizawl Rural,Mizoram,2023-08-28,WS_97071,Piped Supply,27.50515,91.033059,7.63,10.377,17.6,95.0,7.7,24.3,2.95,0.017,0.21,0.97,0.011,IoT Sensor,Agency_9,0,Safe,
Resubelpara Rural,Meghalaya,2023-07-07,WS_17334,River,27.477313,88.446313,6.35,55.599,1861.307,2363.0,3.6,125.1,10.56,1.47,1.66,0.72,0.007,Water Testing Kit,Agency_7,0,High,
Udaipur Village,Tripura,2023-12-12,WS_88631,Well,25.551688,92.700078,8.76,9.942,57.771,18.0,5.8,0.5,2.4,0.008,1.5,0.18,0.018,Lab Analysis,Agency_3,0,Safe,94.0
Pakyong Village,Sikkim,2023-12-13,WS_71589,Spring,26.12106,94.071131,6.25,35.565,199.775,962.0,2.3,74.4,14.08,0.55,0.8,0.25,0.036,IoT Sensor,Agency_2,0,High,
Dimapur Village,Nagaland,2023-10-15,WS_12420,Tube Well,24.43325,95.44818,6.97,3.559,44.495,10.0,7.8,12.1,0.45,0.003,0.79,0.71,0.031,Water Testing Kit,Agency_1,1,Safe,122.0
Baghmara Rural,Meghalaya,2023-09-20,WS_28878,Pond,24.090719,89.478533,6.3,120.445,2096.161,4861.0,2.5,137.2,22.69,1.1,1.52,1.04,0.024,IoT Sensor,Agency_1,0,High,
Tura Village,Meghalaya,2023-12-18,WS_91820,Pond,26.367577,93.510097,8.09,4.121,6.053,51.0,7.6,27.0,2.69,0.046,0.36,0.42,0.006,Water Testing Kit,Agency_1,1,Safe,
Tawang Rural,Arunachal Pradesh,2023-05-22,WS_16884,Well,24.215671,90.342354,6.93,6.664,3.935,25.0,5.6,13.1,0.99,0.025,0.91,0.18,0.002,Water Testing Kit,Agency_2,0,Safe,163.0
Jiribam Village,Manipur,2023-03-02,WS_78597,Tube Well,25.070661,94.774976,8.16,3.121,35.316,5.0,7.7,35.8,2.91,0.042,1.37,0.95,0.05,IoT Sensor,Agency_2,1,Safe,110.0
Kolasib Rural,Mizoram,2023-03-03,WS_72372,Pond,27.544119,95.26961,6.92,5.81,12.79,26.0,6.8,14.2,0.39,0.024,1.83,0.77,0.042,Water Testing Kit,Agency_6,0,Safe,
Kiphire Village,Nagaland,2023-04-01,WS_69257,River,25.848789,90.406617,6.4,99.962,2267.766,1596.0,2.4,127.8,14.79,0.14,1.27,0.21,0.05,Lab Analysis,Agency_9,0,High,
Teliamura Rural,Tripura,2023-05-09,WS_93651,River,27.303892,91.896112,5.3,102.178,2257.506,2519.0,2.1,145.6,16.15,1.37,0.42,1.07,0.002,IoT Sensor,Agency_5,0,High,
Barpeta Village,Assam,2023-04-06,WS_60531,Pond,28.468318,91.524153,8.15,5.305,56.025,97.0,8.3,34.0,0.18,0.035,0.51,0.74,0.045,IoT Sensor,Agency_3,1,Safe,
Barpeta Village,Assam,2024-02-12,WS_52995,Well,26.20865,94.658734,8.57,1.73,53.918,25.0,5.8,13.7,0.51,0.026,0.4,0.83,0.039,Lab Analysis,Agency_1,1,Safe,90.0
Thoubal Village,Manipur,2023-03-09,WS_20593,Tube Well,26.521673,94.104578,6.87,1.459,37.163,73.0,8.6,40.2,0.47,0.05,1.21,1.3,0.032,IoT Sensor,Agency_9,1,Safe,74.0
Tezpur Village,Arunachal Pradesh,2023-12-06,WS_48243,Tube Well,25.322217,91.073942,8.59,1.522,14.826,75.0,8.4,37.0,1.37,0.005,0.99,0.73,0.037,IoT Sensor,Agency_2,1,Safe,27.0
Lunglei Village,Mizoram,2023-12-13,WS_12734,River,27.945218,90.393762,7.24,0.91,55.157,92.0,6.5,20.6,2.85,0.037,0.73,0.84,0.049,Water Testing Kit,Agency_2,1,Safe,
Imphal Rural,Manipur,2023-06-20,WS_46377,River,24.020864,90.286365,8.06,7.014,8.712,4.0,8.6,21.1,2.91,0.027,1.81,0.32,0.012,Water Testing Kit,Agency_5,0,Safe,
Dibrugarh Rural,Assam,2023-08-30,WS_36996,Pond,28.232886,92.813496,5.3,74.284,794.955,1009.0,2.7,91.8,6.47,0.47,1.9,0.23,0.034,Water Testing Kit,Agency_9,0,High,
Guwahati Rural,Assam,2023-05-22,WS_83998,Piped Supply,25.354067,91.189332,7.23,3.198,49.771,31.0,5.1,16.4,0.83,0.045,0.0,0.24,0.017,Water Testing Kit,Agency_2,1,Safe,
Khowai Village,Tripura,2023-09-21,WS_18466,Spring,28.122149,88.255418,6.89,9.974,44.112,45.0,8.2,10.3,2.87,0.008,1.91,1.3,0.044,IoT Sensor,Agency_2,0,Safe,
Imphal Rural,Manipur,2023-07-16,WS_34539,Well,28.516282,93.11046,7.64,4.547,21.152,56.0,6.7,20.9,2.54,0.048,1.45,1.4,0.033,Lab Analysis,Agency_7,1,Safe,166.0
Pasighat Rural,Arunachal Pradesh,2023-11-17,WS_94428,Pond,27.697486,92.697917,5.72,38.98,1113.213,2564.0,3.8,196.6,9.94,0.35,1.87,0.96,0.024,IoT Sensor,Agency_9,0,High,
Khowai Village,Tripura,2023-12-25,WS_97518,Well,28.468278,95.026876,5.3,108.047,2454.357,4188.0,1.9,123.7,11.39,1.22,0.45,1.2,0.025,Lab Analysis,Agency_6,0,High,126.0
Lunglei Village,Mizoram,2023-10-06,WS_62402,Well,27.313009,89.939083,8.34,4.695,17.662,2.0,8.4,6.6,0.13,0.024,1.55,0.44,0.013,IoT Sensor,Agency_8,1,Safe,160.0
Naharlagun Village,Arunachal Pradesh,2023-11-01,WS_59593,Piped Supply,26.352737,89.219792,6.43,4.201,12.847,18.0,7.9,37.2,2.76,0.034,0.55,0.73,0.023,IoT Sensor,Agency_4,1,Safe,
Namchi Village,Sikkim,2023-08-29,WS_91987,Tube Well,27.661603,95.803059,6.53,80.785,378.441,1172.0,3.8,126.1,14.07,0.21,1.01,0.49,0.031,IoT Sensor,Agency_9,0,High,75.0
Senapati Rural,Manipur,2023-05-18,WS_98493,Piped Supply,24.163846,91.614415,7.27,2.003,53.089,64.0,8.2,10.1,1.77,0.003,0.29,0.2,0.036,Water Testing Kit,Agency_4,1,Safe,
Pakyong Village,Sikkim,2023-10-02,WS_26167,Piped Supply,27.206015,94.637633,6.72,4.476,48.229,53.0,6.3,1.2,1.96,0.043,1.33,0.88,0.035,Water Testing Kit,Agency_5,1,Safe,
Resubelpara Rural,Meghalaya,2023-11-26,WS_19162,Tube Well,24.888133,95.116752,7.48,7.191,27.75,80.0,7.4,38.1,1.19,0.049,1.41,0.03,0.024,IoT Sensor,Agency_3,0,Safe,157.0
Senapati Rural,Manipur,2023-04-04,WS_87658,River,28.316286,90.86179,6.78,6.016,48.84,37.0,7.8,37.7,0.03,0.037,1.69,0.51,0.045,Water Testing Kit,Agency_8,0,Safe,
Silchar Village,Assam,2023-10-22,WS_43724,Piped Supply,26.14807,95.264355,6.42,82.143,2474.464,2225.0,1.3,100.2,13.38,1.56,1.59,1.03,0.048,IoT Sensor,Agency_7,0,High,
Kolasib Rural,Mizoram,2023-08-27,WS_61786,Pond,25.775231,92.917029,5.81,20.432,387.405,1030.0,3.1,148.2,17.43,0.88,0.76,0.19,0.017,Lab Analysis,Agency_3,0,High,
Roing Village,Arunachal Pradesh,2023-12-09,WS_13806,River,24.909177,92.42813,5.41,78.894,308.785,2951.0,2.0,135.9,13.9,0.45,0.39,0.66,0.044,IoT Sensor,Agency_2,0,High,
Lawngtlai Village,Mizoram,2023-05-29,WS_85634,Well,27.699847,93.738235,6.45,5.51,6.59,81.0,8.2,31.6,2.27,0.03,0.37,0.6,0.026,Water Testing Kit,Agency_6,0,Safe,176.0
Tura Village,Meghalaya,2023-11-06,WS_69161,Well,23.635899,94.834171,5.3,84.244,1841.207,4947.0,3.2,83.4,11.91,0.42,1.8,0.48,0.02,Lab Analysis,Agency_3,0,High,195.0
Agartala Rural,Tripura,2023-10-14,WS_94292,Well,26.542824,94.635281,8.6,8.135,34.946,9.0,6.2,39.9,0.46,0.033,0.12,1.2,0.023,Water Testing Kit,Agency_1,0,Safe,32.0
Kailashahar Village,Tripura,2023-12-23,WS_74759,Well,27.292454,94.911795,7.16,6.197,14.749,16.0,5.6,14.0,2.59,0.02,1.01,0.4,0.009,Lab Analysis,Agency_2,0,Safe,164.0
Tawang Rural,Arunachal Pradesh,2023-08-27,WS_13102,Tube Well,24.211895,94.430479,8.57,8.52,22.014,52.0,5.1,1.9,2.64,0.003,1.27,1.34,0.03,Water Testing Kit,Agency_9,0,Safe,126.0
Dibrugarh Rural,Assam,2023-10-29,WS_76305,River,27.640045,88.983934,6.42,87.908,2189.376,2974.0,3.2,184.3,5.82,1.84,1.91,1.39,0.033,IoT Sensor,Agency_5,0,High,
Tezpur Rural,Assam,2023-06-06,WS_77197,Pond,24.668277,95.955351,6.05,19.894,258.421,1616.0,2.7,198.8,6.81,1.0,1.25,0.13,0.013,Water Testing Kit,Agency_9,0,High,
Jorethang Rural,Sikkim,2023-12-05,WS_23768,Pond,27.127688,89.56697,6.61,1.195,64.637,55.0,7.7,37.2,1.02,0.038,1.74,1.29,0.011,Water Testing Kit,Agency_6,1,Safe,
Lunglei Village,Mizoram,2024-02-28,WS_12734,River,27.945218,90.393762,7.34,0.818,50.441,92.0,6.5,20.6,2.85,0.037,0.73,0.84,0.049,Water Testing Kit,Agency_2,1,Safe,
Pasighat Rural,Arunachal Pradesh,2023-12-31,WS_14929,Piped Supply,23.523298,92.229141,7.59,3.079,37.813,66.0,7.3,35.4,0.16,0.032,0.51,1.16,0.025,Water Testing Kit,Agency_9,1,Safe,
Wokha Rural,Nagaland,2023-04-26,WS_47389,Piped Supply,25.619401,91.94298,7.55,0.957,33.73,75.0,7.3,39.5,0.86,0.025,1.99,1.46,0.004,IoT Sensor,Agency_1,1,Safe,
Resubelpara Rural,Meghalaya,2023-08-24,WS_10914,Tube Well,25.571227,96.667699,6.84,4.496,59.92,82.0,8.6,38.2,0.99,0.03,1.56,0.62,0.045,Water Testing Kit,Agency_7,1,Safe,149.0
Mangan Village,Sikkim,2023-06-12,WS_34660,Well,27.956986,94.886169,8.05,1.738,40.158,55.0,8.5,34.2,0.65,0.041,0.35,0.83,0.036,Lab Analysis,Agency_2,1,Safe,140.0
Wokha Rural,Nagaland,2024-01-30,WS_52361,Well,24.805031,92.475428,6.06,98.826,1417.08,1146.0,3.5,83.0,22.22,0.91,0.29,0.14,0.038,IoT Sensor,Agency_8,0,High,112.0
Champhai Rural,Mizoram,2023-09-03,WS_32433,Piped Supply,25.476157,88.348691,6.81,5.708,25.5,58.0,7.5,23.3,1.17,0.044,1.3,1.18,0.047,Lab Analysis,Agency_2,0,Safe,
Belonia Rural,Tripura,2023-12-19,WS_81281,Piped Supply,25.297418,90.948191,5.38,72.965,1674.051,4820.0,1.0,128.5,22.48,0.49,0.78,0.73,0.01,Lab Analysis,Agency_8,0,High,
Phek Rural,Nagaland,2023-06-15,WS_52861,Piped Supply,23.734852,91.181721,7.74,7.908,21.406,37.0,8.8,12.0,1.26,0.033,0.25,0.98,0.036,IoT Sensor,Agency_4,0,Safe,
Thoubal Village,Manipur,2023-08-24,WS_67663,Piped Supply,23.287472,89.404303,5.3,26.292,2483.232,2227.0,1.4,103.7,24.6,0.37,1.14,1.5,0.043,IoT Sensor,Agency_7,0,High,
Imphal Rural,Manipur,2024-01-25,WS_52642,River,24.829122,94.406989,6.81,4.543,53.707,85.0,7.1,6.0,0.47,0.024,0.29,1.04,0.005,Water Testing Kit,Agency_1,1,Safe,
Jiribam Village,Manipur,2023-10-22,WS_21276,Piped Supply,28.005292,89.853436,8.27,2.403,51.942,63.0,5.5,25.5,2.69,0.014,1.22,0.79,0.027,Water Testing Kit,Agency_7,1,Safe,
Aizawl Rural,Mizoram,2023-12-05,WS_73718,Tube Well,23.686143,90.025354,8.15,8.113,46.32,13.0,6.3,33.9,2.6,0.011,0.47,0.57,0.028,Water Testing Kit,Agency_4,0,Safe,56.0
Rangpo Rural,Sikkim,2023-09-04,WS_13653,Tube Well,26.228136,95.175971,7.32,5.359,38.519,38.0,5.7,44.7,2.25,0.008,1.84,0.2,0.042,IoT Sensor,Agency_1,1,Safe,167.0
Bishnupur Rural,Manipur,2023-03-14,WS_94291,Pond,24.574475,88.565882,5.3,43.623,970.385,2920.0,3.3,93.4,8.36,0.95,1.13,0.19,0.026,Water Testing Kit,Agency_2,0,High,
Resubelpara Rural,Meghalaya,2024-01-29,WS_54207,Pond,26.636767,96.100656,7.06,0.798,29.648,88.0,7.8,17.4,0.63,0.028,1.3,1.37,0.031,Lab Analysis,Agency_4,1,Safe,
Nongpoh Village,Meghalaya,2023-12-17,WS_82381,Well,25.449308,95.263434,7.63,3.874,4.452,80.0,7.6,30.8,0.74,0.007,0.93,0.37,0.037,Water Testing Kit,Agency_5,1,Safe,152.0
Resubelpara Rural,Meghalaya,2023-12-04,WS_32442,Well,27.445771,94.365352,6.86,1.904,50.438,10.0,7.0,24.1,2.87,0.043,1.89,0.98,0.032,Water Testing Kit,Agency_3,1,Safe,27.0
Belonia Rural,Tripura,2023-07-13,WS_58934,Well,27.150493,93.252839,6.09,67.742,162.254,687.0,1.9,113.6,23.77,1.13,1.73,1.5,0.019,Lab Analysis,Agency_2,0,High,109.0
Rangpo Rural,Sikkim,2023-05-13,WS_76733,Pond,23.024182,93.655732,7.87,0.95,56.04,53.0,6.7,8.6,2.85,0.022,1.76,0.16,0.046,IoT Sensor,Agency_5,1,Safe,
Namchi Village,Sikkim,2023-12-07,WS_40223,Pond,26.272118,90.480718,5.3,16.458,1694.522,3106.0,2.2,195.1,18.86,0.56,0.5,0.45,0.048,IoT Sensor,Agency_4,0,High,
Jorethang Rural,Sikkim,2023-08-09,WS_92998,Tube Well,24.548385,90.980329,6.55,9.092,59.957,66.0,6.1,40.2,1.04,0.029,0.82,1.28,0.016,Water Testing Kit,Agency_7,0,Safe,147.0
Williamnagar Village,Meghalaya,2023-08-08,WS_33183,River,24.410342,88.330552,6.45,101.061,1964.813,2911.0,2.9,154.8,16.05,1.71,1.97,0.08,0.024,IoT Sensor,Agency_3,0,High,
Tawang Rural,Arunachal Pradesh,2023-05-14,WS_41117,Well,23.142585,89.866104,6.77,8.958,2.252,24.0,5.3,38.6,1.25,0.04,1.4,0.88,0.035,Water Testing Kit,Agency_8,0,Safe,118.0
Khliehriat Village,Meghalaya,2023-04-16,WS_65963,River,27.934475,94.892692,7.72,3.386,33.144,88.0,6.4,2.0,0.77,0.023,0.99,1.01,0.006,Water Testing Kit,Agency_6,1,Safe,
Resubelpara Rural,Meghalaya,2023-09-25,WS_27968,Well,23.18164,96.284242,7.14,3.08,8.44,91.0,5.3,1.7,2.17,0.035,0.32,0.11,0.024,IoT Sensor,Agency_7,1,Safe,133.0
Barpeta Village,Assam,2023-02-03,WS_69104,Tube Well,24.704194,95.13075,6.88,5.634,69.413,41.0,7.1,20.3,1.37,0.011,1.59,0.52,0.028,Water Testing Kit,Agency_4,0,Safe,74.0
Tuensang Village,Nagaland,2023-12-16,WS_67120,Pond,28.306501,89.088004,7.24,0.985,16.969,44.0,8.6,1.3,2.39,0.014,1.43,1.02,0.003,Water Testing Kit,Agency_1,1,Safe,
Silchar Village,Assam,2023-12-18,WS_35058,Well,24.892901,89.837471,7.42,1.526,9.09,13.0,6.0,28.9,0.62,0.033,1.29,0.88,0.045,Lab Analysis,Agency_6,1,Safe,128.0
Saitual Rural,Mizoram,2024-01-08,WS_95041,Pond,27.178834,88.307525,5.3,114.366,800.675,989.0,3.9,143.8,10.73,1.35,1.33,0.47,0.007,Water Testing Kit,Agency_6,0,High,
Jorethang Rural,Sikkim,2023-08-24,WS_98988,Well,27.360846,95.323481,8.02,3.062,52.63,37.0,8.2,38.1,2.03,0.049,1.74,0.67,0.036,Water Testing Kit,Agency_1,1,Safe,32.0
Tawang Rural,Arunachal Pradesh,2023-04-08,WS_62689,Well,26.915222,88.03775,8.53,5.605,64.636,98.0,6.4,25.9,2.54,0.014,0.9,1.39,0.045,Water Testing Kit,Agency_7,0,Safe,98.0
Teliamura Rural,Tripura,2023-07-11,WS_59377,Well,25.60413,93.123926,8.06,6.682,59.975,75.0,5.6,11.3,1.39,0.02,0.32,0.48,0.035,Water Testing Kit,Agency_3,0,Safe,26.0
Agartala Rural,Tripura,2023-09-21,WS_46298,Piped Supply,25.627563,88.90823,7.42,3.321,54.477,51.0,5.6,40.3,0.38,0.049,1.74,1.06,0.047,IoT Sensor,Agency_5,1,Safe,
Dibrugarh Rural,Assam,2023-02-02,WS_82811,Well,25.578994,91.916159,6.64,5.734,9.148,72.0,8.1,44.6,2.86,0.036,1.29,1.43,0.043,IoT Sensor,Agency_6,0,Safe,38.0
Roing Village,Arunachal Pradesh,2023-10-10,WS_52147,Piped Supply,23.975314,89.361587,7.94,5.157,25.187,14.0,8.7,28.1,1.32,0.022,0.43,1.36,0.018,Water Testing Kit,Agency_4,1,Safe,
Singtam Village,Sikkim,2023-05-06,WS_45196,Piped Supply,28.787984,93.982706,6.61,7.261,36.951,15.0,7.6,36.0,0.49,0.04,0.8,0.83,0.037,IoT Sensor,Agency_6,0,Safe,
Barpeta Village,Assam,2023-07-18,WS_13290,Well,24.272403,89.320487,6.64,8.676,54.591,24.0,6.7,37.6,2.07,0.018,1.4,0.04,0.042,Lab Analysis,Agency_2,0,Safe,194.0
Udaipur Village,Tripura,2023-06-15,WS_99151,Piped Supply,25.204808,94.99877,7.23,0.216,15.503,3.0,6.8,32.5,2.81,0.001,0.58,0.26,0.022,Water Testing Kit,Agency_9,1,Safe,
Roing Village,Arunachal Pradesh,2023-10-23,WS_20467,Tube Well,26.442483,88.56477,5.93,87.737,2403.833,2666.0,1.8,103.0,17.8,0.37,0.99,0.79,0.035,IoT Sensor,Agency_1,0,High,180.0
Saitual Rural,Mizoram,2024-01-07,WS_95041,Pond,27.178834,88.307525,5.3,120.868,915.075,989.0,3.9,143.8,10.73,1.35,1.33,0.47,0.007,Water Testing Kit,Agency_6,0,High,
Saitual Rural,Mizoram,2023-11-11,WS_23008,River,25.337195,88.337248,5.5,31.175,885.388,4981.0,1.2,105.8,9.24,0.64,0.17,1.31,0.04,Water Testing Kit,Agency_2,0,High,
Kailashahar Village,Tripura,2023-07-26,WS_24732,River,25.040074,94.739219,8.1,2.335,59.017,20.0,8.7,3.7,2.84,0.004,1.5,0.25,0.024,IoT Sensor,Agency_5,1,Safe,
Aizawl Rural,Mizoram,2023-08-10,WS_73127,Well,27.514195,94.107178,7.71,4.001,5.958,23.0,7.1,36.0,2.07,0.027,0.42,1.24,0.039,Lab Analysis,Agency_2,1,Safe,72.0
Kiphire Village,Nagaland,2023-06-12,WS_69257,River,25.848789,90.406617,6.04,101.336,2125.522,1596.0,2.4,127.8,14.79,0.14,1.27,0.21,0.05,Lab Analysis,Agency_9,0,High,
Itanagar Rural,Arunachal Pradesh,2023-06-24,WS_67099,Pond,28.698113,94.279558,5.3,35.279,2224.652,1538.0,3.5,159.7,23.84,0.29,1.27,0.5,0.009,IoT Sensor,Agency_6,0,High,
Mangan Village,Sikkim,2023-04-09,WS_45938,River,23.240928,95.328533,6.09,32.66,1736.587,3976.0,2.3,79.0,17.6,1.72,1.52,0.75,0.02,Water Testing Kit,Agency_8,0,High,
Kolasib Rural,Mizoram,2023-08-07,WS_17934,Well,23.163455,93.725988,5.3,32.359,2225.268,4731.0,3.7,104.8,19.52,1.67,0.63,0.83,0.006,Lab Analysis,Agency_7,0,High,59.0
Rangpo Rural,Sikkim,2023-03-28,WS_89727,Piped Supply,25.696663,93.207191,7.48,6.796,3.337,10.0,5.1,7.4,0.36,0.023,0.74,0.39,0.02,IoT Sensor,Agency_8,0,Safe,
Dibrugarh Rural,Assam,2023-07-23,WS_64505,Spring,24.660378,96.203429,7.48,3.037,34.515,60.0,7.1,16.4,1.28,0.04,0.07,0.89,0.041,Water Testing Kit,Agency_9,1,Safe,
Gangtok Rural,Sikkim,2023-10-06,WS_37351,Well,26.01739,90.976101,6.48,7.923,34.471,17.0,6.7,16.9,2.51,0.006,0.55,0.26,0.015,Water Testing Kit,Agency_6,0,Safe,171.0
Teliamura Rural,Tripura,2024-02-21,WS_82206,River,23.87634,89.170975,8.57,4.906,15.475,34.0,8.4,36.6,2.22,0.006,0.97,0.04,0.021,IoT Sensor,Agency_5,1,Safe,
Williamnagar Village,Meghalaya,2023-11-27,WS_62766,River,28.258193,91.292721,7.07,8.268,40.74,51.0,7.4,41.3,1.03,0.012,0.39,0.76,0.006,IoT Sensor,Agency_3,0,Safe,
Roing Village,Arunachal Pradesh,2023-07-02,WS_66202,Tube Well,26.472722,90.960037,7.14,5.756,49.222,14.0,8.9,39.9,2.07,0.027,1.34,1.43,0.013,Lab Analysis,Agency_2,0,Safe,148.0
Senapati Rural,Manipur,2024-01-25,WS_27367,Piped Supply,24.258348,89.17189,6.96,3.682,53.424,70.0,8.6,31.9,0.35,0.036,0.68,0.41,0.046,IoT Sensor,Agency_9,1,Safe,
Thoubal Village,Manipur,2023-09-20,WS_58107,Well,28.580031,89.54747,7.99,3.888,50.917,31.0,7.3,10.5,1.69,0.046,0.39,0.18,0.013,Water Testing Kit,Agency_3,1,Safe,190.0
Silchar Village,Assam,2024-01-11,WS_37202,Pond,25.092831,90.788202,7.86,1.519,27.091,52.0,5.3,27.0,0.7,0.046,1.45,0.59,0.026,IoT Sensor,Agency_9,1,Safe,
Jorhat Village,Assam,2023-04-24,WS_13823,Well,23.933446,90.78957,7.91,8.705,57.582,84.0,6.7,36.1,2.33,0.012,1.81,0.49,0.014,IoT Sensor,Agency_2,0,Safe,50.0
Pakyong Village,Sikkim,2023-05-11,WS_86780,Well,24.918112,88.390165,7.78,8.77,53.663,5.0,8.9,12.0,1.09,0.004,1.54,0.08,0.011,Lab Analysis,Agency_7,0,Safe,64.0
Tamenglong Rural,Manipur,2023-12-05,WS_88480,Tube Well,28.078585,92.070014,7.99,9.975,1.403,16.0,6.4,35.4,1.76,0.046,1.22,0.8,0.018,Water Testing Kit,Agency_6,0,Safe,114.0
Zunheboto Village,Nagaland,2023-06-01,WS_94799,Piped Supply,28.316088,94.732638,6.98,2.48,57.097,49.0,6.4,6.1,1.18,0.021,1.32,0.31,0.03,Lab Analysis,Agency_3,1,Safe,
Nongpoh Village,Meghalaya,2023-09-21,WS_13536,Tube Well,25.266313,91.84774,7.47,8.292,45.064,13.0,5.3,25.6,2.53,0.038,0.84,0.64,0.007,Water Testing Kit,Agency_1,0,Safe,180.0
Phek Rural,Nagaland,2023-03-22,WS_52861,Piped Supply,23.734852,91.181721,7.97,7.179,19.206,37.0,8.8,12.0,1.26,0.033,0.25,0.98,0.036,IoT Sensor,Agency_4,0,Safe,
Udaipur Village,Tripura,2023-07-20,WS_99151,Piped Supply,25.204808,94.99877,7.64,0.224,14.154,3.0,6.8,32.5,2.81,0.001,0.58,0.26,0.022,Water Testing Kit,Agency_9,1,Safe,
Wokha Rural,Nagaland,2023-04-15,WS_21030,Well,26.662445,94.290689,7.17,6.749,9.275,84.0,5.4,14.5,1.11,0.012,1.24,0.57,0.005,IoT Sensor,Agency_8,0,Safe,168.0
Lunglei Village,Mizoram,2023-06-22,WS_90062,Spring,28.565982,88.271571,5.3,70.107,950.908,3954.0,3.0,60.3,15.9,0.74,0.21,0.58,0.044,Lab Analysis,Agency_4,0,High,
Serchhip Village,Mizoram,2023-10-06,WS_64811,Well,25.939028,88.276025,8.01,7.049,17.846,0.0,8.9,23.0,0.24,0.005,1.48,1.39,0.05,Water Testing Kit,Agency_7,0,Safe,158.0
Lawngtlai Village,Mizoram,2023-03-30,WS_67183,River,28.169047,91.731112,7.58,7.666,18.162,7.0,7.7,27.2,2.97,0.012,1.54,0.24,0.02,IoT Sensor,Agency_9,0,Safe,
Singtam Village,Sikkim,2023-10-18,WS_51152,Well,27.86806,92.444235,7.54,3.951,5.286,88.0,7.2,40.8,2.34,0.045,1.82,0.79,0.009,Lab Analysis,Agency_2,1,Safe,100.0
Serchhip Village,Mizoram,2024-03-03,WS_72595,Piped Supply,26.270051,92.204294,7.18,8.208,32.519,41.0,5.7,11.5,0.82,0.02,1.28,1.13,0.049,Water Testing Kit,Agency_1,0,Safe,
Imphal Rural,Manipur,2023-06-08,WS_50915,River,25.38196,90.421851,5.78,43.544,1926.863,2150.0,3.0,51.5,13.82,1.33,1.21,0.07,0.042,IoT Sensor,Agency_8,0,High,
Naharlagun Village,Arunachal Pradesh,2023-12-14,WS_53493,Piped Supply,23.274454,89.289385,7.17,6.37,29.979,68.0,5.9,38.4,2.55,0.025,1.43,0.21,0.021,Water Testing Kit,Agency_7,0,Safe,
Itanagar Rural,Arunachal Pradesh,2023-12-10,WS_81968,Well,27.490671,91.181931,5.3,21.099,2012.329,1103.0,1.4,168.2,19.25,0.21,0.7,0.9,0.004,Water Testing Kit,Agency_6,0,High,174.0
Nongpoh Village,Meghalaya,2023-07-12,WS_85528,Well,26.095193,91.741836,7.34,1.593,41.549,93.0,8.8,32.4,1.48,0.009,0.39,0.91,0.027,Water Testing Kit,Agency_6,1,Safe,42.0
Barpeta Village,Assam,2024-02-25,WS_52995,Well,26.20865,94.658734,8.25,1.404,42.997,25.0,5.8,13.7,0.51,0.026,0.4,0.83,0.039,Lab Analysis,Agency_1,1,Safe,90.0
Nongpoh Village,Meghalaya,2023-05-17,WS_42242,Piped Supply,28.004826,90.877381,6.88,9.643,50.826,47.0,5.8,30.7,0.29,0.016,0.87,0.43,0.002,Water Testing Kit,Agency_1,0,Safe,
Jorhat Village,Assam,2023-05-25,WS_85427,River,24.982175,94.172733,7.22,9.113,25.177,81.0,8.7,28.0,2.19,0.048,0.12,0.41,0.006,IoT Sensor,Agency_7,0,Safe,
Baghmara Rural,Meghalaya,2023-05-07,WS_54202,Pond,25.280739,95.736583,5.3,121.217,664.561,499.0,2.7,131.9,16.36,0.99,0.17,0.35,0.04,IoT Sensor,Agency_7,0,High,
Teliamura Rural,Tripura,2023-05-22,WS_28830,Piped Supply,25.087195,93.933434,6.51,5.162,28.674,1.0,8.3,4.7,0.34,0.002,0.11,1.29,0.016,IoT Sensor,Agency_9,1,Safe,
Gangtok Rural,Sikkim,2023-05-25,WS_11500,Well,23.261961,88.288778,8.8,7.575,55.62,3.0,6.5,25.0,0.45,0.042,1.37,0.04,0.045,IoT Sensor,Agency_6,0,Safe,154.0
Kailashahar Village,Tripura,2023-07-16,WS_27861,Well,25.270596,90.03451,6.3,6.711,58.687,36.0,6.6,32.7,2.43,0.05,0.81,0.79,0.016,Water Testing Kit,Agency_4,0,Safe,145.0
Tamenglong Rural,Manipur,2023-03-03,WS_75861,River,24.56227,88.662672,8.25,6.932,1.44,90.0,7.3,41.4,2.89,0.023,0.9,1.03,0.049,Lab Analysis,Agency_4,0,Safe,
Churachandpur Village,Manipur,2024-01-18,WS_12828,Well,24.212273,94.661083,7.51,7.087,12.263,59.0,8.2,32.3,0.95,0.031,0.67,1.43,0.04,Water Testing Kit,Agency_8,0,Safe,126.0
Pasighat Rural,Arunachal Pradesh,2023-07-11,WS_12533,Pond,28.748586,89.850342,5.9,37.414,498.656,3117.0,3.0,62.5,5.66,0.38,1.3,0.65,0.006,Lab Analysis,Agency_2,0,High,
Senapati Rural,Manipur,2024-01-24,WS_97417,Pond,23.640418,94.978401,8.3,4.697,26.055,32.0,7.8,18.8,1.95,0.021,1.4,1.23,0.007,IoT Sensor,Agency_6,1,Safe,
Gangtok Rural,Sikkim,2023-09-20,WS_10592,River,26.080598,91.399456,5.46,85.757,1826.42,2876.0,3.5,126.5,14.46,0.68,1.95,1.38,0.038,IoT Sensor,Agency_7,0,High,
Jowai Rural,Meghalaya,2023-04-16,WS_67359,Pond,27.422185,95.066727,5.3,81.792,2001.034,3150.0,3.9,142.0,9.51,1.03,1.87,0.6,0.013,Lab Analysis,Agency_5,0,High,
Jowai Rural,Meghalaya,2023-10-24,WS_48542,Piped Supply,24.296017,90.473356,7.61,4.546,4.731,84.0,5.3,16.2,2.96,0.021,0.41,1.1,0.048,Lab Analysis,Agency_8,1,Safe,
Roing Village,Arunachal Pradesh,2023-11-13,WS_45887,River,23.336462,88.412521,5.6,73.146,1531.429,2328.0,1.0,120.8,11.95,1.16,1.44,0.77,0.007,IoT Sensor,Agency_7,0,High,
Resubelpara Rural,Meghalaya,2023-12-05,WS_93370,Tube Well,27.88507,91.785254,7.6,3.503,36.671,62.0,7.7,17.2,1.25,0.046,0.17,0.49,0.004,IoT Sensor,Agency_4,1,Safe,47.0
Jorhat Village,Assam,2023-04-22,WS_89221,Piped Supply,28.686467,92.270064,8.22,4.804,26.661,82.0,5.4,10.1,1.33,0.004,1.85,0.66,0.041,Lab Analysis,Agency_4,1,Safe,
Nongpoh Village,Meghalaya,2023-09-01,WS_68782,Tube Well,25.181139,88.223738,5.3,112.773,1379.805,2881.0,3.8,155.0,21.54,1.56,1.33,1.04,0.05,Water Testing Kit,Agency_7,0,High,107.0
Tezpur Rural,Assam,2023-12-24,WS_93519,Well,24.948616,91.618015,8.03,0.47,20.459,37.0,8.5,3.9,2.31,0.049,1.57,1.39,0.022,IoT Sensor,Agency_3,1,Safe,64.0
Tezpur Village,Arunachal Pradesh,2023-07-04,WS_27204,Well,24.8266,95.003807,5.36,66.514,230.22,646.0,1.3,150.3,11.0,1.17,1.65,1.48,0.037,IoT Sensor,Agency_5,0,High,27.0
Dimapur Village,Nagaland,2023-12-09,WS_54316,Tube Well,26.654878,90.868352,7.58,5.453,30.382,77.0,6.8,13.9,0.13,0.004,1.28,0.15,0.048,IoT Sensor,Agency_9,1,Safe,21.0
Udaipur Village,Tripura,2023-03-16,WS_47340,Well,24.586798,93.779609,6.21,4.06,47.334,71.0,7.5,13.3,2.21,0.029,0.64,1.02,0.039,Lab Analysis,Agency_9,1,Safe,116.0
Agartala Rural,Tripura,2023-09-07,WS_69597,Well,24.303032,94.658017,7.6,5.856,10.189,46.0,6.4,19.7,0.89,0.007,0.15,0.83,0.015,Water Testing Kit,Agency_7,0,Safe,75.0
Nongpoh Village,Meghalaya,2023-06-08,WS_98352,River,27.411609,88.771607,6.27,66.455,1010.994,668.0,2.4,165.5,19.34,1.04,0.4,1.32,0.015,Water Testing Kit,Agency_6,0,High,
Gyalshing Rural,Sikkim,2023-04-26,WS_19216,Pond,25.636568,96.637342,5.3,78.106,2505.536,1671.0,4.0,87.4,14.45,0.75,0.22,0.48,0.012,IoT Sensor,Agency_9,0,High,
Pakyong Village,Sikkim,2023-09-22,WS_63404,Tube Well,28.175463,93.836141,7.06,3.873,6.264,58.0,5.3,20.1,1.7,0.011,0.87,0.25,0.04,Water Testing Kit,Agency_8,1,Safe,184.0
Roing Village,Arunachal Pradesh,2023-10-19,WS_38873,Well,24.75646,89.75736,7.74,8.809,42.002,47.0,5.4,30.6,2.24,0.02,1.74,0.22,0.027,Water Testing Kit,Agency_3,0,Safe,58.0
Jiribam Village,Manipur,2023-04-08,WS_46370,Tube Well,26.515475,89.819279,7.71,3.312,65.974,8.0,7.7,5.1,1.6,0.045,0.02,0.47,0.021,IoT Sensor,Agency_3,1,Safe,93.0
Nongpoh Village,Meghalaya,2023-11-24,WS_17930,Pond,28.515934,91.631187,6.64,5.374,62.964,2.0,5.3,40.9,2.21,0.027,1.28,1.24,0.023,Water Testing Kit,Agency_5,1,Safe,
Mokokchung Rural,Nagaland,2023-10-20,WS_11308,Pond,28.386036,90.590517,8.06,2.067,55.877,2.0,7.5,37.9,0.39,0.002,1.04,0.71,0.035,Lab Analysis,Agency_6,1,Safe,
Nongpoh Village,Meghalaya,2023-07-14,WS_43354,Pond,25.364382,88.649133,7.27,7.143,13.564,48.0,6.5,11.0,1.79,0.027,1.06,0.48,0.02,Water Testing Kit,Agency_7,0,Safe,
Pakyong Village,Sikkim,2024-04-01,WS_97417,Piped Supply,24.262737,95.300711,8.83,0.391,5.988,48.0,7.6,11.6,0.77,0.002,1.78,0.1,0.048,IoT Sensor,Agency_8,1,Safe,
Shillong Rural,Meghalaya,2023-06-17,WS_62273,Spring,27.537224,90.160572,8.05,4.859,44.229,42.0,6.4,40.3,2.72,0.034,0.74,0.37,0.002,Lab Analysis,Agency_1,1,Safe,
Tuensang Village,Nagaland,2023-10-03,WS_64706,Tube Well,23.741126,88.595993,6.02,21.694,2803.418,2720.0,1.9,140.9,10.68,0.3,1.5,1.01,0.006,IoT Sensor,Agency_8,0,High,108.0
Jorhat Village,Assam,2023-05-03,WS_90074,Well,24.12029,88.100443,5.64,32.786,2295.902,4918.0,2.4,67.3,16.66,1.19,0.85,0.79,0.038,IoT Sensor,Agency_5,0,High,37.0
Guwahati Rural,Assam,2023-08-03,WS_56887,River,24.140557,96.049965,7.17,6.695,58.737,84.0,6.0,25.7,0.08,0.04,0.43,1.08,0.041,IoT Sensor,Agency_1,0,Safe,
Jowai Rural,Meghalaya,2023-02-25,WS_49475,Piped Supply,23.536379,95.729602,5.3,65.8,335.878,4708.0,3.0,163.0,9.58,1.04,0.79,0.2,0.032,IoT Sensor,Agency_5,0,High,
Singtam Village,Sikkim,2024-03-05,WS_62993,Well,24.755958,90.577254,8.78,10.037,62.526,72.0,8.5,18.5,1.03,0.05,1.57,0.19,0.047,Lab Analysis,Agency_7,0,Safe,15.0
Ukhrul Village,Manipur,2023-04-09,WS_76514,Piped Supply,24.631768,91.025532,7.64,0.666,38.41,52.0,6.8,25.6,2.02,0.002,0.49,1.39,0.033,Water Testing Kit,Agency_8,1,Safe,
Belonia Rural,Tripura,2023-09-01,WS_47606,Tube Well,28.446137,92.111842,6.85,9.312,41.155,61.0,7.3,21.3,0.77,0.031,1.52,1.0,0.047,Water Testing Kit,Agency_5,0,Safe,135.0
Roing Village,Arunachal Pradesh,2023-11-14,WS_49084,Well,26.710521,90.011458,5.3,51.936,1862.516,1472.0,1.5,137.2,20.22,0.24,1.14,0.46,0.026,Water Testing Kit,Agency_2,0,High,45.0
Guwahati Rural,Assam,2023-07-17,WS_48297,Well,24.624393,96.627739,5.3,81.613,1018.665,2950.0,1.9,158.9,5.94,1.98,0.04,0.57,0.005,Water Testing Kit,Agency_8,0,High,25.0
Kiphire Village,Nagaland,2023-06-25,WS_39447,Tube Well,25.870534,88.487121,5.3,85.415,1723.203,2839.0,1.2,166.5,16.96,1.37,1.47,0.7,0.005,IoT Sensor,Agency_4,0,High,93.0
Jorhat Village,Assam,2023-08-09,WS_51133,Well,26.451092,92.531302,7.19,6.471,35.595,80.0,5.1,42.1,2.49,0.042,1.57,0.94,0.004,Water Testing Kit,Agency_9,0,Safe,78.0
Karimganj Village,Assam,2023-10-24,WS_77169,Piped Supply,25.756448,90.252901,6.88,5.705,59.221,56.0,8.2,40.2,0.23,0.029,0.33,0.77,0.042,Lab Analysis,Agency_3,0,Safe,
Tezpur Village,Arunachal Pradesh,2024-01-16,WS_42993,Piped Supply,25.681908,93.400586,8.33,2.688,35.983,3.0,8.6,30.8,0.83,0.034,0.42,1.11,0.029,IoT Sensor,Agency_5,1,Safe,
Pakyong Village,Sikkim,2023-05-13,WS_99243,Tube Well,28.963424,96.94984,6.91,1.198,67.144,10.0,5.6,26.9,0.57,0.011,0.88,0.36,0.009,IoT Sensor,Agency_2,1,Safe,111.0
Lunglei Village,Mizoram,2023-03-09,WS_91949,River,23.066331,94.220282,5.3,83.806,2148.155,3582.0,1.2,71.4,13.92,1.49,1.23,0.01,0.002,IoT Sensor,Agency_5,0,High,
Khliehriat Village,Meghalaya,2023-05-14,WS_80781,Well,25.97645,89.820144,6.58,10.166,1.49,68.0,5.6,34.7,1.48,0.045,0.53,1.08,0.016,Water Testing Kit,Agency_8,0,Safe,90.0
Naharlagun Village,Arunachal Pradesh,2023-08-06,WS_87635,Well,25.578955,89.902323,6.05,102.576,271.336,2796.0,2.9,196.0,19.33,1.31,1.1,1.29,0.045,Lab Analysis,Agency_7,0,High,66.0
Hnahthial Village,Mizoram,2023-11-30,WS_83952,River,26.92708,94.169512,5.99,109.301,1329.379,4392.0,1.5,61.6,21.28,1.95,1.14,0.38,0.004,IoT Sensor,Agency_2,0,High,
Mokokchung Rural,Nagaland,2023-12-13,WS_17621,River,25.821889,94.589916,5.3,78.115,2212.103,4297.0,1.4,70.1,8.68,1.23,0.14,0.45,0.016,IoT Sensor,Agency_2,0,High,
Jorethang Rural,Sikkim,2024-01-14,WS_20430,Pond,27.240035,90.079429,5.96,30.538,1695.078,351.0,2.6,58.5,19.16,1.23,0.19,0.6,0.035,Water Testing Kit,Agency_9,0,High,
Pakyong Village,Sikkim,2023-10-29,WS_17550,Piped Supply,27.558331,92.6676,7.55,3.601,29.838,95.0,7.1,17.9,2.12,0.004,1.44,1.41,0.027,IoT Sensor,Agency_6,1,Safe,
Mokokchung Rural,Nagaland,2023-07-12,WS_67427,River,25.24159,88.271535,8.84,5.292,31.762,19.0,6.5,35.3,2.89,0.03,0.0,1.34,0.037,Water Testing Kit,Agency_3,1,Safe,
Zunheboto Village,Nagaland,2023-06-25,WS_64469,Pond,26.65289,88.424479,6.86,2.945,33.205,54.0,7.4,35.9,0.49,0.011,1.76,0.3,0.007,Lab Analysis,Agency_2,1,Safe,
Jowai Rural,Meghalaya,2023-07-03,WS_97426,Piped Supply,26.501383,89.87282,6.74,6.687,37.271,39.0,5.9,15.3,1.6,0.037,0.4,0.89,0.033,Water Testing Kit,Agency_8,0,Safe,
Ziro Village,Arunachal Pradesh,2024-01-23,WS_49437,River,28.819213,96.851426,8.2,3.087,38.755,62.0,5.9,5.8,0.49,0.001,0.69,0.22,0.009,Water Testing Kit,Agency_6,1,Safe,
Agartala Rural,Tripura,2024-02-08,WS_93071,Well,28.790696,93.084739,6.59,8.26,45.532,25.0,5.6,5.6,1.53,0.013,1.23,1.4,0.029,Lab Analysis,Agency_4,0,Safe,42.0
Imphal Rural,Manipur,2023-10-07,WS_91803,Well,23.026018,96.541342,8.39,2.683,21.464,32.0,7.1,21.1,2.66,0.025,0.04,0.13,0.011,IoT Sensor,Agency_4,1,Safe,174.0
Baghmara Rural,Meghalaya,2023-04-19,WS_79566,Piped Supply,25.17389,89.566645,7.52,3.421,4.219,20.0,5.3,22.9,1.87,0.019,1.85,0.62,0.013,Water Testing Kit,Agency_8,1,Safe,
Lawngtlai Village,Mizoram,2023-08-02,WS_58067,Piped Supply,25.768606,92.07989,7.81,1.19,9.744,38.0,7.0,10.1,1.36,0.007,0.86,0.81,0.05,IoT Sensor,Agency_6,1,Safe,
Kolasib Rural,Mizoram,2023-08-31,WS_42463,River,25.840146,91.289334,5.3,108.249,1872.089,3490.0,3.5,65.4,14.48,0.26,0.32,1.07,0.045,IoT Sensor,Agency_1,0,High,
Imphal Rural,Manipur,2023-04-29,WS_44645,Piped Supply,27.407595,90.472106,6.29,2.942,20.047,81.0,8.0,3.8,0.98,0.013,1.74,0.33,0.024,Water Testing Kit,Agency_6,1,Safe,
Tawang Rural,Arunachal Pradesh,2023-05-30,WS_27304,Piped Supply,27.508513,96.230152,6.0,59.588,634.157,2156.0,3.1,91.3,8.47,1.5,1.83,1.15,0.046,Lab Analysis,Agency_2,0,High,
Hnahthial Village,Mizoram,2023-09-01,WS_76415,Well,27.181261,93.4193,7.85,6.467,15.092,40.0,6.0,3.1,0.61,0.05,1.49,0.98,0.011,IoT Sensor,Agency_1,0,Safe,29.0
Resubelpara Rural,Meghalaya,2023-02-18,WS_73163,Tube Well,23.329248,91.777309,7.41,0.123,5.178,74.0,6.3,6.7,1.29,0.002,1.17,1.15,0.004,Water Testing Kit,Agency_2,1,Safe,63.0
Aizawl Rural,Mizoram,2023-03-31,WS_70385,Piped Supply,24.304507,88.006007,6.84,3.722,2.968,58.0,6.3,17.1,1.73,0.029,2.0,0.63,0.014,Water Testing Kit,Agency_5,1,Safe,
Kohima Rural,Nagaland,2023-05-04,WS_53710,Well,26.310695,89.599896,7.93,3.475,18.224,48.0,6.2,22.9,0.93,0.021,0.48,0.28,0.029,Lab Analysis,Agency_3,1,Safe,148.0
Gyalshing Rural,Sikkim,2023-04-08,WS_90899,Spring,23.665709,93.850573,8.46,8.138,16.901,33.0,6.3,19.6,0.19,0.04,1.65,0.18,0.003,IoT Sensor,Agency_9,0,Safe,
Nongpoh Village,Meghalaya,2023-08-11,WS_96083,Well,24.499531,94.249255,5.3,97.729,1687.005,3963.0,2.0,143.4,19.16,0.72,1.64,1.45,0.031,Water Testing Kit,Agency_8,0,High,111.0
Gangtok Rural,Sikkim,2023-10-11,WS_37351,Well,26.01739,90.976101,6.54,9.355,39.39,17.0,6.7,16.9,2.51,0.006,0.55,0.26,0.015,Water Testing Kit,Agency_6,0,Safe,171.0
Jiribam Village,Manipur,2023-09-16,WS_21276,Piped Supply,28.005292,89.853436,8.02,2.586,55.111,63.0,5.5,25.5,2.69,0.014,1.22,0.79,0.027,Water Testing Kit,Agency_7,1,Safe,
Senapati Rural,Manipur,2023-05-24,WS_53620,Well,23.821502,93.607398,6.87,9.361,71.513,57.0,6.9,34.1,2.75,0.012,0.7,1.33,0.017,IoT Sensor,Agency_9,0,Safe,95.0
Kailashahar Village,Tripura,2023-03-13,WS_26636,Piped Supply,25.384116,90.364148,6.47,108.994,692.872,2691.0,2.5,100.1,20.19,1.35,1.09,0.86,0.038,Lab Analysis,Agency_3,0,High,
Bishnupur Rural,Manipur,2023-05-22,WS_70264,Pond,25.967651,92.876941,8.77,2.99,43.237,83.0,6.3,7.6,1.77,0.014,0.21,0.51,0.031,Water Testing Kit,Agency_5,1,Safe,
Naharlagun Village,Arunachal Pradesh,2023-11-20,WS_51938,Pond,24.519828,96.211555,5.39,74.025,1667.059,318.0,2.8,144.5,17.86,1.29,0.18,0.96,0.028,Lab Analysis,Agency_1,0,High,
Jorethang Rural,Sikkim,2023-09-01,WS_91603,River,24.76271,94.076212,5.4,125.446,1425.476,243.0,3.1,137.5,8.16,1.45,1.72,1.13,0.031,IoT Sensor,Agency_8,0,High,
Serchhip Village,Mizoram,2023-11-11,WS_33617,Piped Supply,24.262384,96.908211,8.41,1.244,27.075,58.0,7.7,4.1,2.07,0.047,1.57,0.23,0.024,Water Testing Kit,Agency_7,1,Safe,
Lunglei Village,Mizoram,2023-11-08,WS_62402,Well,27.313009,89.939083,8.57,4.057,15.266,2.0,8.4,6.6,0.13,0.024,1.55,0.44,0.013,IoT Sensor,Agency_8,1,Safe,160.0
Wokha Rural,Nagaland,2023-06-28,WS_25387,Pond,25.336314,96.454323,8.34,5.836,63.01,5.0,8.1,6.5,1.02,0.036,1.48,1.04,0.021,IoT Sensor,Agency_6,0,Safe,
Pasighat Rural,Arunachal Pradesh,2023-04-19,WS_25456,Spring,23.426168,96.294463,8.5,8.449,37.588,20.0,8.0,0.3,0.27,0.014,0.02,1.1,0.047,IoT Sensor,Agency_9,0,Safe,
Gyalshing Rural,Sikkim,2023-10-01,WS_34845,River,27.822282,91.234782,5.3,48.151,625.661,2381.0,3.6,197.5,11.25,1.95,0.42,0.41,0.042,Water Testing Kit,Agency_6,0,High,
Dibrugarh Rural,Assam,2023-09-14,WS_19319,Tube Well,27.714422,91.45469,6.62,6.521,44.879,69.0,5.3,31.4,1.81,0.043,1.77,1.1,0.03,IoT Sensor,Agency_4,0,Safe,159.0
Serchhip Village,Mizoram,2023-11-13,WS_25745,Piped Supply,26.133234,90.577747,7.3,5.316,42.744,49.0,5.7,13.2,0.08,0.034,1.51,0.64,0.033,IoT Sensor,Agency_5,1,Safe,
Gyalshing Rural,Sikkim,2023-08-18,WS_76116,Well,28.475543,91.83957,8.53,6.99,21.973,12.0,8.9,3.2,2.93,0.015,1.7,0.36,0.023,Lab Analysis,Agency_1,0,Safe,141.0
Jorhat Village,Assam,2023-11-30,WS_20425,Piped Supply,28.378315,88.303734,7.29,6.598,1.411,86.0,8.5,22.7,0.05,0.019,1.75,1.19,0.026,Water Testing Kit,Agency_5,0,Safe,
Jorethang Rural,Sikkim,2023-07-04,WS_91603,River,24.76271,94.076212,5.3,119.28,1407.106,243.0,3.1,137.5,8.16,1.45,1.72,1.13,0.031,IoT Sensor,Agency_8,0,High,
Saitual Rural,Mizoram,2023-05-02,WS_58570,Well,26.421909,95.279153,7.03,1.73,69.014,56.0,6.2,43.3,2.12,0.027,1.0,0.63,0.017,IoT Sensor,Agency_4,1,Safe,17.0
Guwahati Rural,Assam,2023-03-23,WS_22693,Tube Well,25.759427,88.173136,8.65,2.568,47.224,2.0,6.5,3.6,1.1,0.019,0.81,0.43,0.005,IoT Sensor,Agency_9,1,Safe,119.0
Dimapur Village,Nagaland,2023-08-21,WS_33553,Piped Supply,25.032271,90.414561,8.31,4.417,60.398,98.0,7.7,11.7,0.81,0.038,1.57,0.42,0.014,IoT Sensor,Agency_6,1,Safe,
Khliehriat Village,Meghalaya,2023-09-14,WS_56254,Tube Well,26.519878,96.061292,7.2,4.652,16.126,96.0,6.4,17.1,1.41,0.011,1.23,0.73,0.036,IoT Sensor,Agency_8,1,Safe,176.0
Jorethang Rural,Sikkim,2023-05-09,WS_18884,Piped Supply,23.629628,91.066344,5.34,91.258,2518.437,3820.0,2.3,157.8,15.75,1.65,0.38,0.95,0.033,Water Testing Kit,Agency_5,0,High,
Imphal Rural,Manipur,2023-03-31,WS_65571,Tube Well,26.659427,91.200364,6.92,4.682,16.868,71.0,7.2,15.3,0.99,0.006,1.67,0.73,0.04,IoT Sensor,Agency_5,1,Safe,140.0
Churachandpur Village,Manipur,2023-06-16,WS_88598,River,27.697826,91.969571,6.61,8.546,9.7,63.0,7.4,13.7,1.29,0.006,0.87,0.79,0.004,IoT Sensor,Agency_6,0,Safe,
Tamenglong Rural,Manipur,2023-08-10,WS_50223,Well,23.840267,96.650519,7.69,4.451,38.106,76.0,7.8,29.6,2.15,0.039,1.22,0.01,0.04,IoT Sensor,Agency_1,1,Safe,100.0
Amarpur Village,Tripura,2023-07-30,WS_99040,Well,24.272284,91.745345,6.64,6.917,65.396,48.0,8.6,37.8,2.38,0.008,1.42,0.51,0.043,IoT Sensor,Agency_4,0,Safe,156.0
Naharlagun Village,Arunachal Pradesh,2023-08-14,WS_76679,Piped Supply,26.715865,89.077452,8.62,2.482,63.587,81.0,7.5,3.4,0.78,0.042,1.37,0.89,0.029,Water Testing Kit,Agency_5,1,Safe,
Resubelpara Rural,Meghalaya,2023-05-04,WS_54964,Piped Supply,25.878814,95.980806,6.51,64.869,977.494,2894.0,3.1,91.0,10.82,0.99,0.82,0.3,0.02,Water Testing Kit,Agency_5,0,High,
Tura Village,Meghalaya,2024-02-08,WS_91820,Pond,26.367577,93.510097,8.3,4.415,6.812,51.0,7.6,27.0,2.69,0.046,0.36,0.42,0.006,Water Testing Kit,Agency_1,1,Safe,
Imphal Rural,Manipur,2023-02-20,WS_99622,Tube Well,25.509407,89.640601,7.1,8.54,23.962,82.0,5.6,41.0,1.45,0.009,1.82,0.83,0.04,Water Testing Kit,Agency_7,0,Safe,41.0
Kohima Rural,Nagaland,2023-12-12,WS_90333,Tube Well,28.798705,91.028444,7.17,4.636,15.685,27.0,5.3,29.3,2.74,0.034,0.86,0.43,0.001,Water Testing Kit,Agency_6,1,Safe,40.0
Belonia Rural,Tripura,2023-09-09,WS_80629,River,26.476166,94.206499,6.63,7.83,4.913,11.0,7.5,9.2,0.69,0.044,0.03,1.31,0.018,IoT Sensor,Agency_4,0,Safe,
Singtam Village,Sikkim,2023-08-12,WS_51152,Well,27.86806,92.444235,7.17,4.412,5.871,88.0,7.2,40.8,2.34,0.045,1.82,0.79,0.009,Lab Analysis,Agency_2,1,Safe,100.0
Williamnagar Village,Meghalaya,2023-09-03,WS_90502,Well,24.172777,88.419916,7.12,4.782,19.22,64.0,8.4,28.8,0.53,0.012,0.21,0.85,0.01,Water Testing Kit,Agency_2,1,Safe,76.0
Shillong Rural,Meghalaya,2023-08-23,WS_81564,Piped Supply,28.057121,89.889679,6.7,2.256,24.06,21.0,8.2,27.3,0.59,0.039,1.38,0.6,0.037,Water Testing Kit,Agency_4,1,Safe,
Jowai Rural,Meghalaya,2024-01-23,WS_44585,River,27.054067,88.395677,7.67,0.946,33.479,35.0,8.3,15.8,1.4,0.011,1.12,1.23,0.047,IoT Sensor,Agency_5,1,Safe,
Tawang Rural,Arunachal Pradesh,2023-10-04,WS_56698,Well,28.32656,93.676121,5.3,57.941,2033.427,2953.0,3.4,97.9,7.81,1.63,1.05,0.75,0.031,Water Testing Kit,Agency_2,0,High,101.0
Senapati Rural,Manipur,2023-05-23,WS_42171,Spring,26.748568,96.576955,6.96,9.279,17.307,56.0,8.1,15.5,1.67,0.023,0.22,1.11,0.007,Water Testing Kit,Agency_9,0,Safe,
Phek Rural,Nagaland,2023-04-17,WS_52861,Piped Supply,23.734852,91.181721,7.69,8.349,22.536,37.0,8.8,12.0,1.26,0.033,0.25,0.98,0.036,IoT Sensor,Agency_4,0,Safe,
Pakyong Village,Sikkim,2023-07-11,WS_53828,Pond,23.048362,96.365714,8.06,0.758,49.141,18.0,5.2,10.0,0.26,0.031,0.97,1.48,0.023,Water Testing Kit,Agency_7,1,Safe,
Saitual Rural,Mizoram,2023-12-25,WS_39749,Spring,28.753805,91.460949,8.07,6.071,30.256,82.0,5.1,19.2,2.64,0.004,1.5,0.94,0.025,IoT Sensor,Agency_8,0,Safe,
Serchhip Village,Mizoram,2024-03-06,WS_91517,River,24.605447,89.982949,7.13,0.394,57.224,27.0,7.7,29.6,0.43,0.008,0.63,0.81,0.003,Water Testing Kit,Agency_1,1,Safe,
Nagaon Rural,Assam,2024-02-17,WS_84953,Spring,24.72023,93.944368,7.97,2.611,54.371,11.0,9.0,4.8,1.31,0.041,0.42,0.74,0.042,Lab Analysis,Agency_6,1,Safe,
Roing Village,Arunachal Pradesh,2023-04-14,WS_47807,Well,25.189671,88.516495,8.35,3.773,30.354,81.0,8.7,43.7,2.48,0.025,1.91,0.6,0.021,IoT Sensor,Agency_9,1,Safe,67.0
Gyalshing Rural,Sikkim,2023-08-25,WS_88853,Piped Supply,28.175031,90.446369,6.37,58.099,2447.222,4903.0,3.4,116.0,14.25,1.91,1.87,0.36,0.037,Water Testing Kit,Agency_9,0,High,
Tuensang Village,Nagaland,2023-08-03,WS_76285,Well,27.146203,88.584604,7.6,10.663,11.136,23.0,7.6,43.6,2.2,0.006,1.78,0.63,0.009,Water Testing Kit,Agency_4,0,Safe,120.0
Kiphire Village,Nagaland,2023-11-03,WS_15536,Pond,27.061891,92.434086,6.47,42.615,2289.495,4294.0,2.0,81.6,13.53,1.87,0.78,0.52,0.029,Lab Analysis,Agency_6,0,High,
Williamnagar Village,Meghalaya,2023-05-24,WS_58377,Tube Well,26.233518,89.569596,7.52,3.984,59.318,65.0,5.1,0.7,2.03,0.006,0.49,0.66,0.033,Water Testing Kit,Agency_3,1,Safe,27.0
Resubelpara Rural,Meghalaya,2023-12-06,WS_50842,Tube Well,28.574848,93.382959,6.78,6.032,57.234,40.0,5.2,5.6,1.15,0.025,0.98,1.11,0.047,IoT Sensor,Agency_1,0,Safe,94.0
Barpeta Village,Assam,2023-10-18,WS_21472,Tube Well,24.393056,91.013454,6.94,7.255,16.105,23.0,8.9,4.5,1.14,0.028,0.42,1.48,0.046,IoT Sensor,Agency_9,0,Safe,91.0
Teliamura Rural,Tripura,2023-11-17,WS_22682,Well,24.316954,95.347755,8.13,1.694,10.905,18.0,7.4,1.3,1.76,0.041,1.91,0.28,0.046,Water Testing Kit,Agency_1,1,Safe,14.0
Silchar Village,Assam,2023-12-31,WS_34440,River,25.170892,90.801965,6.04,57.571,2135.842,1415.0,2.4,156.2,9.9,0.53,1.47,0.4,0.038,Water Testing Kit,Agency_3,0,High,
Dharmanagar Rural,Tripura,2023-09-18,WS_67560,Tube Well,25.96247,93.537502,7.69,1.421,42.064,65.0,5.4,35.2,0.1,0.049,1.49,0.12,0.005,Lab Analysis,Agency_2,1,Safe,183.0
Ukhrul Village,Manipur,2023-05-31,WS_92605,Well,23.446623,93.523657,7.18,5.004,44.071,85.0,8.8,16.5,1.27,0.008,1.93,1.18,0.0,IoT Sensor,Agency_6,1,Safe,91.0
Jorethang Rural,Sikkim,2023-09-13,WS_47777,Spring,25.057198,88.92656,5.78,27.293,2302.296,4786.0,2.5,194.0,20.32,1.42,1.58,0.25,0.048,Water Testing Kit,Agency_5,0,High,
Baghmara Rural,Meghalaya,2023-05-07,WS_78794,River,27.14909,96.74089,5.99,74.628,1682.56,4266.0,3.3,130.3,12.1,0.95,0.91,1.5,0.009,IoT Sensor,Agency_1,0,High,
Guwahati Rural,Assam,2023-04-28,WS_52033,Tube Well,27.707941,94.23956,6.43,1.372,0.0,87.0,5.3,4.9,0.68,0.046,1.49,0.11,0.029,Water Testing Kit,Agency_3,1,Safe,24.0
Lawngtlai Village,Mizoram,2023-11-25,WS_12582,Tube Well,24.756321,88.4181,5.39,82.322,265.396,546.0,3.2,188.0,16.84,0.17,0.75,0.21,0.04,Water Testing Kit,Agency_5,0,High,102.0
Champhai Rural,Mizoram,2024-01-13,WS_85631,Tube Well,27.182398,90.014894,6.84,7.467,4.608,36.0,8.7,18.7,2.59,0.028,1.15,0.59,0.034,IoT Sensor,Agency_8,0,Safe,120.0
Jowai Rural,Meghalaya,2023-06-24,WS_65019,Tube Well,27.810119,92.360894,8.09,6.606,15.99,27.0,8.2,8.3,0.33,0.001,0.51,0.9,0.004,IoT Sensor,Agency_4,0,Safe,117.0
Amarpur Village,Tripura,2023-08-26,WS_17897,Pond,28.411826,96.156194,7.36,3.079,59.205,96.0,8.2,26.1,2.65,0.03,1.25,0.76,0.039,IoT Sensor,Agency_1,1,Safe,
Gangtok Rural,Sikkim,2023-11-26,WS_56859,Well,24.28076,88.214811,7.99,6.581,32.558,13.0,7.6,27.1,1.38,0.012,1.21,0.98,0.046,IoT Sensor,Agency_3,0,Safe,39.0
Naharlagun Village,Arunachal Pradesh,2023-08-20,WS_80930,Tube Well,25.027932,92.041661,5.3,86.697,911.234,3344.0,1.3,195.9,15.03,1.75,0.47,0.13,0.026,Water Testing Kit,Agency_1,0,High,70.0
Phek Rural,Nagaland,2023-09-23,WS_89530,Pond,28.253844,95.21829,7.29,9.264,11.924,7.0,5.4,43.7,0.27,0.033,0.82,1.04,0.041,Water Testing Kit,Agency_2,0,Safe,
Serchhip Village,Mizoram,2023-11-02,WS_25745,Piped Supply,26.133234,90.577747,6.91,4.802,36.418,49.0,5.7,13.2,0.08,0.034,1.51,0.64,0.033,IoT Sensor,Agency_5,1,Safe,
Phek Rural,Nagaland,2024-02-15,WS_99541,Tube Well,23.594969,92.001653,8.04,4.516,28.072,60.0,5.9,7.0,0.34,0.048,0.29,0.25,0.023,Water Testing Kit,Agency_8,1,Safe,98.0
Belonia Rural,Tripura,2023-08-17,WS_67523,Piped Supply,23.68941,89.322069,5.3,84.748,680.742,677.0,2.6,73.0,20.76,1.73,1.91,1.22,0.047,IoT Sensor,Agency_9,0,High,
Teliamura Rural,Tripura,2023-06-30,WS_59377,Well,25.60413,93.123926,8.02,6.536,63.276,75.0,5.6,11.3,1.39,0.02,0.32,0.48,0.035,Water Testing Kit,Agency_3,0,Safe,26.0
Singtam Village,Sikkim,2023-09-15,WS_61497,River,24.747786,96.321917,5.3,93.072,1895.948,1527.0,1.8,147.4,8.05,1.95,1.15,0.51,0.023,Lab Analysis,Agency_8,0,High,
Dimapur Village,Nagaland,2023-08-31,WS_29024,Piped Supply,27.728731,94.075241,6.04,122.201,379.601,4876.0,1.8,96.3,5.9,1.05,0.23,0.11,0.025,Lab Analysis,Agency_4,0,High,
Bishnupur Rural,Manipur,2023-10-30,WS_97017,Tube Well,24.003528,90.742694,6.65,2.549,48.529,67.0,8.1,39.3,0.82,0.049,1.91,0.13,0.012,Water Testing Kit,Agency_7,1,Safe,185.0
Pasighat Rural,Arunachal Pradesh,2023-10-08,WS_28714,Pond,23.354478,93.929055,5.3,49.086,2129.596,2666.0,1.6,175.3,10.39,1.63,1.03,1.22,0.049,IoT Sensor,Agency_3,0,High,
Roing Village,Arunachal Pradesh,2023-06-28,WS_58534,Piped Supply,26.199616,93.752226,7.87,5.764,39.296,4.0,6.8,24.8,2.0,0.015,1.03,1.01,0.045,Water Testing Kit,Agency_9,0,Safe,
Serchhip Village,Mizoram,2023-04-16,WS_84039,Tube Well,26.81501,89.818183,7.55,0.721,45.776,60.0,7.9,32.3,1.33,0.01,0.82,0.41,0.018,Lab Analysis,Agency_8,1,Safe,74.0
Gyalshing Rural,Sikkim,2024-02-11,WS_64299,Well,25.695304,95.555479,7.66,0.637,16.033,48.0,7.9,28.6,1.32,0.027,0.68,0.2,0.046,IoT Sensor,Agency_5,1,Safe,110.0
Thoubal Village,Manipur,2023-02-21,WS_74023,Well,25.511912,96.910578,6.19,0.124,51.231,75.0,8.0,15.9,2.1,0.013,0.22,0.28,0.026,IoT Sensor,Agency_8,1,Safe,99.0
Baghmara Rural,Meghalaya,2023-11-05,WS_70356,River,24.825596,89.444997,5.45,54.433,1997.837,1546.0,2.0,78.8,8.21,1.77,0.36,0.38,0.033,IoT Sensor,Agency_4,0,High,
Dibrugarh Rural,Assam,2023-08-14,WS_61851,Well,27.56446,95.910575,5.99,52.306,958.259,1343.0,1.5,174.3,6.23,1.05,0.39,0.12,0.019,IoT Sensor,Agency_9,0,High,109.0
Khliehriat Village,Meghalaya,2023-12-13,WS_27689,Pond,23.907714,89.709729,5.36,67.712,711.163,1288.0,3.1,98.4,24.72,0.65,0.74,0.79,0.028,Water Testing Kit,Agency_4,0,High,
Phek Rural,Nagaland,2023-01-21,WS_65993,Piped Supply,24.742949,91.265947,7.95,7.312,30.971,30.0,5.4,13.0,1.09,0.032,0.53,1.1,0.049,IoT Sensor,Agency_3,0,Safe,
Karimganj Village,Assam,2023-08-09,WS_71016,Well,24.459818,96.546788,6.66,6.674,59.299,17.0,6.0,38.6,1.76,0.029,1.45,0.14,0.011,Water Testing Kit,Agency_6,0,Safe,50.0
Udaipur Village,Tripura,2023-12-10,WS_49972,Spring,25.04778,94.980292,7.01,4.926,56.878,74.0,7.8,0.5,0.6,0.011,1.86,0.47,0.023,IoT Sensor,Agency_3,1,Safe,
Imphal Rural,Manipur,2023-04-09,WS_19722,Well,24.266018,94.938486,7.62,2.419,27.964,57.0,8.0,14.4,0.81,0.037,0.32,0.88,0.014,Water Testing Kit,Agency_6,1,Safe,139.0
Jowai Rural,Meghalaya,2023-03-18,WS_35229,River,28.300487,93.068586,5.49,90.413,671.417,734.0,3.6,67.2,23.26,0.62,1.12,0.42,0.046,IoT Sensor,Agency_2,0,High,
Namchi Village,Sikkim,2023-07-11,WS_13031,Tube Well,26.010727,91.455916,5.3,105.995,1293.823,3034.0,1.7,178.6,13.58,1.61,0.31,0.19,0.002,Lab Analysis,Agency_2,0,High,109.0
Champhai Rural,Mizoram,2023-06-27,WS_90600,Well,28.954554,93.787181,7.88,9.015,26.34,75.0,5.2,32.5,0.12,0.017,0.0,0.19,0.012,Lab Analysis,Agency_5,0,Safe,108.0
Phek Rural,Nagaland,2023-10-21,WS_31735,Piped Supply,28.106038,92.603518,6.46,5.207,56.926,99.0,5.5,43.3,1.15,0.037,1.24,1.38,0.037,IoT Sensor,Agency_1,1,Safe,
Imphal Rural,Manipur,2023-11-23,WS_83486,Piped Supply,24.356585,89.423844,8.41,0.395,29.005,56.0,6.4,30.1,2.7,0.035,1.46,0.34,0.021,Water Testing Kit,Agency_1,1,Safe,
Gyalshing Rural,Sikkim,2023-06-07,WS_78769,Pond,25.893919,95.605507,7.05,0.631,4.367,26.0,5.5,16.8,0.52,0.017,0.78,0.68,0.017,Water Testing Kit,Agency_3,1,Safe,
Shillong Rural,Meghalaya,2023-06-15,WS_84959,Tube Well,26.144386,95.360865,7.77,4.298,6.579,82.0,6.7,16.2,0.69,0.027,1.29,1.27,0.038,Lab Analysis,Agency_5,1,Safe,175.0
Kiphire Village,Nagaland,2023-04-27,WS_22998,Well,23.912944,89.956518,6.62,7.112,8.909,91.0,7.7,15.8,1.18,0.014,1.51,0.39,0.04,IoT Sensor,Agency_4,0,Safe,123.0
Udaipur Village,Tripura,2023-11-20,WS_84737,Pond,25.309711,88.399131,5.3,67.188,1460.796,4122.0,2.2,87.5,21.61,1.33,0.13,1.39,0.038,IoT Sensor,Agency_5,0,High,
Zunheboto Village,Nagaland,2024-02-05,WS_44424,Tube Well,26.293751,88.718473,6.51,10.752,71.613,42.0,5.4,33.5,0.18,0.031,0.3,0.14,0.026,Water Testing Kit,Agency_1,0,Safe,104.0
Aizawl Rural,Mizoram,2023-07-13,WS_17752,Tube Well,28.21782,90.521675,6.29,0.713,30.153,8.0,6.8,8.5,2.41,0.018,0.28,1.23,0.01,IoT Sensor,Agency_9,1,Safe,47.0
Jorethang Rural,Sikkim,2023-10-16,WS_23507,Tube Well,23.689766,93.475416,6.66,0.771,31.577,47.0,5.5,21.6,2.03,0.024,1.46,0.4,0.019,IoT Sensor,Agency_9,1,Safe,56.0
Tamenglong Rural,Manipur,2023-08-07,WS_62412,Pond,28.89756,88.442569,5.3,46.659,1152.23,879.0,1.8,162.2,11.88,0.49,0.57,1.26,0.026,IoT Sensor,Agency_8,0,High,
Shillong Rural,Meghalaya,2023-06-05,WS_81564,Piped Supply,28.057121,89.889679,6.48,2.321,27.439,21.0,8.2,27.3,0.59,0.039,1.38,0.6,0.037,Water Testing Kit,Agency_4,1,Safe,
Thoubal Village,Manipur,2024-01-10,WS_55070,River,25.948684,89.152707,5.59,58.832,1131.48,1125.0,1.5,166.7,17.38,0.11,0.77,0.22,0.014,Lab Analysis,Agency_5,0,High,
Phek Rural,Nagaland,2023-11-26,WS_89530,Pond,28.253844,95.21829,7.43,9.47,11.891,7.0,5.4,43.7,0.27,0.033,0.82,1.04,0.041,Water Testing Kit,Agency_2,0,Safe,
Lawngtlai Village,Mizoram,2023-02-01,WS_54870,Piped Supply,26.968296,91.440224,6.77,8.325,31.737,20.0,7.7,36.1,2.28,0.03,0.83,1.29,0.036,Water Testing Kit,Agency_3,0,Safe,
Tezpur Village,Arunachal Pradesh,2023-10-15,WS_64825,Pond,25.69359,92.473719,5.83,77.075,1908.597,1606.0,3.3,191.5,14.68,0.33,1.53,1.03,0.04,Water Testing Kit,Agency_2,0,High,
Amarpur Village,Tripura,2024-02-22,WS_74217,Well,25.077739,96.096704,6.8,3.15,24.298,58.0,5.5,31.4,1.34,0.008,1.39,0.99,0.003,Water Testing Kit,Agency_1,1,Safe,131.0
Roing Village,Arunachal Pradesh,2023-11-26,WS_35888,Pond,26.506505,93.680765,8.25,7.344,58.485,35.0,5.6,30.9,1.91,0.013,0.87,0.66,0.031,Lab Analysis,Agency_7,0,Safe,
Serchhip Village,Mizoram,2023-07-21,WS_31819,Piped Supply,28.580105,89.951042,8.11,10.258,51.426,24.0,7.8,38.0,1.21,0.031,1.07,1.12,0.017,IoT Sensor,Agency_2,0,Safe,
Imphal Rural,Manipur,2023-10-19,WS_33516,Piped Supply,23.798723,89.231815,7.44,5.035,49.116,19.0,5.1,24.3,1.99,0.029,0.38,1.21,0.029,Water Testing Kit,Agency_7,1,Safe,
Resubelpara Rural,Meghalaya,2023-08-22,WS_33261,Well,26.529257,91.528288,6.78,0.722,0.0,61.0,7.5,11.9,0.84,0.017,0.59,1.24,0.005,IoT Sensor,Agency_7,1,Safe,158.0
Aizawl Rural,Mizoram,2024-01-15,WS_60033,Tube Well,27.257704,92.802707,7.57,4.333,16.176,11.0,6.2,11.9,1.01,0.023,0.19,0.9,0.007,IoT Sensor,Agency_6,1,Safe,88.0
Agartala Rural,Tripura,2023-03-28,WS_96033,Piped Supply,28.563249,94.349105,7.4,6.438,4.27,79.0,6.1,22.9,1.02,0.039,0.87,0.18,0.042,IoT Sensor,Agency_4,0,Safe,
Shillong Rural,Meghalaya,2023-10-01,WS_37024,Spring,24.323058,91.010973,5.3,53.528,307.506,2144.0,2.3,76.0,22.67,0.66,0.3,1.01,0.019,Water Testing Kit,Agency_7,0,High,
Shillong Rural,Meghalaya,2023-06-08,WS_84959,Tube Well,26.144386,95.360865,7.94,4.252,5.853,82.0,6.7,16.2,0.69,0.027,1.29,1.27,0.038,Lab Analysis,Agency_5,1,Safe,175.0
Serchhip Village,Mizoram,2023-11-06,WS_82577,Well,28.624732,89.42389,5.83,41.143,2064.566,3273.0,2.5,50.1,22.17,0.98,0.14,0.18,0.037,Water Testing Kit,Agency_6,0,High,125.0
Tuensang Village,Nagaland,2023-02-27,WS_72808,Piped Supply,28.51295,95.446499,7.49,7.305,47.662,79.0,8.0,9.7,2.25,0.007,1.37,0.14,0.041,Water Testing Kit,Agency_3,0,Safe,
Rangpo Rural,Sikkim,2023-07-13,WS_56898,Piped Supply,24.463931,94.08228,6.53,4.831,63.098,16.0,5.7,21.2,2.61,0.028,1.71,1.17,0.036,Water Testing Kit,Agency_1,1,Safe,
Gangtok Rural,Sikkim,2023-11-23,WS_27740,River,27.556954,93.548805,6.94,2.22,24.918,13.0,6.4,41.1,1.72,0.002,0.06,0.57,0.016,Water Testing Kit,Agency_1,1,Safe,
Gyalshing Rural,Sikkim,2023-10-20,WS_88853,Piped Supply,28.175031,90.446369,5.76,66.609,2772.48,4903.0,3.4,116.0,14.25,1.91,1.87,0.36,0.037,Water Testing Kit,Agency_9,0,High,
Mokokchung Rural,Nagaland,2023-04-19,WS_65371,Well,28.333831,88.48485,5.3,114.42,1168.98,4323.0,2.1,56.4,18.91,0.17,1.14,0.76,0.039,Water Testing Kit,Agency_3,0,High,147.0
Jowai Rural,Meghalaya,2024-02-17,WS_90477,Well,28.128007,93.284486,5.31,88.651,549.69,2201.0,1.3,143.2,13.61,1.62,1.32,0.53,0.047,Lab Analysis,Agency_1,0,High,13.0
Tawang Rural,Arunachal Pradesh,2023-01-21,WS_22241,Piped Supply,23.922389,89.730746,8.08,2.9,19.194,35.0,5.2,2.8,1.43,0.044,1.85,1.21,0.016,Lab Analysis,Agency_9,1,Safe,
Baghmara Rural,Meghalaya,2023-05-08,WS_68062,Tube Well,26.521085,91.275866,6.2,25.388,2658.394,4350.0,2.6,166.7,6.5,0.36,1.39,0.37,0.009,IoT Sensor,Agency_8,0,High,23.0
Tawang Rural,Arunachal Pradesh,2023-10-20,WS_71086,Well,23.85085,91.602838,8.04,1.489,54.021,8.0,7.7,7.7,2.42,0.029,0.58,1.49,0.019,Water Testing Kit,Agency_3,1,Safe,32.0
Ziro Village,Arunachal Pradesh,2023-07-14,WS_40042,Well,25.867366,92.968355,6.03,41.054,251.528,1573.0,3.5,120.6,17.31,1.62,1.83,0.05,0.049,IoT Sensor,Agency_8,0,High,39.0
Guwahati Rural,Assam,2023-07-20,WS_79509,Piped Supply,28.691345,90.208166,6.96,7.523,12.54,45.0,5.3,15.3,2.33,0.002,0.35,0.31,0.012,IoT Sensor,Agency_5,0,Safe,
Williamnagar Village,Meghalaya,2023-09-22,WS_49689,River,23.112379,94.603222,5.89,76.184,1485.675,2733.0,2.4,186.6,10.36,0.92,1.66,0.49,0.05,IoT Sensor,Agency_9,0,High,
Namchi Village,Sikkim,2023-02-27,WS_47848,Tube Well,23.225854,89.33175,7.44,3.8,57.266,83.0,5.0,5.4,1.54,0.006,0.63,1.27,0.044,IoT Sensor,Agency_3,1,Safe,127.0
Roing Village,Arunachal Pradesh,2023-07-24,WS_67370,Piped Supply,23.557207,96.154316,6.67,0.367,70.223,2.0,7.5,20.4,2.33,0.004,1.55,0.8,0.022,Water Testing Kit,Agency_3,1,Safe,
Mokokchung Rural,Nagaland,2023-06-25,WS_65371,Well,28.333831,88.48485,5.3,118.924,1199.928,4323.0,2.1,56.4,18.91,0.17,1.14,0.76,0.039,Water Testing Kit,Agency_3,0,High,147.0
Kolasib Rural,Mizoram,2023-11-20,WS_38378,Well,25.341343,95.091897,7.37,2.521,57.73,14.0,7.4,27.8,0.11,0.03,1.97,1.14,0.039,Water Testing Kit,Agency_1,1,Safe,147.0
Senapati Rural,Manipur,2023-10-04,WS_83741,Well,24.594924,93.277132,7.24,6.222,16.946,18.0,6.4,28.8,1.73,0.034,0.57,0.84,0.041,Lab Analysis,Agency_9,0,Safe,129.0
Roing Village,Arunachal Pradesh,2023-06-28,WS_36542,Pond,23.354178,94.626273,7.1,6.229,37.25,49.0,5.5,37.6,1.7,0.027,1.01,1.17,0.043,Lab Analysis,Agency_7,0,Safe,
Khowai Village,Tripura,2024-01-14,WS_77652,Spring,24.773152,94.168573,7.64,6.068,44.125,97.0,7.2,34.0,0.58,0.008,0.2,0.4,0.008,Water Testing Kit,Agency_4,0,Safe,
Churachandpur Village,Manipur,2023-07-20,WS_51020,Piped Supply,27.23787,89.137521,7.0,7.203,61.974,12.0,6.8,38.3,1.11,0.013,1.11,0.57,0.05,Water Testing Kit,Agency_4,0,Safe,
Kolasib Rural,Mizoram,2023-10-16,WS_90037,Tube Well,25.842628,90.997973,5.59,83.453,1223.137,2492.0,3.4,199.9,14.34,0.82,0.93,1.42,0.014,Water Testing Kit,Agency_5,0,High,10.0
Wokha Rural,Nagaland,2024-04-08,WS_40660,Tube Well,27.341316,92.022693,5.66,22.999,1211.774,3979.0,1.9,85.0,10.03,1.6,1.29,0.96,0.007,Lab Analysis,Agency_8,0,High,27.0
Saitual Rural,Mizoram,2023-07-14,WS_58570,Well,26.421909,95.279153,6.44,1.609,60.754,56.0,6.2,43.3,2.12,0.027,1.0,0.63,0.017,IoT Sensor,Agency_4,1,Safe,17.0
Williamnagar Village,Meghalaya,2023-07-05,WS_97851,Tube Well,23.027473,89.655614,7.5,2.432,16.249,32.0,9.0,16.2,1.57,0.014,1.26,0.35,0.041,IoT Sensor,Agency_5,1,Safe,182.0
Belonia Rural,Tripura,2023-08-03,WS_32323,Pond,23.962273,94.506741,5.3,26.604,502.376,903.0,1.7,180.6,10.9,0.62,1.94,1.12,0.043,IoT Sensor,Agency_8,0,High,
Kolasib Rural,Mizoram,2023-07-09,WS_69735,Tube Well,27.27147,89.427977,7.69,8.77,66.836,71.0,5.2,13.1,1.01,0.05,1.92,0.74,0.038,Water Testing Kit,Agency_6,0,Safe,26.0
Mangan Village,Sikkim,2023-05-04,WS_49847,Piped Supply,27.622192,89.770389,8.12,1.974,12.901,64.0,6.7,1.2,2.76,0.004,1.64,1.41,0.05,IoT Sensor,Agency_1,1,Safe,
Barpeta Village,Assam,2023-05-30,WS_64907,River,28.579587,91.049482,8.5,1.592,23.687,26.0,7.0,17.2,1.08,0.027,1.94,0.0,0.032,Water Testing Kit,Agency_6,1,Safe,
Teliamura Rural,Tripura,2023-06-03,WS_97410,River,28.818233,88.278049,6.72,3.363,55.654,88.0,7.9,21.0,1.95,0.023,0.77,0.46,0.047,Lab Analysis,Agency_1,1,Safe,
Kiphire Village,Nagaland,2023-08-26,WS_94645,Piped Supply,27.760903,96.797664,7.53,4.463,30.851,37.0,5.3,34.9,1.4,0.041,1.45,0.37,0.045,Lab Analysis,Agency_4,1,Safe,
Lawngtlai Village,Mizoram,2023-09-11,WS_76364,Well,23.233801,88.280328,6.83,9.417,33.403,53.0,7.4,13.8,2.69,0.03,0.62,1.27,0.013,Lab Analysis,Agency_3,0,Safe,176.0
Kohima Rural,Nagaland,2023-10-22,WS_35152,Piped Supply,24.589282,89.276785,7.32,0.229,52.765,38.0,8.5,14.6,2.27,0.003,0.39,1.3,0.014,Lab Analysis,Agency_4,1,Safe,
Pasighat Rural,Arunachal Pradesh,2023-08-18,WS_28714,Pond,23.354478,93.929055,5.3,57.514,2514.243,2666.0,1.6,175.3,10.39,1.63,1.03,1.22,0.049,IoT Sensor,Agency_3,0,High,
Barpeta Village,Assam,2024-02-19,WS_91117,River,24.688868,96.223981,5.9,48.289,2241.225,4389.0,2.5,186.2,24.23,0.17,1.63,1.36,0.009,Lab Analysis,Agency_3,0,High,
Dharmanagar Rural,Tripura,2023-07-25,WS_32154,Well,24.283495,92.982616,5.81,43.716,220.871,1652.0,1.6,99.1,21.29,1.38,0.45,1.39,0.013,IoT Sensor,Agency_9,0,High,198.0
Teliamura Rural,Tripura,2023-09-21,WS_34770,Pond,24.870199,91.93583,6.26,38.578,1499.334,3373.0,2.3,189.8,20.39,0.14,1.08,0.51,0.013,Water Testing Kit,Agency_4,0,High,
Teliamura Rural,Tripura,2023-09-11,WS_39412,River,28.818821,95.616091,5.36,43.898,2362.003,4206.0,1.7,115.2,18.03,0.19,0.1,0.46,0.016,Lab Analysis,Agency_1,0,High,
Tamenglong Rural,Manipur,2024-02-12,WS_34544,Pond,27.720876,95.205028,8.37,2.773,51.535,43.0,6.9,21.6,2.19,0.013,1.55,0.21,0.049,IoT Sensor,Agency_2,1,Safe,
Williamnagar Village,Meghalaya,2023-11-17,WS_33183,River,24.410342,88.330552,6.19,88.92,1798.282,2911.0,2.9,154.8,16.05,1.71,1.97,0.08,0.024,IoT Sensor,Agency_3,0,High,
Tawang Rural,Arunachal Pradesh,2024-02-05,WS_68757,Spring,27.053449,91.628383,7.07,0.23,22.42,41.0,7.0,0.2,2.17,0.033,1.67,1.39,0.031,IoT Sensor,Agency_4,1,Safe,
Pakyong Village,Sikkim,2023-09-13,WS_46795,Tube Well,23.284811,91.168898,7.17,8.485,43.809,52.0,7.9,17.9,2.28,0.01,0.56,0.27,0.043,Lab Analysis,Agency_5,0,Safe,95.0
Namchi Village,Sikkim,2023-08-15,WS_55801,Well,23.791077,93.413585,6.62,7.895,57.992,16.0,8.1,4.4,2.88,0.023,1.52,1.41,0.016,Water Testing Kit,Agency_5,0,Safe,158.0
Kohima Rural,Nagaland,2023-10-15,WS_99983,River,28.422157,90.787894,5.82,39.075,2344.166,4316.0,3.7,146.2,22.28,1.98,0.89,0.86,0.017,Water Testing Kit,Agency_2,0,High,
Serchhip Village,Mizoram,2023-11-11,WS_82577,Well,28.624732,89.42389,5.61,38.275,2083.782,3273.0,2.5,50.1,22.17,0.98,0.14,0.18,0.037,Water Testing Kit,Agency_6,0,High,125.0
Dharmanagar Rural,Tripura,2023-04-05,WS_45869,Pond,26.85324,89.111762,8.2,1.428,8.371,94.0,6.2,29.9,0.11,0.028,0.27,0.1,0.047,IoT Sensor,Agency_8,1,Safe,
Kailashahar Village,Tripura,2023-10-22,WS_76723,Well,27.940268,90.694206,8.09,3.267,23.635,57.0,8.2,32.3,0.09,0.039,1.75,1.46,0.034,Lab Analysis,Agency_9,1,Safe,185.0
Itanagar Rural,Arunachal Pradesh,2023-05-11,WS_43320,River,24.421845,95.910569,6.47,26.602,535.303,4735.0,1.8,86.6,13.51,1.48,0.22,0.11,0.046,IoT Sensor,Agency_2,0,High,
Ukhrul Village,Manipur,2023-04-22,WS_69248,Pond,25.293214,95.82962,7.41,0.438,3.297,24.0,7.5,11.0,2.55,0.031,1.48,0.24,0.019,IoT Sensor,Agency_4,1,Safe,
Rangpo Rural,Sikkim,2023-10-18,WS_28149,River,27.16452,92.509929,6.85,4.552,28.41,41.0,8.7,38.2,2.38,0.014,1.58,0.39,0.044,IoT Sensor,Agency_8,1,Safe,
Rangpo Rural,Sikkim,2023-08-21,WS_88950,Well,23.717149,89.216213,5.3,19.329,446.766,4407.0,1.9,122.0,14.74,1.99,0.06,0.37,0.025,IoT Sensor,Agency_8,0,High,154.0
Churachandpur Village,Manipur,2023-12-19,WS_81741,Pond,25.365601,90.918258,6.25,21.334,2271.56,1111.0,1.4,60.4,13.51,1.22,1.86,1.42,0.025,Lab Analysis,Agency_5,0,High,
Naharlagun Village,Arunachal Pradesh,2023-11-23,WS_51938,Pond,24.519828,96.211555,5.35,75.035,1683.295,318.0,2.8,144.5,17.86,1.29,0.18,0.96,0.028,Lab Analysis,Agency_1,0,High,
Jowai Rural,Meghalaya,2024-02-13,WS_90477,Well,28.128007,93.284486,5.41,101.957,580.221,2201.0,1.3,143.2,13.61,1.62,1.32,0.53,0.047,Lab Analysis,Agency_1,0,High,13.0
Senapati Rural,Manipur,2023-07-11,WS_12527,Piped Supply,25.252775,94.635376,5.3,53.188,2544.587,1461.0,3.8,174.3,7.0,1.01,0.63,1.07,0.016,Water Testing Kit,Agency_9,0,High,
Karimganj Village,Assam,2023-12-08,WS_46440,Tube Well,26.692949,95.44498,5.3,95.465,492.415,1354.0,2.7,68.3,11.73,1.08,0.52,1.18,0.021,Water Testing Kit,Agency_7,0,High,121.0
Mangan Village,Sikkim,2023-03-06,WS_33158,Well,26.647724,93.167765,6.42,6.156,34.068,59.0,7.1,2.6,2.99,0.049,0.75,1.2,0.011,Water Testing Kit,Agency_7,0,Safe,166.0
Gyalshing Rural,Sikkim,2023-04-18,WS_80665,Well,23.19704,93.046529,6.4,90.332,455.054,2870.0,1.8,164.2,21.28,1.06,1.02,0.32,0.027,Water Testing Kit,Agency_1,0,High,148.0
Dimapur Village,Nagaland,2023-11-03,WS_50920,Tube Well,26.352943,90.468691,6.78,47.937,470.04,2032.0,1.0,66.3,14.92,1.89,1.19,0.84,0.034,Water Testing Kit,Agency_6,0,High,162.0
Senapati Rural,Manipur,2023-03-03,WS_91772,River,24.038631,93.643978,8.67,9.814,51.184,92.0,8.2,41.0,0.31,0.048,0.08,0.28,0.032,IoT Sensor,Agency_5,0,Safe,
Teliamura Rural,Tripura,2023-03-23,WS_66566,Piped Supply,24.87565,94.641807,6.6,7.478,52.643,92.0,5.4,33.1,1.67,0.039,1.01,0.93,0.006,IoT Sensor,Agency_9,0,Safe,
Kolasib Rural,Mizoram,2023-07-10,WS_14954,River,28.557036,91.993957,7.89,3.561,23.165,38.0,7.5,2.1,1.25,0.028,1.3,0.03,0.012,Water Testing Kit,Agency_3,1,Safe,
Dibrugarh Rural,Assam,2023-08-12,WS_61851,Well,27.56446,95.910575,6.2,57.599,1149.533,1343.0,1.5,174.3,6.23,1.05,0.39,0.12,0.019,IoT Sensor,Agency_9,0,High,109.0
Singtam Village,Sikkim,2023-09-22,WS_51152,Well,27.86806,92.444235,6.89,3.737,4.416,88.0,7.2,40.8,2.34,0.045,1.82,0.79,0.009,Lab Analysis,Agency_2,1,Safe,100.0
Jorethang Rural,Sikkim,2023-06-14,WS_91603,River,24.76271,94.076212,5.3,107.888,1294.881,243.0,3.1,137.5,8.16,1.45,1.72,1.13,0.031,IoT Sensor,Agency_8,0,High,
Amarpur Village,Tripura,2023-10-17,WS_72564,River,23.773499,94.468929,5.55,89.501,695.827,2660.0,3.2,105.2,13.22,0.41,0.63,1.16,0.02,Water Testing Kit,Agency_5,0,High,
Tamenglong Rural,Manipur,2023-06-02,WS_66963,River,24.962634,90.968434,6.35,119.052,1309.576,3367.0,2.5,76.4,12.52,1.72,1.74,0.09,0.01,Water Testing Kit,Agency_7,0,High,
Naharlagun Village,Arunachal Pradesh,2023-07-09,WS_24811,Tube Well,28.713508,89.210704,7.65,2.434,56.338,68.0,8.0,19.8,2.64,0.019,0.27,0.69,0.046,Water Testing Kit,Agency_5,1,Safe,148.0
Tawang Rural,Arunachal Pradesh,2023-07-02,WS_28184,Piped Supply,23.066421,96.908945,6.69,1.822,11.731,89.0,8.6,36.3,0.52,0.042,0.01,0.26,0.028,IoT Sensor,Agency_5,1,Safe,
Baghmara Rural,Meghalaya,2023-09-07,WS_91188,Pond,25.922838,91.650738,5.3,46.61,2325.859,2813.0,3.9,54.4,12.57,1.44,1.85,0.8,0.014,IoT Sensor,Agency_4,0,High,
Saitual Rural,Mizoram,2023-11-25,WS_74820,Well,26.906149,94.499173,7.75,2.622,2.614,93.0,8.4,20.8,2.47,0.04,1.64,0.86,0.037,Water Testing Kit,Agency_1,1,Safe,18.0
Kohima Rural,Nagaland,2024-02-21,WS_89688,Pond,23.775847,96.613226,5.3,63.132,698.786,3654.0,3.6,94.5,5.48,1.76,0.92,0.91,0.003,Water Testing Kit,Agency_1,0,High,
Belonia Rural,Tripura,2023-11-04,WS_27625,Piped Supply,23.529649,89.531161,7.36,7.24,1.272,87.0,5.0,20.3,2.64,0.021,0.76,0.56,0.003,Water Testing Kit,Agency_8,0,Safe,
Pakyong Village,Sikkim,2024-02-09,WS_36200,Pond,27.07089,90.668853,5.3,90.862,707.757,2179.0,2.9,92.4,21.24,1.81,0.64,0.92,0.031,IoT Sensor,Agency_4,0,High,
Tura Village,Meghalaya,2023-02-22,WS_19267,Pond,23.859882,96.98917,7.82,0.894,3.942,74.0,8.4,31.3,0.83,0.011,1.32,0.41,0.004,Water Testing Kit,Agency_1,1,Safe,
Churachandpur Village,Manipur,2023-06-04,WS_30226,Tube Well,27.451103,95.157248,8.07,6.019,34.007,99.0,8.6,32.0,2.03,0.004,0.95,0.61,0.017,Water Testing Kit,Agency_4,0,Safe,56.0
Bishnupur Rural,Manipur,2023-10-04,WS_62381,Piped Supply,25.074572,91.194642,7.22,5.24,17.112,11.0,6.6,2.3,2.72,0.023,1.96,0.03,0.032,IoT Sensor,Agency_2,1,Safe,
Jiribam Village,Manipur,2023-10-07,WS_83316,Well,28.871003,94.236744,7.65,0.767,4.395,1.0,6.2,33.1,2.0,0.05,0.75,0.37,0.011,Water Testing Kit,Agency_3,1,Safe,54.0
Shillong Rural,Meghalaya,2023-06-14,WS_23019,River,27.289126,91.861013,6.48,92.759,732.164,1739.0,3.2,113.6,17.19,0.4,1.36,0.09,0.022,Lab Analysis,Agency_2,0,High,
Silchar Village,Assam,2023-09-02,WS_42194,Piped Supply,23.536364,90.085511,7.38,0.132,72.613,44.0,8.9,30.5,0.37,0.016,0.09,0.27,0.02,Water Testing Kit,Agency_7,1,Safe,
Kailashahar Village,Tripura,2023-08-01,WS_77136,River,25.256634,92.762106,5.45,68.908,623.887,4300.0,2.2,157.3,23.88,0.89,0.46,0.04,0.013,Water Testing Kit,Agency_5,0,High,
Khliehriat Village,Meghalaya,2023-08-02,WS_55065,Well,24.839736,89.364016,7.6,6.159,13.5,0.0,6.3,8.6,1.31,0.005,0.99,1.48,0.002,Lab Analysis,Agency_4,0,Safe,147.0
Karimganj Village,Assam,2023-01-24,WS_55263,Spring,25.918965,89.824967,7.06,3.754,35.364,74.0,8.5,20.8,0.87,0.016,1.75,1.17,0.007,Water Testing Kit,Agency_9,1,Safe,
Barpeta Village,Assam,2023-10-30,WS_53986,Well,25.756693,90.284699,8.08,8.14,40.633,24.0,6.0,43.5,0.84,0.021,0.79,1.38,0.043,Water Testing Kit,Agency_4,0,Safe,167.0
Guwahati Rural,Assam,2023-05-05,WS_56887,River,24.140557,96.049965,7.2,6.62,50.321,84.0,6.0,25.7,0.08,0.04,0.43,1.08,0.041,IoT Sensor,Agency_1,0,Safe,
Bomdila Rural,Arunachal Pradesh,2023-12-13,WS_61814,Well,28.905674,92.799232,7.15,5.87,43.574,96.0,8.6,26.9,0.42,0.042,0.15,0.34,0.008,Lab Analysis,Agency_5,0,Safe,159.0
Gyalshing Rural,Sikkim,2023-12-17,WS_33542,Tube Well,25.310546,93.337609,5.3,35.053,902.652,263.0,3.3,70.8,9.05,1.35,0.48,0.55,0.002,Water Testing Kit,Agency_7,0,High,179.0
Mokokchung Rural,Nagaland,2023-06-26,WS_37126,Pond,28.858308,95.786611,7.15,8.648,0.0,23.0,7.7,38.4,2.98,0.009,1.77,1.4,0.032,IoT Sensor,Agency_3,0,Safe,
Zunheboto Village,Nagaland,2023-10-14,WS_57355,Spring,28.136289,96.965551,5.3,107.634,2468.677,4215.0,2.9,94.4,10.53,0.53,1.39,0.23,0.034,IoT Sensor,Agency_7,0,High,
Singtam Village,Sikkim,2023-03-18,WS_69290,Pond,24.191716,88.474192,8.27,3.724,48.024,60.0,7.7,14.5,0.63,0.013,0.74,0.53,0.02,IoT Sensor,Agency_9,1,Safe,
Jiribam Village,Manipur,2023-05-17,WS_78597,Tube Well,25.070661,94.774976,8.58,3.112,36.456,5.0,7.7,35.8,2.91,0.042,1.37,0.95,0.05,IoT Sensor,Agency_2,1,Safe,110.0
Udaipur Village,Tripura,2023-09-02,WS_98323,Pond,24.932774,91.371636,5.83,95.956,2657.458,442.0,2.1,55.2,9.21,0.86,0.76,0.19,0.047,IoT Sensor,Agency_3,0,High,
Kailashahar Village,Tripura,2023-10-13,WS_57892,Well,25.12032,95.229477,7.39,9.847,45.036,93.0,5.2,43.2,1.22,0.007,1.23,0.36,0.031,Water Testing Kit,Agency_4,0,Safe,158.0
Mangan Village,Sikkim,2023-09-22,WS_20263,Spring,24.740542,96.526688,5.3,74.934,1367.814,1853.0,2.3,179.6,8.96,0.7,1.04,1.3,0.013,IoT Sensor,Agency_1,0,High,
Jiribam Village,Manipur,2023-10-22,WS_21276,Piped Supply,28.005292,89.853436,8.41,2.552,48.801,63.0,5.5,25.5,2.69,0.014,1.22,0.79,0.027,Water Testing Kit,Agency_7,1,Safe,
Teliamura Rural,Tripura,2023-09-13,WS_73128,Well,24.033767,96.227508,7.61,7.15,66.707,50.0,8.1,38.3,0.1,0.032,1.44,1.07,0.017,Lab Analysis,Agency_5,0,Safe,176.0
Shillong Rural,Meghalaya,2023-12-23,WS_90189,Well,26.181075,89.419305,5.3,24.988,1838.01,1164.0,3.1,176.0,19.83,1.55,0.1,0.61,0.045,Water Testing Kit,Agency_9,0,High,17.0
Williamnagar Village,Meghalaya,2023-09-17,WS_62435,Well,23.220873,88.081511,7.75,8.211,19.883,47.0,8.8,17.6,2.13,0.014,0.18,1.23,0.024,Water Testing Kit,Agency_9,0,Safe,11.0
Kolasib Rural,Mizoram,2023-09-24,WS_32206,Well,24.499684,92.749995,8.71,7.169,44.154,35.0,7.3,31.3,1.52,0.012,0.69,0.1,0.024,Water Testing Kit,Agency_8,0,Safe,178.0
Guwahati Rural,Assam,2023-09-08,WS_48297,Well,24.624393,96.627739,5.3,95.916,1343.723,2950.0,1.9,158.9,5.94,1.98,0.04,0.57,0.005,Water Testing Kit,Agency_8,0,High,25.0
Tezpur Village,Arunachal Pradesh,2023-11-13,WS_12293,Pond,24.838339,94.414261,6.18,73.244,401.113,2333.0,2.0,153.5,8.73,1.88,0.17,0.45,0.031,Water Testing Kit,Agency_4,0,High,
Kiphire Village,Nagaland,2023-04-27,WS_11653,River,26.301439,90.01707,7.72,0.24,23.921,44.0,6.4,24.6,1.54,0.009,0.07,1.36,0.026,Water Testing Kit,Agency_7,1,Safe,
Teliamura Rural,Tripura,2023-07-03,WS_97322,Well,23.211871,88.088995,6.45,9.392,3.162,14.0,6.1,4.5,2.73,0.007,1.17,0.78,0.035,IoT Sensor,Agency_7,0,Safe,199.0
Thoubal Village,Manipur,2023-08-30,WS_51442,Spring,28.611751,95.314276,6.04,77.86,895.395,4719.0,2.6,165.8,7.45,0.53,1.91,1.32,0.036,Water Testing Kit,Agency_8,0,High,
Khliehriat Village,Meghalaya,2023-08-27,WS_65688,Well,28.501482,93.678974,8.16,3.785,63.653,87.0,8.0,16.7,0.99,0.032,1.95,0.89,0.04,IoT Sensor,Agency_9,1,Safe,107.0
Barpeta Village,Assam,2023-03-15,WS_70585,Pond,27.772674,90.997029,6.0,80.768,1147.743,4745.0,3.2,189.8,16.95,0.36,0.45,0.87,0.05,Water Testing Kit,Agency_4,0,High,
Baghmara Rural,Meghalaya,2023-07-31,WS_83805,Piped Supply,26.158556,94.79777,8.52,8.038,46.572,75.0,8.2,37.7,1.06,0.039,1.57,0.36,0.015,Lab Analysis,Agency_7,0,Safe,
Namchi Village,Sikkim,2023-04-14,WS_50983,Well,27.459487,88.972428,7.45,8.466,18.868,33.0,5.7,44.2,0.35,0.049,0.83,0.64,0.05,Water Testing Kit,Agency_3,0,Safe,97.0
Karimganj Village,Assam,2023-09-06,WS_81623,Tube Well,27.84721,90.68866,8.0,8.652,39.315,28.0,8.5,12.3,0.78,0.004,1.57,0.69,0.036,IoT Sensor,Agency_9,0,Safe,110.0
Jowai Rural,Meghalaya,2023-09-15,WS_14674,Pond,25.839753,90.306955,5.3,112.512,1163.5,1661.0,3.6,98.6,24.94,1.41,0.43,0.82,0.011,Water Testing Kit,Agency_2,0,High,
Bishnupur Rural,Manipur,2023-10-17,WS_81077,River,27.031158,91.761245,5.84,42.274,733.978,1866.0,1.1,150.3,13.96,1.8,1.87,1.37,0.024,Water Testing Kit,Agency_8,0,High,
Phek Rural,Nagaland,2023-05-02,WS_65993,Piped Supply,24.742949,91.265947,7.81,8.179,35.223,30.0,5.4,13.0,1.09,0.032,0.53,1.1,0.049,IoT Sensor,Agency_3,0,Safe,
Jorhat Village,Assam,2023-04-10,WS_90327,River,28.267144,92.525579,7.78,4.192,1.182,56.0,7.7,4.4,2.87,0.005,0.02,0.1,0.014,Water Testing Kit,Agency_7,1,Safe,
Jowai Rural,Meghalaya,2023-07-15,WS_92588,River,28.518596,96.618257,7.16,8.983,56.672,99.0,8.9,40.3,2.79,0.006,0.69,0.3,0.019,IoT Sensor,Agency_7,0,Safe,
Baghmara Rural,Meghalaya,2023-01-18,WS_70397,River,24.693016,96.804128,6.89,1.993,55.715,93.0,8.4,1.9,1.96,0.023,0.69,0.92,0.025,Lab Analysis,Agency_7,1,Safe,
Imphal Rural,Manipur,2023-05-22,WS_18876,Spring,26.324681,91.115589,7.06,3.807,27.747,28.0,5.6,19.4,2.69,0.013,1.59,0.8,0.045,IoT Sensor,Agency_6,1,Safe,
Ziro Village,Arunachal Pradesh,2023-10-11,WS_79863,Well,27.633445,90.470555,7.16,6.376,11.394,59.0,5.8,1.8,2.62,0.041,1.83,0.58,0.049,Water Testing Kit,Agency_2,0,Safe,180.0
Khliehriat Village,Meghalaya,2023-09-14,WS_35980,Tube Well,28.88534,90.518353,7.06,6.633,36.047,53.0,6.3,0.1,1.07,0.015,1.04,0.82,0.028,IoT Sensor,Agency_9,0,Safe,165.0
Silchar Village,Assam,2023-07-25,WS_42194,Piped Supply,23.536364,90.085511,7.57,0.114,59.827,44.0,8.9,30.5,0.37,0.016,0.09,0.27,0.02,Water Testing Kit,Agency_7,1,Safe,
Williamnagar Village,Meghalaya,2024-01-15,WS_28058,Piped Supply,25.800599,91.436956,8.12,4.18,46.157,30.0,5.5,5.1,1.52,0.019,0.97,0.92,0.011,IoT Sensor,Agency_2,1,Safe,
Ukhrul Village,Manipur,2023-06-03,WS_79687,Tube Well,25.713113,90.552658,6.79,4.84,53.389,93.0,5.3,35.4,2.9,0.023,0.59,1.32,0.033,Lab Analysis,Agency_6,1,Safe,88.0
Tawang Rural,Arunachal Pradesh,2023-09-23,WS_99639,Piped Supply,23.8899,88.664506,5.3,86.592,1802.086,1992.0,4.0,153.7,22.89,0.19,0.84,1.21,0.022,Water Testing Kit,Agency_2,0,High,
Shillong Rural,Meghalaya,2023-05-17,WS_48871,Well,24.775276,89.984118,8.13,8.322,55.913,42.0,8.7,9.4,2.81,0.028,0.34,0.04,0.038,IoT Sensor,Agency_1,0,Safe,182.0
Williamnagar Village,Meghalaya,2023-11-27,WS_67437,Tube Well,27.083237,94.598993,7.55,9.425,54.512,94.0,8.7,9.0,0.78,0.013,0.12,1.14,0.037,IoT Sensor,Agency_3,0,Safe,83.0
Tura Village,Meghalaya,2023-05-23,WS_85747,River,26.734452,88.66989,7.88,9.277,60.626,5.0,7.9,10.2,2.97,0.039,1.01,0.44,0.035,IoT Sensor,Agency_6,0,Safe,
Zunheboto Village,Nagaland,2023-04-21,WS_28546,River,23.108783,88.346624,7.66,5.439,50.507,6.0,8.2,10.3,0.76,0.03,1.26,1.08,0.007,Lab Analysis,Agency_3,1,Safe,
Zunheboto Village,Nagaland,2023-11-07,WS_19403,Pond,26.528167,90.722326,5.3,78.874,1758.327,2268.0,3.3,181.5,20.01,1.13,1.71,0.08,0.022,Lab Analysis,Agency_4,0,High,
Gyalshing Rural,Sikkim,2023-10-07,WS_89509,River,24.646891,90.677645,5.75,52.927,1054.736,502.0,3.3,140.4,16.63,1.35,1.62,0.25,0.024,Water Testing Kit,Agency_6,0,High,
Kohima Rural,Nagaland,2024-03-30,WS_22634,Tube Well,23.361138,91.023651,7.94,3.567,69.039,2.0,6.6,2.3,1.22,0.021,1.12,0.17,0.021,Lab Analysis,Agency_5,1,Safe,34.0
Jorethang Rural,Sikkim,2023-01-17,WS_40405,River,26.738372,94.897997,7.05,8.23,27.063,8.0,5.8,11.4,0.53,0.012,1.54,1.08,0.005,Lab Analysis,Agency_8,0,Safe,
Pakyong Village,Sikkim,2023-07-31,WS_86780,Well,24.918112,88.390165,7.7,9.774,61.557,5.0,8.9,12.0,1.09,0.004,1.54,0.08,0.011,Lab Analysis,Agency_7,0,Safe,64.0
Tawang Rural,Arunachal Pradesh,2023-05-25,WS_27304,Piped Supply,27.508513,96.230152,6.24,59.349,682.205,2156.0,3.1,91.3,8.47,1.5,1.83,1.15,0.046,Lab Analysis,Agency_2,0,High,
Serchhip Village,Mizoram,2023-05-29,WS_48253,Tube Well,28.528333,91.065554,8.18,5.371,14.97,87.0,8.2,17.9,2.53,0.0,1.32,0.93,0.024,Water Testing Kit,Agency_6,1,Safe,197.0
Ukhrul Village,Manipur,2023-09-08,WS_92605,Well,23.446623,93.523657,7.21,4.229,38.986,85.0,8.8,16.5,1.27,0.008,1.93,1.18,0.0,IoT Sensor,Agency_6,1,Safe,91.0
Wokha Rural,Nagaland,2023-11-10,WS_46619,Piped Supply,27.577885,94.426401,7.09,6.983,31.198,72.0,6.6,39.2,1.28,0.025,0.03,0.74,0.002,IoT Sensor,Agency_7,0,Safe,
Jorethang Rural,Sikkim,2023-04-15,WS_35238,Well,24.189931,90.85705,5.8,46.808,2137.142,2518.0,2.0,163.9,13.35,1.5,1.14,0.56,0.012,Water Testing Kit,Agency_6,0,High,43.0
Dharmanagar Rural,Tripura,2024-01-26,WS_20829,Tube Well,23.334351,88.685488,5.3,51.191,981.138,1473.0,3.9,194.1,17.41,0.34,1.63,0.63,0.042,Water Testing Kit,Agency_8,0,High,35.0
Khowai Village,Tripura,2023-03-06,WS_45635,River,28.846082,89.270417,6.44,3.739,24.825,50.0,5.5,31.1,1.79,0.011,0.5,0.73,0.026,Lab Analysis,Agency_2,1,Safe,
Kohima Rural,Nagaland,2023-09-21,WS_17468,Well,23.464366,96.60083,5.3,37.412,2773.151,4596.0,3.7,50.3,14.01,1.59,1.03,0.01,0.024,IoT Sensor,Agency_6,0,High,59.0
Gangtok Rural,Sikkim,2024-01-05,WS_27740,River,27.556954,93.548805,7.77,2.422,25.676,13.0,6.4,41.1,1.72,0.002,0.06,0.57,0.016,Water Testing Kit,Agency_1,1,Safe,
Tura Village,Meghalaya,2023-10-18,WS_69161,Well,23.635899,94.834171,5.41,86.258,1580.735,4947.0,3.2,83.4,11.91,0.42,1.8,0.48,0.02,Lab Analysis,Agency_3,0,High,195.0
Tezpur Rural,Assam,2023-06-18,WS_96388,Well,24.084706,96.90881,6.59,4.191,67.76,37.0,7.4,40.4,1.08,0.018,0.41,0.13,0.019,IoT Sensor,Agency_7,1,Safe,162.0
Namchi Village,Sikkim,2023-01-10,WS_95827,Piped Supply,26.346843,92.695983,8.0,4.207,41.616,83.0,8.5,0.8,1.94,0.028,0.09,1.03,0.029,Water Testing Kit,Agency_6,1,Safe,
Baghmara Rural,Meghalaya,2023-08-02,WS_25719,Tube Well,23.962719,94.832558,7.45,5.077,30.24,94.0,7.4,21.8,2.3,0.013,1.42,0.23,0.033,IoT Sensor,Agency_3,1,Safe,172.0
Nongpoh Village,Meghalaya,2023-06-19,WS_15563,River,26.957558,90.681629,5.57,77.406,238.8,2258.0,3.3,146.0,14.2,1.49,1.16,0.08,0.024,Water Testing Kit,Agency_7,0,High,
Pasighat Rural,Arunachal Pradesh,2023-08-18,WS_79772,River,25.526759,95.609807,6.43,32.506,966.368,2529.0,2.8,151.7,7.59,1.52,1.6,0.76,0.021,IoT Sensor,Agency_4,0,High,
Kolasib Rural,Mizoram,2023-09-06,WS_87405,Piped Supply,25.859397,96.852502,7.15,7.828,18.949,36.0,5.2,5.9,1.83,0.025,1.06,0.8,0.043,IoT Sensor,Agency_7,0,Safe,
Gyalshing Rural,Sikkim,2024-01-22,WS_82554,Well,23.932905,95.960909,7.4,2.753,1.205,93.0,7.2,38.2,0.05,0.04,1.17,1.34,0.013,Water Testing Kit,Agency_9,1,Safe,105.0
Itanagar Rural,Arunachal Pradesh,2023-05-04,WS_43320,River,24.421845,95.910569,6.09,30.816,640.801,4735.0,1.8,86.6,13.51,1.48,0.22,0.11,0.046,IoT Sensor,Agency_2,0,High,
Phek Rural,Nagaland,2023-03-13,WS_79404,Well,23.185486,93.503963,7.46,3.925,23.472,65.0,7.5,6.8,2.45,0.032,0.36,1.25,0.031,Water Testing Kit,Agency_2,1,Safe,146.0
Churachandpur Village,Manipur,2023-05-27,WS_83097,Pond,25.980813,94.113948,6.6,8.195,59.249,12.0,8.8,39.3,0.54,0.012,0.83,1.03,0.036,Lab Analysis,Agency_1,0,Safe,
Nongpoh Village,Meghalaya,2023-06-16,WS_20764,Piped Supply,27.190676,90.922749,7.28,5.163,21.486,43.0,5.4,38.0,1.24,0.004,0.76,0.7,0.018,Water Testing Kit,Agency_2,1,Safe,
Gyalshing Rural,Sikkim,2023-03-14,WS_19076,Piped Supply,25.364774,89.841128,6.7,7.857,19.256,68.0,6.0,10.8,1.37,0.041,1.1,1.02,0.02,Water Testing Kit,Agency_4,0,Safe,
Jowai Rural,Meghalaya,2023-11-07,WS_31698,Well,24.506503,89.303302,7.48,6.13,30.941,74.0,5.6,10.5,0.17,0.029,0.88,1.08,0.044,Lab Analysis,Agency_1,0,Safe,70.0
Kiphire Village,Nagaland,2023-10-11,WS_11760,Well,28.330229,89.325329,7.62,2.798,12.385,96.0,6.9,20.6,2.54,0.019,0.82,0.73,0.045,Lab Analysis,Agency_4,1,Safe,116.0
Udaipur Village,Tripura,2023-12-25,WS_50782,Spring,23.993471,90.754369,7.42,8.389,20.754,98.0,6.7,16.7,2.36,0.032,0.61,0.19,0.014,Water Testing Kit,Agency_4,0,Safe,
Nagaon Rural,Assam,2023-08-06,WS_24113,Piped Supply,26.35993,89.687262,7.79,6.239,69.053,54.0,6.4,31.7,1.56,0.049,1.11,0.3,0.04,Lab Analysis,Agency_2,0,Safe,
Gyalshing Rural,Sikkim,2023-07-17,WS_80665,Well,23.19704,93.046529,6.59,92.849,488.216,2870.0,1.8,164.2,21.28,1.06,1.02,0.32,0.027,Water Testing Kit,Agency_1,0,High,148.0
Naharlagun Village,Arunachal Pradesh,2023-02-20,WS_11902,Well,23.353418,96.56408,7.43,5.836,30.513,12.0,8.8,15.1,1.97,0.037,1.16,1.07,0.023,IoT Sensor,Agency_9,0,Safe,76.0
Ziro Village,Arunachal Pradesh,2023-07-01,WS_14191,Pond,25.415605,95.921706,6.02,77.144,444.954,4627.0,3.1,136.9,7.88,0.36,1.72,0.43,0.027,IoT Sensor,Agency_6,0,High,
Kiphire Village,Nagaland,2024-01-10,WS_78463,River,26.826377,95.083513,5.37,18.95,185.171,488.0,1.7,197.2,6.96,1.78,1.76,0.37,0.041,IoT Sensor,Agency_2,0,High,
Nagaon Rural,Assam,2023-10-31,WS_74744,Piped Supply,23.430565,93.526382,7.17,6.713,57.502,86.0,6.7,13.2,0.02,0.013,1.68,0.85,0.03,IoT Sensor,Agency_1,0,Safe,
Lunglei Village,Mizoram,2023-01-24,WS_91949,River,23.066331,94.220282,5.3,96.199,2604.219,3582.0,1.2,71.4,13.92,1.49,1.23,0.01,0.002,IoT Sensor,Agency_5,0,High,
Guwahati Rural,Assam,2023-07-30,WS_56887,River,24.140557,96.049965,7.57,6.825,58.385,84.0,6.0,25.7,0.08,0.04,0.43,1.08,0.041,IoT Sensor,Agency_1,0,Safe,
Lunglei Village,Mizoram,2023-06-14,WS_71539,Well,28.923891,95.67155,8.46,3.59,39.912,3.0,7.3,32.1,1.7,0.04,0.68,1.34,0.038,Water Testing Kit,Agency_3,1,Safe,125.0
Resubelpara Rural,Meghalaya,2023-09-23,WS_71437,Pond,23.173094,96.053643,5.78,55.921,310.747,914.0,2.7,192.3,23.52,0.32,1.95,1.09,0.017,Lab Analysis,Agency_1,0,High,
Kiphire Village,Nagaland,2023-05-27,WS_46018,River,25.902354,96.276869,5.3,25.945,2256.921,4438.0,1.1,128.8,16.32,0.93,1.08,0.11,0.048,Water Testing Kit,Agency_5,0,High,
Mangan Village,Sikkim,2023-07-20,WS_34660,Well,27.956986,94.886169,7.33,1.677,37.863,55.0,8.5,34.2,0.65,0.041,0.35,0.83,0.036,Lab Analysis,Agency_2,1,Safe,140.0
Imphal Rural,Manipur,2023-05-24,WS_65571,Tube Well,26.659427,91.200364,6.33,3.939,15.964,71.0,7.2,15.3,0.99,0.006,1.67,0.73,0.04,IoT Sensor,Agency_5,1,Safe,140.0
Karimganj Village,Assam,2023-09-21,WS_77169,Piped Supply,25.756448,90.252901,6.71,5.042,55.945,56.0,8.2,40.2,0.23,0.029,0.33,0.77,0.042,Lab Analysis,Agency_3,1,Safe,
Wokha Rural,Nagaland,2023-12-30,WS_17119,River,25.236591,90.260606,7.91,2.968,34.134,49.0,6.1,27.9,1.89,0.005,1.4,1.13,0.002,IoT Sensor,Agency_7,1,Safe,
Wokha Rural,Nagaland,2023-12-07,WS_76897,Tube Well,28.201437,96.713572,6.72,9.675,24.807,19.0,8.7,39.7,0.16,0.01,1.21,1.09,0.042,Lab Analysis,Agency_6,0,Safe,127.0
Serchhip Village,Mizoram,2023-11-18,WS_65380,Pond,24.543054,94.987687,5.3,57.824,2111.31,4222.0,3.4,134.0,12.2,1.73,1.03,1.34,0.028,IoT Sensor,Agency_4,0,High,
Lunglei Village,Mizoram,2024-01-11,WS_47698,Well,27.706439,89.03483,7.82,2.288,56.312,81.0,5.6,43.9,0.8,0.004,0.97,0.13,0.045,Water Testing Kit,Agency_5,1,Safe,144.0
Gangtok Rural,Sikkim,2023-02-20,WS_12355,Well,23.424684,96.351924,8.31,7.018,5.785,76.0,7.6,18.3,1.71,0.038,1.87,0.96,0.019,IoT Sensor,Agency_4,0,Safe,7.0
Thoubal Village,Manipur,2023-07-22,WS_80762,River,23.905955,92.164677,5.3,63.956,1213.464,2754.0,2.6,145.4,5.31,0.37,0.61,0.6,0.027,Water Testing Kit,Agency_2,0,High,
Teliamura Rural,Tripura,2023-04-07,WS_50774,Well,24.130107,88.341992,5.3,96.676,1911.882,712.0,3.4,119.1,5.65,0.53,0.59,1.19,0.047,Water Testing Kit,Agency_1,0,High,5.0
Lunglei Village,Mizoram,2023-12-09,WS_31652,Piped Supply,28.361346,94.062676,8.15,1.978,17.26,9.0,8.4,14.2,0.38,0.016,1.02,0.16,0.007,IoT Sensor,Agency_5,1,Safe,
Amarpur Village,Tripura,2023-08-11,WS_29061,Piped Supply,26.879089,93.456421,7.03,9.261,5.777,34.0,6.3,23.9,1.06,0.011,0.6,0.06,0.009,IoT Sensor,Agency_3,0,Safe,
Jiribam Village,Manipur,2023-05-12,WS_68791,River,24.528689,88.692822,5.79,108.205,2126.368,2269.0,1.0,55.5,14.9,1.39,1.26,0.4,0.001,Lab Analysis,Agency_2,0,High,
Dharmanagar Rural,Tripura,2024-01-22,WS_49063,Pond,24.222786,96.491165,5.3,53.931,662.813,2564.0,3.5,158.4,20.09,1.24,1.77,0.45,0.01,Water Testing Kit,Agency_3,0,High,
Jowai Rural,Meghalaya,2023-08-21,WS_97426,Piped Supply,26.501383,89.87282,6.68,7.157,40.567,39.0,5.9,15.3,1.6,0.037,0.4,0.89,0.033,Water Testing Kit,Agency_8,0,Safe,
Imphal Rural,Manipur,2023-05-23,WS_94961,Well,24.775729,92.521776,6.56,1.828,2.663,64.0,7.1,41.3,1.39,0.032,1.63,0.51,0.022,Water Testing Kit,Agency_6,1,Safe,38.0
Tuensang Village,Nagaland,2023-03-11,WS_89862,River,28.014997,95.440624,6.66,7.522,34.875,55.0,6.3,16.4,0.17,0.038,1.59,0.86,0.05,Water Testing Kit,Agency_4,0,Safe,
Senapati Rural,Manipur,2023-06-30,WS_24434,Tube Well,25.451482,90.74147,8.76,5.031,10.63,42.0,7.7,40.0,0.38,0.028,0.6,0.8,0.003,Water Testing Kit,Agency_9,1,Safe,125.0
Jiribam Village,Manipur,2023-10-27,WS_63035,River,24.341874,88.781638,6.94,1.637,38.907,74.0,7.5,42.3,1.18,0.028,0.95,0.95,0.041,Lab Analysis,Agency_9,1,Safe,
Gyalshing Rural,Sikkim,2024-02-02,WS_88659,Well,24.190675,93.04205,6.95,6.342,14.808,47.0,8.1,28.5,2.22,0.04,1.72,0.71,0.016,IoT Sensor,Agency_4,0,Safe,123.0
Wokha Rural,Nagaland,2023-04-29,WS_47389,Piped Supply,25.619401,91.94298,7.6,1.053,37.416,75.0,7.3,39.5,0.86,0.025,1.99,1.46,0.004,IoT Sensor,Agency_1,1,Safe,
Udaipur Village,Tripura,2023-07-23,WS_98323,Pond,24.932774,91.371636,6.43,84.852,2136.973,442.0,2.1,55.2,9.21,0.86,0.76,0.19,0.047,IoT Sensor,Agency_3,0,High,
Jorethang Rural,Sikkim,2023-05-16,WS_68685,Well,25.566501,91.437432,7.49,3.549,50.176,95.0,5.3,31.5,0.34,0.045,1.17,0.59,0.012,IoT Sensor,Agency_3,1,Safe,38.0
Jowai Rural,Meghalaya,2024-02-18,WS_13348,Well,28.519562,89.101777,7.41,7.953,46.08,3.0,5.5,39.7,1.96,0.001,0.15,0.97,0.04,Water Testing Kit,Agency_9,0,Safe,76.0
Agartala Rural,Tripura,2023-05-19,WS_72583,Tube Well,27.43317,96.632533,6.8,4.935,37.344,86.0,5.5,4.9,0.95,0.021,0.29,0.35,0.019,IoT Sensor,Agency_8,1,Safe,41.0
Saitual Rural,Mizoram,2023-12-16,WS_32213,Tube Well,24.789242,92.496136,7.08,4.394,21.325,49.0,5.0,39.0,0.17,0.021,0.99,0.2,0.019,Water Testing Kit,Agency_9,1,Safe,44.0
Williamnagar Village,Meghalaya,2023-06-11,WS_29287,River,27.258192,94.074048,8.19,9.312,27.827,71.0,6.9,26.9,1.31,0.007,0.8,0.27,0.024,Lab Analysis,Agency_6,0,Safe,
Nongpoh Village,Meghalaya,2023-09-11,WS_64130,River,25.631396,92.057345,5.98,21.411,248.783,1729.0,3.0,155.8,23.03,0.31,0.26,0.41,0.008,Water Testing Kit,Agency_4,0,High,
Kailashahar Village,Tripura,2023-12-03,WS_50921,Piped Supply,27.732678,95.420801,6.67,5.745,63.22,4.0,5.8,22.1,1.79,0.031,1.44,1.09,0.034,IoT Sensor,Agency_5,0,Safe,
Hnahthial Village,Mizoram,2023-09-15,WS_99552,Well,25.337194,90.758582,7.03,3.273,31.919,80.0,8.5,23.0,1.72,0.043,0.26,0.49,0.041,Water Testing Kit,Agency_1,1,Safe,82.0
Khliehriat Village,Meghalaya,2024-03-13,WS_78036,Well,28.768408,91.734908,7.37,9.168,56.557,75.0,7.9,39.8,2.39,0.048,0.88,0.77,0.02,Lab Analysis,Agency_1,0,Safe,14.0
Thoubal Village,Manipur,2023-04-03,WS_27171,River,24.190759,88.408242,5.3,93.235,691.975,864.0,1.5,153.3,7.77,1.95,1.42,1.06,0.03,Water Testing Kit,Agency_5,0,High,
Pasighat Rural,Arunachal Pradesh,2023-12-25,WS_94859,River,28.130283,89.931887,5.97,41.589,1814.041,1681.0,2.2,174.1,24.94,0.33,0.62,0.51,0.043,Water Testing Kit,Agency_5,0,High,
Williamnagar Village,Meghalaya,2023-10-03,WS_75535,River,24.589256,95.754682,7.85,4.423,14.465,62.0,6.8,34.8,1.55,0.044,1.01,1.28,0.046,Water Testing Kit,Agency_7,1,Safe,
Gangtok Rural,Sikkim,2023-04-08,WS_12100,Well,23.601656,96.280958,8.19,0.35,3.9,86.0,5.2,30.5,0.96,0.041,1.74,1.36,0.005,Lab Analysis,Agency_5,1,Safe,68.0
Saitual Rural,Mizoram,2023-02-28,WS_79967,Pond,26.467231,90.333307,6.61,7.285,27.248,40.0,6.1,15.0,2.59,0.039,1.33,1.36,0.003,Lab Analysis,Agency_9,0,Safe,
Hnahthial Village,Mizoram,2023-09-18,WS_99552,Well,25.337194,90.758582,6.85,3.597,37.71,80.0,8.5,23.0,1.72,0.043,0.26,0.49,0.041,Water Testing Kit,Agency_1,1,Safe,82.0
Karimganj Village,Assam,2023-08-29,WS_59476,Pond,26.306746,91.875114,7.67,0.109,16.048,38.0,8.7,20.9,1.52,0.033,0.68,0.52,0.047,Water Testing Kit,Agency_1,1,Safe,
Resubelpara Rural,Meghalaya,2023-04-15,WS_91419,Tube Well,25.228818,94.615181,6.67,5.682,45.689,86.0,7.6,6.3,0.78,0.032,0.68,0.04,0.0,Lab Analysis,Agency_7,0,Safe,12.0
Jiribam Village,Manipur,2023-06-27,WS_75225,Pond,23.489374,93.528472,6.78,0.963,18.572,88.0,6.2,18.8,0.93,0.049,0.84,0.29,0.012,Lab Analysis,Agency_1,1,Safe,
Tezpur Rural,Assam,2024-01-21,WS_43302,Well,28.620453,96.859223,7.6,7.996,41.091,83.0,7.0,9.7,2.17,0.035,0.91,1.08,0.001,IoT Sensor,Agency_7,0,Safe,52.0
Resubelpara Rural,Meghalaya,2023-12-17,WS_56349,Tube Well,28.610708,91.728833,7.15,6.121,55.449,21.0,8.1,36.3,0.92,0.025,1.25,1.37,0.029,Water Testing Kit,Agency_2,0,Safe,75.0
Khliehriat Village,Meghalaya,2023-06-10,WS_23161,Pond,26.163048,91.487379,5.3,67.601,2219.837,1490.0,3.0,173.8,14.77,0.15,1.96,0.73,0.049,Water Testing Kit,Agency_7,0,High,
Mokokchung Rural,Nagaland,2023-05-06,WS_63370,Spring,24.17886,96.125567,7.59,3.225,60.322,49.0,6.1,43.5,2.12,0.023,1.94,0.4,0.025,IoT Sensor,Agency_4,1,Safe,
Williamnagar Village,Meghalaya,2023-12-29,WS_88497,Pond,27.117259,94.449028,5.3,41.392,169.29,3215.0,2.8,177.8,18.95,1.32,1.99,1.18,0.029,IoT Sensor,Agency_2,0,High,
Thoubal Village,Manipur,2023-09-23,WS_51442,Spring,28.611751,95.314276,5.87,74.683,963.481,4719.0,2.6,165.8,7.45,0.53,1.91,1.32,0.036,Water Testing Kit,Agency_8,0,High,
Senapati Rural,Manipur,2023-10-13,WS_55280,Well,24.009219,90.364426,5.53,95.65,519.932,1641.0,1.8,122.6,24.29,0.84,1.25,0.15,0.045,Lab Analysis,Agency_5,0,High,168.0
Udaipur Village,Tripura,2023-05-01,WS_85880,Well,26.819243,96.507292,6.63,5.868,18.799,99.0,6.4,36.9,0.74,0.009,1.8,0.8,0.03,IoT Sensor,Agency_4,0,Safe,80.0
Rangpo Rural,Sikkim,2024-01-08,WS_81070,Well,25.818451,90.487871,5.3,104.86,1700.728,642.0,3.9,130.9,13.33,1.59,0.63,1.0,0.037,Water Testing Kit,Agency_9,0,High,169.0
Wokha Rural,Nagaland,2023-10-29,WS_42310,River,25.788571,96.845026,7.75,7.039,46.461,88.0,6.3,6.9,2.67,0.03,0.83,0.77,0.04,Water Testing Kit,Agency_6,0,Safe,
Saitual Rural,Mizoram,2023-04-12,WS_43215,Tube Well,23.250314,96.563476,7.91,1.451,26.421,88.0,8.9,5.0,1.76,0.037,0.47,0.45,0.032,Water Testing Kit,Agency_4,1,Safe,173.0
Churachandpur Village,Manipur,2023-12-20,WS_18826,Well,27.946766,93.712981,7.51,5.379,41.028,75.0,7.0,16.8,2.84,0.017,0.37,0.29,0.006,IoT Sensor,Agency_1,1,Safe,84.0
Tezpur Rural,Assam,2023-02-17,WS_70477,Well,24.713267,93.201036,6.99,1.033,45.283,49.0,8.1,40.6,1.15,0.003,0.63,1.17,0.019,IoT Sensor,Agency_9,1,Safe,17.0
Roing Village,Arunachal Pradesh,2023-12-23,WS_49084,Well,26.710521,90.011458,5.3,52.512,2034.727,1472.0,1.5,137.2,20.22,0.24,1.14,0.46,0.026,Water Testing Kit,Agency_2,0,High,45.0
Senapati Rural,Manipur,2024-02-16,WS_74461,River,24.544227,88.775815,7.8,5.198,57.651,10.0,6.9,27.6,0.35,0.029,1.41,0.22,0.039,Water Testing Kit,Agency_9,1,Safe,
Thoubal Village,Manipur,2023-05-05,WS_75517,River,24.204441,88.305081,7.19,3.818,58.045,4.0,5.4,41.8,0.81,0.015,1.95,1.13,0.046,IoT Sensor,Agency_2,1,Safe,
Wokha Rural,Nagaland,2024-02-12,WS_76897,Tube Well,28.201437,96.713572,6.76,9.081,21.647,19.0,8.7,39.7,0.16,0.01,1.21,1.09,0.042,Lab Analysis,Agency_6,0,Safe,127.0
Ukhrul Village,Manipur,2024-01-19,WS_16134,Piped Supply,25.724719,91.075707,7.36,6.106,62.902,1.0,6.1,34.1,1.41,0.008,0.11,0.91,0.026,Water Testing Kit,Agency_8,0,Safe,
Ziro Village,Arunachal Pradesh,2023-10-17,WS_78188,Well,26.950706,88.975054,8.07,7.295,40.019,79.0,6.8,40.8,1.38,0.001,1.3,0.42,0.045,Water Testing Kit,Agency_7,0,Safe,91.0
Churachandpur Village,Manipur,2023-05-22,WS_95074,Well,28.69754,95.013705,6.0,63.977,259.686,2314.0,2.2,86.9,12.44,0.46,1.28,1.02,0.022,Water Testing Kit,Agency_9,0,High,60.0
Ziro Village,Arunachal Pradesh,2023-05-15,WS_10352,Piped Supply,24.333856,90.949043,6.09,97.703,2189.549,2852.0,3.9,118.8,24.73,1.78,0.11,1.4,0.006,IoT Sensor,Agency_4,0,High,
Udaipur Village,Tripura,2023-12-13,WS_50299,River,24.162441,96.226913,5.3,105.715,967.067,3653.0,3.0,180.3,11.69,0.21,0.38,0.79,0.038,Lab Analysis,Agency_6,0,High,
Tezpur Rural,Assam,2023-03-29,WS_82763,Piped Supply,28.135897,88.903136,5.71,33.988,2169.601,3750.0,1.5,163.5,20.8,1.86,1.72,0.75,0.033,Water Testing Kit,Agency_7,0,High,
Tuensang Village,Nagaland,2023-12-13,WS_31611,Pond,27.09123,96.088176,8.47,6.242,41.084,25.0,8.8,38.3,2.62,0.01,0.2,0.48,0.018,Lab Analysis,Agency_9,0,Safe,
Lunglei Village,Mizoram,2023-08-03,WS_89746,River,27.905308,88.233132,7.28,7.189,29.956,41.0,8.2,5.6,2.78,0.025,1.62,1.18,0.046,Water Testing Kit,Agency_2,0,Safe,
Wokha Rural,Nagaland,2023-02-22,WS_34656,Pond,23.151866,89.520147,6.83,6.695,64.79,62.0,7.0,1.6,2.04,0.05,0.14,0.29,0.027,Lab Analysis,Agency_6,0,Safe,
Tezpur Village,Arunachal Pradesh,2023-05-03,WS_54435,River,28.324456,93.49941,6.96,2.313,68.547,30.0,7.5,37.3,0.01,0.014,1.88,0.84,0.025,Water Testing Kit,Agency_9,1,Safe,
Agartala Rural,Tripura,2024-02-05,WS_94292,Well,26.542824,94.635281,8.79,7.444,28.024,9.0,6.2,39.9,0.46,0.033,0.12,1.2,0.023,Water Testing Kit,Agency_1,0,Safe,32.0
Pakyong Village,Sikkim,2023-02-12,WS_76457,Pond,28.502166,94.810948,7.52,3.101,60.886,62.0,6.2,38.2,0.45,0.023,1.24,0.18,0.041,Lab Analysis,Agency_8,1,Safe,
Serchhip Village,Mizoram,2023-07-23,WS_48253,Tube Well,28.528333,91.065554,8.22,5.528,16.18,87.0,8.2,17.9,2.53,0.0,1.32,0.93,0.024,Water Testing Kit,Agency_6,0,Safe,197.0
Mangan Village,Sikkim,2023-09-23,WS_32295,Spring,24.796468,96.555186,7.59,4.383,13.664,24.0,5.9,40.1,2.75,0.016,0.27,0.2,0.039,Water Testing Kit,Agency_3,1,Safe,
Silchar Village,Assam,2023-05-30,WS_93708,River,23.204067,92.783528,5.9,108.082,2754.731,588.0,3.6,139.0,9.31,0.67,1.17,0.38,0.047,Water Testing Kit,Agency_3,0,High,
Mokokchung Rural,Nagaland,2023-05-10,WS_67427,River,25.24159,88.271535,8.77,6.208,36.205,19.0,6.5,35.3,2.89,0.03,0.0,1.34,0.037,Water Testing Kit,Agency_3,0,Safe,
Churachandpur Village,Manipur,2023-10-13,WS_25437,River,24.063858,93.219115,5.3,23.41,1986.72,4423.0,1.4,77.8,5.59,0.52,0.44,1.02,0.023,IoT Sensor,Agency_9,0,High,
Ziro Village,Arunachal Pradesh,2024-02-13,WS_97611,Well,24.100376,89.376599,6.83,3.538,25.874,29.0,6.0,27.7,2.48,0.025,0.71,0.96,0.034,Water Testing Kit,Agency_2,1,Safe,41.0
Lunglei Village,Mizoram,2023-04-09,WS_10461,Pond,26.162395,96.44857,5.3,29.369,2285.973,3615.0,3.9,116.1,22.58,1.65,0.55,0.48,0.0,Lab Analysis,Agency_8,0,High,
Pasighat Rural,Arunachal Pradesh,2024-02-04,WS_14929,Piped Supply,23.523298,92.229141,7.93,2.918,42.289,66.0,7.3,35.4,0.16,0.032,0.51,1.16,0.025,Water Testing Kit,Agency_9,1,Safe,
Williamnagar Village,Meghalaya,2023-10-16,WS_97364,Piped Supply,27.917116,95.210079,7.91,8.846,74.098,19.0,8.6,13.1,0.79,0.011,0.57,0.45,0.049,Water Testing Kit,Agency_1,0,Safe,
Baghmara Rural,Meghalaya,2023-07-04,WS_39824,River,23.387805,94.372198,5.77,85.409,2138.207,2102.0,3.7,179.5,19.51,1.51,1.08,1.45,0.006,Water Testing Kit,Agency_6,0,High,
Aizawl Rural,Mizoram,2024-01-04,WS_19688,River,24.053797,96.306378,6.51,63.682,2108.055,3467.0,1.4,167.3,9.96,1.79,0.05,0.6,0.011,Water Testing Kit,Agency_7,0,High,
Baghmara Rural,Meghalaya,2023-11-20,WS_13533,River,26.180211,90.025286,6.31,45.78,1555.572,882.0,3.2,131.0,23.68,1.41,0.68,0.56,0.046,Lab Analysis,Agency_4,0,High,
Tawang Rural,Arunachal Pradesh,2024-02-08,WS_31950,Tube Well,27.865729,88.009084,6.83,7.001,29.875,33.0,9.0,7.4,0.49,0.03,1.42,0.76,0.043,IoT Sensor,Agency_5,0,Safe,35.0
Shillong Rural,Meghalaya,2024-02-10,WS_90189,Well,26.181075,89.419305,5.3,29.033,1891.526,1164.0,3.1,176.0,19.83,1.55,0.1,0.61,0.045,Water Testing Kit,Agency_9,0,High,17.0
Ziro Village,Arunachal Pradesh,2023-09-06,WS_93129,Piped Supply,28.292753,91.38334,8.49,6.053,24.227,18.0,5.5,36.6,2.3,0.045,0.68,1.07,0.036,IoT Sensor,Agency_2,0,Safe,
Gyalshing Rural,Sikkim,2024-02-23,WS_40500,River,26.637618,93.348385,7.77,2.231,25.671,68.0,5.5,39.8,1.21,0.023,1.4,0.77,0.027,Lab Analysis,Agency_1,1,Safe,
Saitual Rural,Mizoram,2024-02-16,WS_97448,Well,27.448385,90.770516,8.47,6.406,55.141,89.0,7.2,25.1,2.72,0.044,0.24,1.08,0.045,Water Testing Kit,Agency_9,0,Safe,96.0
Lawngtlai Village,Mizoram,2023-08-03,WS_35059,Tube Well,24.441767,95.250708,6.35,40.647,811.935,3441.0,1.3,130.1,21.32,1.04,1.88,1.13,0.002,IoT Sensor,Agency_3,0,High,99.0
Dibrugarh Rural,Assam,2024-02-23,WS_52759,Tube Well,24.498435,92.432757,7.56,0.356,56.199,75.0,5.7,18.5,1.89,0.009,1.39,0.84,0.011,Water Testing Kit,Agency_5,1,Safe,24.0
Churachandpur Village,Manipur,2023-02-20,WS_33742,Well,27.032724,89.049986,8.04,2.651,9.536,41.0,8.9,0.5,1.51,0.033,1.53,0.94,0.049,Lab Analysis,Agency_3,1,Safe,82.0
Pasighat Rural,Arunachal Pradesh,2023-04-23,WS_22083,Pond,27.302026,88.011308,7.12,5.376,18.32,11.0,6.2,21.2,0.89,0.031,0.0,0.2,0.024,Lab Analysis,Agency_8,1,Safe,
Gangtok Rural,Sikkim,2023-03-12,WS_41598,River,24.402745,92.716812,5.3,103.12,1733.907,3505.0,3.0,69.2,5.08,0.94,0.52,1.49,0.036,Water Testing Kit,Agency_1,0,High,
Phek Rural,Nagaland,2023-09-13,WS_94598,Well,28.434387,95.463962,5.52,44.423,1936.16,3242.0,2.7,123.0,10.16,0.22,1.24,0.68,0.023,Water Testing Kit,Agency_8,0,High,22.0
Saitual Rural,Mizoram,2023-10-15,WS_65169,River,25.561375,93.653764,5.9,114.204,1795.82,4117.0,2.2,60.9,15.29,1.82,0.56,0.13,0.026,IoT Sensor,Agency_9,0,High,
Kolasib Rural,Mizoram,2023-11-07,WS_87562,Pond,25.42833,90.692035,5.3,100.834,2332.095,2267.0,2.0,108.1,9.67,0.43,0.45,0.09,0.002,Water Testing Kit,Agency_2,0,High,
Dibrugarh Rural,Assam,2023-06-24,WS_15296,River,24.650274,88.721256,7.36,9.698,56.247,35.0,8.9,13.6,1.73,0.035,0.81,1.31,0.024,IoT Sensor,Agency_5,0,Safe,
Nongpoh Village,Meghalaya,2024-01-24,WS_17930,Pond,28.515934,91.631187,6.75,5.004,54.838,2.0,5.3,40.9,2.21,0.027,1.28,1.24,0.023,Water Testing Kit,Agency_5,1,Safe,
Dharmanagar Rural,Tripura,2023-09-09,WS_39457,River,28.303922,88.727847,5.78,35.816,569.206,2347.0,3.9,183.8,21.53,1.72,1.99,0.83,0.027,Water Testing Kit,Agency_4,0,High,
Pakyong Village,Sikkim,2023-10-14,WS_17550,Piped Supply,27.558331,92.6676,7.76,3.154,26.34,95.0,7.1,17.9,2.12,0.004,1.44,1.41,0.027,IoT Sensor,Agency_6,1,Safe,
Singtam Village,Sikkim,2023-05-29,WS_34115,River,25.421154,90.457381,7.24,7.755,57.254,14.0,5.2,14.4,2.14,0.025,0.19,0.56,0.034,Water Testing Kit,Agency_8,0,Safe,
Jorethang Rural,Sikkim,2023-06-02,WS_68577,Well,24.076989,95.979807,7.18,2.521,41.176,56.0,7.3,7.7,2.04,0.015,1.0,0.27,0.041,IoT Sensor,Agency_9,1,Safe,148.0
Mangan Village,Sikkim,2023-01-23,WS_22892,Piped Supply,24.382952,89.084818,7.85,8.344,18.645,19.0,5.8,18.0,0.16,0.024,1.92,0.11,0.038,Water Testing Kit,Agency_1,0,Safe,
Bomdila Rural,Arunachal Pradesh,2023-05-14,WS_56595,Pond,25.976934,90.80704,8.38,2.487,57.621,3.0,6.8,28.5,0.87,0.034,0.57,0.75,0.0,Lab Analysis,Agency_9,1,Safe,
Serchhip Village,Mizoram,2023-06-07,WS_56411,Pond,23.345839,95.540162,5.3,99.155,1910.754,2340.0,3.1,72.8,20.05,1.0,0.67,0.63,0.001,Water Testing Kit,Agency_4,0,High,
Imphal Rural,Manipur,2023-05-03,WS_82809,Tube Well,24.008728,91.576407,7.26,3.247,12.953,52.0,6.5,0.7,1.18,0.003,0.68,0.59,0.033,Water Testing Kit,Agency_9,1,Safe,159.0
Dibrugarh Rural,Assam,2023-01-30,WS_26976,Pond,28.832331,88.584583,5.3,85.096,1940.635,3251.0,3.1,85.4,24.3,0.53,1.55,0.16,0.039,IoT Sensor,Agency_7,0,High,
Kailashahar Village,Tripura,2024-02-04,WS_62560,Spring,26.991294,89.701645,7.4,2.415,31.464,83.0,6.0,6.3,2.25,0.035,0.48,1.39,0.0,Lab Analysis,Agency_6,1,Safe,
Kailashahar Village,Tripura,2023-03-09,WS_69481,Tube Well,27.417502,89.197624,7.21,6.133,30.528,54.0,5.8,3.0,0.77,0.016,0.57,0.13,0.031,Water Testing Kit,Agency_4,0,Safe,176.0
Serchhip Village,Mizoram,2023-04-13,WS_56411,Pond,23.345839,95.540162,5.3,121.226,2395.472,2340.0,3.1,72.8,20.05,1.0,0.67,0.63,0.001,Water Testing Kit,Agency_4,0,High,
Tuensang Village,Nagaland,2023-09-04,WS_82261,River,23.397461,93.929165,7.01,0.391,23.67,15.0,8.9,41.6,0.43,0.017,1.33,1.11,0.011,Water Testing Kit,Agency_9,1,Safe,
Ziro Village,Arunachal Pradesh,2023-05-12,WS_75816,Tube Well,24.081723,89.882517,7.42,5.076,46.197,30.0,8.8,13.8,2.63,0.001,0.84,0.47,0.002,Lab Analysis,Agency_7,1,Safe,107.0
Teliamura Rural,Tripura,2023-07-14,WS_31574,River,26.16084,94.314322,7.92,6.88,15.885,36.0,8.4,1.0,2.34,0.02,1.61,1.04,0.023,Water Testing Kit,Agency_8,0,Safe,
Jowai Rural,Meghalaya,2023-09-13,WS_74256,Well,23.932473,96.892622,5.3,39.97,456.556,4033.0,1.7,127.4,20.12,1.39,0.89,0.81,0.013,IoT Sensor,Agency_8,0,High,139.0
Phek Rural,Nagaland,2023-12-14,WS_84086,Well,23.589385,94.501393,5.74,28.655,903.29,2104.0,1.7,156.3,14.38,1.9,0.46,1.15,0.045,IoT Sensor,Agency_3,0,High,156.0
Shillong Rural,Meghalaya,2023-08-24,WS_31133,Piped Supply,28.922875,91.510046,7.52,1.004,56.905,66.0,6.4,23.6,2.62,0.002,1.73,0.6,0.033,Lab Analysis,Agency_9,1,Safe,
Tura Village,Meghalaya,2024-01-19,WS_10092,Tube Well,27.287319,88.615631,5.52,87.241,1812.098,986.0,3.9,151.5,12.43,0.77,1.31,1.2,0.045,Water Testing Kit,Agency_9,0,High,84.0
Tuensang Village,Nagaland,2023-09-19,WS_65558,Well,27.64381,95.33029,6.66,28.156,521.6,1018.0,2.8,123.9,19.47,0.75,1.43,0.61,0.031,IoT Sensor,Agency_7,0,High,17.0
Jiribam Village,Manipur,2023-11-12,WS_83316,Well,28.871003,94.236744,7.62,0.93,6.16,1.0,6.2,33.1,2.0,0.05,0.75,0.37,0.011,Water Testing Kit,Agency_3,1,Safe,54.0
Roing Village,Arunachal Pradesh,2023-11-14,WS_49084,Well,26.710521,90.011458,5.46,42.263,1479.898,1472.0,1.5,137.2,20.22,0.24,1.14,0.46,0.026,Water Testing Kit,Agency_2,0,High,45.0
Serchhip Village,Mizoram,2023-09-21,WS_64811,Well,25.939028,88.276025,7.09,7.129,16.773,0.0,8.9,23.0,0.24,0.005,1.48,1.39,0.05,Water Testing Kit,Agency_7,0,Safe,158.0
Ukhrul Village,Manipur,2023-09-09,WS_26417,Spring,25.686185,92.715089,6.83,3.79,31.678,79.0,7.7,24.4,1.34,0.013,0.68,0.73,0.038,Water Testing Kit,Agency_6,1,Safe,
Belonia Rural,Tripura,2023-05-30,WS_33607,Well,25.592626,96.828772,7.67,6.899,62.94,54.0,6.2,35.7,2.79,0.012,0.04,1.22,0.005,Water Testing Kit,Agency_8,0,Safe,104.0
Saitual Rural,Mizoram,2024-01-02,WS_13988,River,24.709516,90.174676,7.46,6.066,5.809,98.0,5.3,28.6,0.07,0.026,0.27,0.87,0.044,IoT Sensor,Agency_2,0,Safe,
Gyalshing Rural,Sikkim,2023-07-31,WS_80665,Well,23.19704,93.046529,6.14,78.149,363.531,2870.0,1.8,164.2,21.28,1.06,1.02,0.32,0.027,Water Testing Kit,Agency_1,0,High,148.0
Roing Village,Arunachal Pradesh,2023-06-14,WS_36542,Pond,23.354178,94.626273,6.98,6.628,41.29,49.0,5.5,37.6,1.7,0.027,1.01,1.17,0.043,Lab Analysis,Agency_7,0,Safe,
Dimapur Village,Nagaland,2023-11-28,WS_74178,Piped Supply,26.785226,94.561176,6.64,6.843,46.415,10.0,6.7,24.8,2.42,0.032,1.37,1.27,0.045,Water Testing Kit,Agency_5,0,Safe,
Resubelpara Rural,Meghalaya,2023-10-31,WS_33261,Well,26.529257,91.528288,6.67,0.664,0.0,61.0,7.5,11.9,0.84,0.017,0.59,1.24,0.005,IoT Sensor,Agency_7,1,Safe,158.0
Tuensang Village,Nagaland,2023-08-15,WS_40474,Well,23.97489,92.957448,6.09,52.651,236.891,3383.0,3.0,84.1,13.21,1.19,0.36,0.31,0.024,Water Testing Kit,Agency_7,0,High,26.0
Serchhip Village,Mizoram,2024-01-19,WS_71178,Well,24.717953,93.701603,8.08,6.932,23.558,66.0,5.3,32.3,0.75,0.047,0.19,0.08,0.035,IoT Sensor,Agency_2,0,Safe,193.0
Singtam Village,Sikkim,2023-02-07,WS_24204,River,25.026221,88.763439,6.87,3.337,69.646,6.0,8.1,32.3,2.71,0.005,0.1,1.45,0.036,Lab Analysis,Agency_5,1,Safe,
Namchi Village,Sikkim,2023-06-13,WS_77010,Well,24.400224,89.500812,5.3,73.186,326.032,2000.0,3.7,181.4,11.22,0.53,0.42,0.32,0.031,Water Testing Kit,Agency_3,0,High,30.0
Lawngtlai Village,Mizoram,2023-12-13,WS_15890,Tube Well,28.555566,94.508142,8.12,6.958,23.295,74.0,7.6,14.0,1.61,0.023,0.11,0.32,0.016,IoT Sensor,Agency_5,0,Safe,90.0
Gyalshing Rural,Sikkim,2024-01-01,WS_34438,River,28.318805,90.0246,7.64,2.822,5.649,73.0,6.2,11.1,2.07,0.022,1.63,1.47,0.039,IoT Sensor,Agency_7,1,Safe,
Roing Village,Arunachal Pradesh,2023-12-01,WS_52147,Piped Supply,23.975314,89.361587,8.06,6.002,32.018,14.0,8.7,28.1,1.32,0.022,0.43,1.36,0.018,Water Testing Kit,Agency_4,0,Safe,
Thoubal Village,Manipur,2023-03-30,WS_77232,Well,28.904845,88.593612,8.47,7.465,49.367,2.0,8.6,41.0,1.99,0.015,1.31,0.42,0.004,Water Testing Kit,Agency_7,0,Safe,111.0
Williamnagar Village,Meghalaya,2023-04-01,WS_23785,Piped Supply,26.320746,94.355926,6.89,7.836,2.631,30.0,7.5,44.1,2.97,0.022,0.4,1.12,0.018,Water Testing Kit,Agency_5,0,Safe,
Khowai Village,Tripura,2023-11-28,WS_77652,Spring,24.773152,94.168573,7.5,6.549,52.181,97.0,7.2,34.0,0.58,0.008,0.2,0.4,0.008,Water Testing Kit,Agency_4,0,Safe,
Mokokchung Rural,Nagaland,2023-07-28,WS_68028,River,25.808965,93.951473,6.3,73.511,1431.793,2068.0,3.1,175.0,14.9,1.14,1.86,0.21,0.026,IoT Sensor,Agency_1,0,High,
Senapati Rural,Manipur,2024-02-15,WS_74461,River,24.544227,88.775815,7.68,5.512,61.601,10.0,6.9,27.6,0.35,0.029,1.41,0.22,0.039,Water Testing Kit,Agency_9,0,Safe,
Singtam Village,Sikkim,2023-12-18,WS_72107,Tube Well,24.587361,96.161102,5.99,21.56,1073.12,2372.0,2.7,185.6,23.0,1.66,0.31,1.38,0.028,Lab Analysis,Agency_2,0,High,66.0
Imphal Rural,Manipur,2023-04-05,WS_48693,Piped Supply,24.49337,96.847425,6.7,8.447,15.872,89.0,8.7,22.1,1.24,0.014,1.69,0.03,0.021,Lab Analysis,Agency_4,0,Safe,
Roing Village,Arunachal Pradesh,2023-09-29,WS_24539,Piped Supply,27.407903,89.749345,7.51,9.677,44.016,84.0,6.4,13.2,0.77,0.025,1.25,0.89,0.03,Water Testing Kit,Agency_4,0,Safe,
Wokha Rural,Nagaland,2023-12-03,WS_17119,River,25.236591,90.260606,7.68,2.847,32.936,49.0,6.1,27.9,1.89,0.005,1.4,1.13,0.002,IoT Sensor,Agency_7,1,Safe,
Nongpoh Village,Meghalaya,2023-06-24,WS_32470,Well,23.224024,93.435547,7.65,6.278,21.065,65.0,5.1,16.7,1.89,0.01,1.16,1.17,0.035,Water Testing Kit,Agency_8,0,Safe,172.0
Lunglei Village,Mizoram,2024-02-02,WS_86892,Well,28.850284,90.973225,7.83,1.884,58.816,90.0,7.8,22.4,2.32,0.019,0.99,1.33,0.004,Water Testing Kit,Agency_8,1,Safe,187.0
Tuensang Village,Nagaland,2023-09-13,WS_64780,Pond,26.016636,89.565544,7.54,0.232,22.423,59.0,7.6,4.3,1.49,0.022,1.35,1.33,0.008,IoT Sensor,Agency_1,1,Safe,
Roing Village,Arunachal Pradesh,2023-09-07,WS_40375,Tube Well,26.449332,96.37401,6.26,65.862,2809.814,4409.0,2.2,188.3,17.65,1.0,0.28,1.29,0.013,Water Testing Kit,Agency_7,0,High,30.0
Dimapur Village,Nagaland,2023-12-09,WS_82343,Well,27.239741,90.541392,7.82,2.176,34.336,66.0,6.1,21.0,2.44,0.027,0.05,1.28,0.001,IoT Sensor,Agency_3,1,Safe,184.0
Silchar Village,Assam,2024-01-21,WS_97781,River,25.108588,92.44949,5.61,36.242,287.039,1323.0,2.1,147.0,14.99,1.5,0.43,0.24,0.015,Water Testing Kit,Agency_1,0,High,
Belonia Rural,Tripura,2024-02-17,WS_25871,Well,26.478777,92.056261,8.08,0.123,10.417,33.0,5.8,24.8,0.12,0.041,1.13,0.11,0.019,Water Testing Kit,Agency_7,1,Safe,156.0
Tawang Rural,Arunachal Pradesh,2023-07-24,WS_27304,Piped Supply,27.508513,96.230152,6.25,51.509,619.222,2156.0,3.1,91.3,8.47,1.5,1.83,1.15,0.046,Lab Analysis,Agency_2,0,High,
Dibrugarh Rural,Assam,2024-01-14,WS_29158,Pond,23.711643,90.449805,5.3,27.007,2443.766,4176.0,2.7,135.7,15.08,0.53,1.51,0.34,0.027,Water Testing Kit,Agency_8,0,High,
Tuensang Village,Nagaland,2023-08-09,WS_76285,Well,27.146203,88.584604,7.54,9.048,8.996,23.0,7.6,43.6,2.2,0.006,1.78,0.63,0.009,Water Testing Kit,Agency_4,0,Safe,120.0
Nagaon Rural,Assam,2023-08-27,WS_24113,Piped Supply,26.35993,89.687262,7.88,5.045,56.974,54.0,6.4,31.7,1.56,0.049,1.11,0.3,0.04,Lab Analysis,Agency_2,1,Safe,
Belonia Rural,Tripura,2024-01-26,WS_50258,Well,27.065478,96.546599,6.81,1.906,28.058,97.0,8.9,21.5,2.41,0.028,0.4,1.12,0.011,Water Testing Kit,Agency_8,1,Safe,15.0
Dimapur Village,Nagaland,2023-11-20,WS_12420,Tube Well,24.43325,95.44818,6.97,3.116,33.729,10.0,7.8,12.1,0.45,0.003,0.79,0.71,0.031,Water Testing Kit,Agency_1,1,Safe,122.0
Naharlagun Village,Arunachal Pradesh,2023-11-03,WS_46136,Well,28.140438,91.278163,8.33,8.129,49.59,94.0,8.7,44.1,1.24,0.014,0.39,0.63,0.04,Water Testing Kit,Agency_6,0,Safe,163.0
Williamnagar Village,Meghalaya,2023-08-26,WS_46661,River,23.363994,93.347401,5.3,18.804,2045.258,339.0,1.1,94.7,17.65,0.78,0.72,1.3,0.011,IoT Sensor,Agency_5,0,High,
Dibrugarh Rural,Assam,2024-03-11,WS_52759,Tube Well,24.498435,92.432757,7.62,0.38,59.633,75.0,5.7,18.5,1.89,0.009,1.39,0.84,0.011,Water Testing Kit,Agency_5,1,Safe,24.0
Baghmara Rural,Meghalaya,2023-10-04,WS_70356,River,24.825596,89.444997,6.21,52.643,2119.29,1546.0,2.0,78.8,8.21,1.77,0.36,0.38,0.033,IoT Sensor,Agency_4,0,High,
Jorhat Village,Assam,2023-09-28,WS_52594,Piped Supply,26.274542,95.393843,7.74,0.636,60.515,21.0,7.5,29.1,2.41,0.025,0.41,1.27,0.018,IoT Sensor,Agency_9,1,Safe,
Jiribam Village,Manipur,2023-07-15,WS_75225,Pond,23.489374,93.528472,6.9,1.031,19.776,88.0,6.2,18.8,0.93,0.049,0.84,0.29,0.012,Lab Analysis,Agency_1,1,Safe,
Barpeta Village,Assam,2023-06-01,WS_81963,Well,28.991773,90.137074,7.27,3.424,0.0,4.0,7.8,21.6,2.55,0.038,1.08,0.45,0.043,Water Testing Kit,Agency_9,1,Safe,79.0
Nongpoh Village,Meghalaya,2023-08-16,WS_56824,Spring,24.068004,93.473918,7.23,8.597,59.292,69.0,7.7,15.5,0.73,0.031,1.22,0.47,0.031,IoT Sensor,Agency_9,0,Safe,
Tuensang Village,Nagaland,2023-04-06,WS_97149,River,25.745227,96.845181,6.04,107.911,1408.589,1713.0,1.7,199.7,22.01,0.63,1.98,1.16,0.042,IoT Sensor,Agency_1,0,High,
Jowai Rural,Meghalaya,2023-06-04,WS_88822,Well,26.596886,94.056075,7.62,1.53,6.985,56.0,5.2,7.4,2.85,0.037,0.04,0.57,0.027,Water Testing Kit,Agency_4,1,Safe,172.0
Ziro Village,Arunachal Pradesh,2023-08-15,WS_66072,River,26.832415,94.697285,8.31,0.881,55.567,28.0,7.2,35.3,1.64,0.006,1.3,1.06,0.018,Water Testing Kit,Agency_3,1,Safe,
Agartala Rural,Tripura,2023-04-14,WS_78614,River,28.528971,93.373328,8.1,8.705,22.741,91.0,6.8,23.0,1.56,0.003,1.76,0.13,0.011,IoT Sensor,Agency_5,0,Safe,
Kiphire Village,Nagaland,2023-04-23,WS_46174,Pond,27.328926,89.07743,6.45,0.361,28.266,15.0,7.2,0.4,1.38,0.015,0.92,1.29,0.025,IoT Sensor,Agency_9,1,Safe,
Nagaon Rural,Assam,2023-09-15,WS_89581,Pond,23.93769,91.336683,7.31,9.837,19.075,73.0,5.1,26.9,0.9,0.006,0.89,1.36,0.017,Water Testing Kit,Agency_6,0,Safe,
Kailashahar Village,Tripura,2023-02-10,WS_39743,Piped Supply,26.089216,89.650094,8.19,3.048,42.853,55.0,8.3,37.5,0.2,0.015,1.11,0.4,0.041,Lab Analysis,Agency_2,1,Safe,
Pasighat Rural,Arunachal Pradesh,2023-03-13,WS_10085,Piped Supply,26.543329,95.701038,8.9,5.38,31.076,84.0,6.5,14.2,1.51,0.029,1.91,0.19,0.028,IoT Sensor,Agency_2,1,Safe,
Imphal Rural,Manipur,2023-12-09,WS_91665,River,23.668165,94.616917,6.08,28.037,188.712,929.0,2.9,67.6,23.41,1.39,0.94,0.43,0.009,Water Testing Kit,Agency_4,0,High,
Nongpoh Village,Meghalaya,2023-07-30,WS_35793,Well,26.379906,94.753115,6.94,8.21,52.057,82.0,6.9,13.1,1.25,0.034,1.85,0.88,0.033,Water Testing Kit,Agency_4,0,Safe,171.0
Rangpo Rural,Sikkim,2023-05-09,WS_38857,Well,24.919821,92.070733,8.08,3.591,51.247,53.0,5.5,23.9,1.73,0.048,1.35,1.33,0.039,Water Testing Kit,Agency_6,1,Safe,109.0
Jorhat Village,Assam,2023-10-24,WS_61350,Piped Supply,27.741719,96.710454,7.38,4.353,6.975,83.0,6.7,44.5,0.9,0.022,1.04,0.23,0.016,Water Testing Kit,Agency_6,1,Safe,
Jorethang Rural,Sikkim,2023-12-21,WS_86763,Pond,28.227779,89.176277,8.62,3.811,34.0,32.0,7.8,5.9,2.26,0.039,0.6,0.25,0.011,IoT Sensor,Agency_2,1,Safe,
Dibrugarh Rural,Assam,2023-08-20,WS_89985,Tube Well,27.022808,93.982986,7.21,1.211,69.795,26.0,5.4,9.2,1.71,0.017,0.03,1.13,0.012,IoT Sensor,Agency_5,1,Safe,108.0
Tezpur Rural,Assam,2023-08-04,WS_51165,Well,23.363978,90.159969,6.6,2.968,67.964,84.0,7.8,1.2,0.8,0.028,1.9,0.22,0.003,Water Testing Kit,Agency_5,1,Safe,32.0
Kiphire Village,Nagaland,2023-04-09,WS_12716,Piped Supply,27.009287,91.614144,7.85,2.717,46.902,70.0,6.7,43.6,0.0,0.034,1.97,0.98,0.046,Lab Analysis,Agency_5,1,Safe,
Dharmanagar Rural,Tripura,2023-06-27,WS_83647,Well,26.524179,96.930839,5.3,30.89,188.689,3788.0,3.7,156.6,8.77,1.25,1.13,1.21,0.007,Water Testing Kit,Agency_1,0,High,93.0
Saitual Rural,Mizoram,2023-10-24,WS_23008,River,25.337195,88.337248,5.71,35.009,944.822,4981.0,1.2,105.8,9.24,0.64,0.17,1.31,0.04,Water Testing Kit,Agency_2,0,High,
Zunheboto Village,Nagaland,2023-11-01,WS_26942,Well,24.494199,96.371928,8.0,8.311,41.828,65.0,6.0,28.2,1.26,0.008,1.62,0.42,0.048,IoT Sensor,Agency_4,0,Safe,193.0
Bomdila Rural,Arunachal Pradesh,2024-02-01,WS_61814,Well,28.905674,92.799232,7.17,6.121,45.689,96.0,8.6,26.9,0.42,0.042,0.15,0.34,0.008,Lab Analysis,Agency_5,0,Safe,159.0
Kiphire Village,Nagaland,2023-11-14,WS_11760,Well,28.330229,89.325329,7.32,2.992,13.692,96.0,6.9,20.6,2.54,0.019,0.82,0.73,0.045,Lab Analysis,Agency_4,1,Safe,116.0
Tamenglong Rural,Manipur,2024-02-27,WS_37926,River,23.708417,90.009394,8.52,0.211,30.326,100.0,5.5,5.6,0.26,0.025,1.21,0.77,0.025,IoT Sensor,Agency_1,1,Safe,
Tawang Rural,Arunachal Pradesh,2023-10-02,WS_84448,Well,26.258168,88.256338,6.43,3.563,51.203,68.0,7.4,41.9,0.38,0.035,0.14,0.94,0.01,IoT Sensor,Agency_4,1,Safe,181.0
Khliehriat Village,Meghalaya,2023-07-11,WS_56254,Tube Well,26.519878,96.061292,7.25,4.478,15.129,96.0,6.4,17.1,1.41,0.011,1.23,0.73,0.036,IoT Sensor,Agency_8,1,Safe,176.0
Naharlagun Village,Arunachal Pradesh,2023-10-20,WS_51938,Pond,24.519828,96.211555,5.35,73.613,1584.114,318.0,2.8,144.5,17.86,1.29,0.18,0.96,0.028,Lab Analysis,Agency_1,0,High,
Mokokchung Rural,Nagaland,2023-07-12,WS_16223,River,23.804358,88.876349,5.3,38.738,215.457,2341.0,1.4,125.4,14.09,0.52,0.69,0.92,0.032,Water Testing Kit,Agency_8,0,High,
Phek Rural,Nagaland,2023-04-17,WS_50597,Well,23.682982,89.421946,7.16,1.233,30.281,90.0,5.1,28.2,1.0,0.031,0.09,1.19,0.005,IoT Sensor,Agency_6,1,Safe,157.0
Ukhrul Village,Manipur,2023-04-15,WS_51841,Well,28.12041,92.409608,8.07,6.688,49.692,41.0,6.8,39.2,0.08,0.04,1.19,0.89,0.027,Water Testing Kit,Agency_1,0,Safe,189.0
Jiribam Village,Manipur,2023-05-02,WS_93429,Piped Supply,23.437902,95.310723,7.14,4.091,13.621,87.0,8.2,38.6,2.51,0.041,0.9,0.59,0.021,Water Testing Kit,Agency_4,1,Safe,
Itanagar Rural,Arunachal Pradesh,2024-03-05,WS_53506,Well,27.50654,91.682356,7.0,6.768,51.521,30.0,5.7,10.7,2.43,0.027,0.91,0.98,0.037,Water Testing Kit,Agency_4,0,Safe,175.0
Saitual Rural,Mizoram,2023-06-04,WS_67581,River,24.178895,93.729303,6.2,85.952,1827.79,2033.0,3.3,72.8,13.04,0.19,1.82,0.08,0.012,IoT Sensor,Agency_6,0,High,
Nagaon Rural,Assam,2023-11-17,WS_74744,Piped Supply,23.430565,93.526382,7.26,7.565,66.643,86.0,6.7,13.2,0.02,0.013,1.68,0.85,0.03,IoT Sensor,Agency_1,0,Safe,
Dimapur Village,Nagaland,2024-02-22,WS_15017,River,23.508833,94.153921,8.41,5.621,70.47,48.0,7.7,21.6,0.96,0.001,1.37,0.12,0.022,Water Testing Kit,Agency_2,0,Safe,
Pakyong Village,Sikkim,2023-05-03,WS_69418,River,25.193,89.328301,7.91,4.977,56.333,47.0,6.3,2.1,2.6,0.021,0.57,1.39,0.03,Water Testing Kit,Agency_7,1,Safe,
Guwahati Rural,Assam,2023-04-08,WS_58179,Tube Well,25.751524,93.883243,7.75,1.058,13.093,85.0,7.4,0.3,2.72,0.049,1.59,0.67,0.047,Water Testing Kit,Agency_7,1,Safe,62.0
Dharmanagar Rural,Tripura,2023-11-24,WS_71613,Piped Supply,23.073285,95.181607,6.73,6.985,4.884,74.0,8.6,43.9,1.81,0.036,1.38,0.39,0.025,IoT Sensor,Agency_5,0,Safe,
Silchar Village,Assam,2023-11-20,WS_48803,Well,26.870506,91.127725,5.87,76.08,1990.764,3821.0,3.5,173.5,10.43,1.65,1.31,0.22,0.024,IoT Sensor,Agency_6,0,High,13.0
Tawang Rural,Arunachal Pradesh,2023-10-30,WS_21605,River,27.954696,89.198009,5.9,95.501,176.395,2881.0,3.3,67.1,12.84,0.66,0.83,0.29,0.008,Water Testing Kit,Agency_6,0,High,
Dibrugarh Rural,Assam,2023-01-30,WS_41581,Piped Supply,28.677156,93.757475,6.41,2.533,11.053,60.0,6.9,32.6,1.53,0.021,0.8,0.64,0.008,Water Testing Kit,Agency_5,1,Safe,
Tamenglong Rural,Manipur,2023-11-29,WS_26697,Well,23.972998,92.567394,6.9,1.759,17.359,84.0,7.5,19.6,2.16,0.048,0.67,0.32,0.003,Lab Analysis,Agency_7,1,Safe,96.0
Udaipur Village,Tripura,2024-02-14,WS_97480,Pond,27.063414,95.51227,7.71,5.068,14.812,23.0,6.5,11.8,2.58,0.009,0.68,0.81,0.025,Water Testing Kit,Agency_8,1,Safe,
Resubelpara Rural,Meghalaya,2023-08-03,WS_22755,Tube Well,24.229348,92.409304,8.13,10.008,18.681,72.0,5.2,23.4,0.47,0.042,0.6,0.13,0.024,Water Testing Kit,Agency_1,0,Safe,130.0
Rangpo Rural,Sikkim,2023-05-06,WS_47258,Pond,26.357524,95.205081,5.64,105.165,2448.333,2101.0,1.8,64.8,18.45,0.73,1.72,1.02,0.014,IoT Sensor,Agency_1,0,High,
Baghmara Rural,Meghalaya,2023-11-07,WS_17651,River,24.507396,95.372998,7.98,3.764,30.754,75.0,6.8,32.1,2.89,0.048,0.16,0.06,0.034,Water Testing Kit,Agency_8,1,Safe,
Jorethang Rural,Sikkim,2023-03-27,WS_40405,River,26.738372,94.897997,6.43,7.116,20.057,8.0,5.8,11.4,0.53,0.012,1.54,1.08,0.005,Lab Analysis,Agency_8,0,Safe,
Jowai Rural,Meghalaya,2023-02-26,WS_13466,Piped Supply,26.735621,88.354072,7.02,5.488,22.862,96.0,8.2,36.0,1.08,0.038,1.41,1.36,0.034,Water Testing Kit,Agency_6,1,Safe,
Nagaon Rural,Assam,2023-10-13,WS_46079,River,25.091103,89.248274,8.28,8.166,15.623,38.0,7.6,33.3,0.91,0.017,1.27,0.02,0.048,IoT Sensor,Agency_9,0,Safe,
Pasighat Rural,Arunachal Pradesh,2023-10-25,WS_66637,Piped Supply,23.470445,94.729864,7.41,5.327,28.586,56.0,6.2,32.6,1.28,0.041,1.48,1.28,0.01,Water Testing Kit,Agency_8,1,Safe,
Namchi Village,Sikkim,2024-01-21,WS_63589,Pond,26.018591,91.481524,7.33,2.354,41.072,13.0,8.5,33.7,1.04,0.002,0.03,0.17,0.041,Water Testing Kit,Agency_4,1,Safe,
Teliamura Rural,Tripura,2023-11-20,WS_60596,Tube Well,23.629124,90.767376,6.46,9.266,44.068,16.0,8.3,27.2,1.59,0.007,1.14,0.95,0.007,IoT Sensor,Agency_8,0,Safe,150.0
Pasighat Rural,Arunachal Pradesh,2023-07-16,WS_28714,Pond,23.354478,93.929055,5.3,49.223,2270.924,2666.0,1.6,175.3,10.39,1.63,1.03,1.22,0.049,IoT Sensor,Agency_3,0,High,
Itanagar Rural,Arunachal Pradesh,2023-09-18,WS_80309,Well,24.009156,93.363067,8.34,3.096,55.217,31.0,6.1,3.4,1.76,0.027,0.45,0.57,0.042,Water Testing Kit,Agency_6,1,Safe,33.0
Mokokchung Rural,Nagaland,2023-03-28,WS_78671,Well,23.536279,91.487718,8.38,4.191,26.49,29.0,6.9,32.8,0.14,0.042,1.22,0.15,0.008,Lab Analysis,Agency_6,1,Safe,80.0
Dimapur Village,Nagaland,2023-07-13,WS_42040,Spring,24.815141,89.198333,7.78,9.326,66.472,14.0,6.8,42.4,2.88,0.01,0.6,0.3,0.033,Water Testing Kit,Agency_7,0,Safe,
Singtam Village,Sikkim,2023-08-24,WS_61497,River,24.747786,96.321917,5.9,85.999,1816.278,1527.0,1.8,147.4,8.05,1.95,1.15,0.51,0.023,Lab Analysis,Agency_8,0,High,
Tamenglong Rural,Manipur,2024-01-20,WS_44590,Pond,26.644068,90.056239,7.54,8.797,26.067,10.0,5.3,18.6,2.96,0.031,0.43,1.22,0.033,Water Testing Kit,Agency_4,0,Safe,
Ukhrul Village,Manipur,2023-10-15,WS_16134,Piped Supply,25.724719,91.075707,7.26,6.235,71.229,1.0,6.1,34.1,1.41,0.008,0.11,0.91,0.026,Water Testing Kit,Agency_8,0,Safe,
Bishnupur Rural,Manipur,2023-11-12,WS_32255,Well,27.488483,89.272471,7.52,7.997,30.779,4.0,6.0,12.6,0.96,0.005,0.07,0.53,0.042,IoT Sensor,Agency_9,0,Safe,166.0
Hnahthial Village,Mizoram,2023-12-28,WS_10254,Well,26.758098,88.909236,6.47,6.681,2.815,90.0,8.0,41.4,1.46,0.0,1.86,0.77,0.008,Lab Analysis,Agency_3,0,Safe,109.0
Tawang Rural,Arunachal Pradesh,2023-06-13,WS_32554,Tube Well,24.238264,91.199769,5.42,113.917,830.829,3008.0,1.8,166.2,16.61,0.91,1.89,0.91,0.05,IoT Sensor,Agency_4,0,High,116.0
Mokokchung Rural,Nagaland,2023-10-31,WS_41502,Piped Supply,23.796256,90.953621,7.99,3.893,23.28,59.0,5.4,44.4,2.94,0.046,1.87,1.32,0.026,Water Testing Kit,Agency_7,1,Safe,
Saitual Rural,Mizoram,2024-02-16,WS_61233,River,25.32143,96.78911,7.34,1.982,67.601,56.0,8.2,8.6,1.39,0.006,0.81,0.02,0.04,IoT Sensor,Agency_1,1,Safe,
Imphal Rural,Manipur,2023-04-13,WS_94961,Well,24.775729,92.521776,6.67,1.834,2.757,64.0,7.1,41.3,1.39,0.032,1.63,0.51,0.022,Water Testing Kit,Agency_6,1,Safe,38.0
Agartala Rural,Tripura,2023-12-23,WS_94292,Well,26.542824,94.635281,8.35,8.123,32.14,9.0,6.2,39.9,0.46,0.033,0.12,1.2,0.023,Water Testing Kit,Agency_1,0,Safe,32.0
Champhai Rural,Mizoram,2023-05-25,WS_49356,Tube Well,28.844177,90.009873,5.79,91.904,1058.292,1134.0,2.1,109.8,23.65,0.64,0.34,0.18,0.016,Lab Analysis,Agency_2,0,High,139.0
Resubelpara Rural,Meghalaya,2023-10-09,WS_85283,Piped Supply,26.016669,88.928827,7.61,7.446,1.227,86.0,5.1,26.2,1.51,0.019,1.91,1.19,0.0,IoT Sensor,Agency_7,0,Safe,
Nongpoh Village,Meghalaya,2023-03-16,WS_70476,River,27.857831,96.016096,5.9,93.317,1657.799,477.0,1.4,55.9,19.37,1.01,1.73,1.39,0.047,Lab Analysis,Agency_2,0,High,
Jorhat Village,Assam,2023-07-23,WS_52594,Piped Supply,26.274542,95.393843,8.04,0.528,45.042,21.0,7.5,29.1,2.41,0.025,0.41,1.27,0.018,IoT Sensor,Agency_9,1,Safe,
Mangan Village,Sikkim,2023-11-03,WS_59718,River,25.380433,90.553177,5.3,54.019,1835.09,274.0,2.6,58.7,19.48,1.93,0.96,0.24,0.02,IoT Sensor,Agency_5,0,High,
Kiphire Village,Nagaland,2023-10-20,WS_31745,Piped Supply,27.049639,96.614075,5.44,83.281,368.893,3476.0,2.4,121.9,19.47,0.95,0.71,1.11,0.046,IoT Sensor,Agency_4,0,High,
Gyalshing Rural,Sikkim,2024-01-11,WS_38487,Pond,26.287119,93.866235,5.3,110.757,1424.761,514.0,1.2,104.7,13.15,0.17,0.44,0.78,0.011,Lab Analysis,Agency_3,0,High,
Nagaon Rural,Assam,2023-09-24,WS_66796,Well,23.459687,89.661088,5.3,45.543,1437.089,577.0,3.7,166.3,12.63,0.35,0.8,0.57,0.013,Lab Analysis,Agency_9,0,High,123.0
Serchhip Village,Mizoram,2023-06-23,WS_31819,Piped Supply,28.580105,89.951042,8.11,8.997,45.282,24.0,7.8,38.0,1.21,0.031,1.07,1.12,0.017,IoT Sensor,Agency_2,0,Safe,
Udaipur Village,Tripura,2023-08-17,WS_98323,Pond,24.932774,91.371636,5.94,87.878,2299.132,442.0,2.1,55.2,9.21,0.86,0.76,0.19,0.047,IoT Sensor,Agency_3,0,High,
Namchi Village,Sikkim,2023-12-06,WS_13377,River,26.98897,94.792595,6.07,64.589,436.633,2706.0,2.6,84.4,7.84,0.37,1.98,0.69,0.013,Lab Analysis,Agency_6,0,High,
Namchi Village,Sikkim,2023-11-17,WS_14443,Piped Supply,23.520364,93.957128,7.72,0.735,64.133,15.0,5.8,32.8,1.48,0.039,1.83,1.29,0.046,IoT Sensor,Agency_2,1,Safe,
Namchi Village,Sikkim,2023-09-07,WS_46830,River,27.53841,89.871487,5.41,87.135,1097.249,886.0,1.1,135.5,14.94,0.55,0.99,1.28,0.016,IoT Sensor,Agency_2,0,High,
Nagaon Rural,Assam,2023-05-09,WS_72829,River,25.952057,92.868717,6.24,118.131,1572.57,1253.0,2.7,163.3,21.59,1.46,0.68,0.99,0.03,Lab Analysis,Agency_6,0,High,
Phek Rural,Nagaland,2024-01-21,WS_17933,Piped Supply,24.53172,92.267721,6.54,8.915,41.121,28.0,6.6,39.7,0.98,0.014,0.02,1.44,0.042,IoT Sensor,Agency_8,0,Safe,
Thoubal Village,Manipur,2023-04-19,WS_93034,Well,25.378075,94.669369,8.35,4.761,11.923,66.0,6.6,37.2,0.28,0.026,1.93,0.93,0.041,Lab Analysis,Agency_4,1,Safe,107.0
Baghmara Rural,Meghalaya,2023-02-24,WS_55960,Well,27.288952,88.283765,8.53,5.323,48.139,17.0,8.3,40.8,2.52,0.031,0.59,0.14,0.023,Lab Analysis,Agency_8,1,Safe,72.0
Resubelpara Rural,Meghalaya,2023-07-14,WS_27137,Piped Supply,28.402855,92.861448,7.21,6.048,42.896,20.0,5.3,7.5,0.83,0.002,0.37,0.33,0.03,Lab Analysis,Agency_5,0,Safe,
Shillong Rural,Meghalaya,2023-09-24,WS_81341,River,28.673104,90.955281,5.3,76.052,977.82,2361.0,2.6,136.0,16.65,0.23,1.58,0.34,0.033,Water Testing Kit,Agency_9,0,High,
Churachandpur Village,Manipur,2023-09-19,WS_51020,Piped Supply,27.23787,89.137521,7.09,6.1,48.361,12.0,6.8,38.3,1.11,0.013,1.11,0.57,0.05,Water Testing Kit,Agency_4,0,Safe,
Kohima Rural,Nagaland,2024-02-02,WS_99074,Spring,24.65582,90.091294,7.72,3.956,35.371,5.0,5.2,20.8,2.3,0.026,1.7,1.24,0.016,Lab Analysis,Agency_6,1,Safe,
Mokokchung Rural,Nagaland,2024-01-12,WS_67827,Tube Well,24.633113,95.239644,5.55,109.217,1869.368,2531.0,1.7,140.1,24.33,0.28,0.17,1.07,0.001,IoT Sensor,Agency_6,0,High,198.0
Tuensang Village,Nagaland,2024-02-17,WS_34892,Well,24.053965,95.346497,6.7,7.833,61.836,76.0,7.5,36.0,0.46,0.019,1.6,0.55,0.036,IoT Sensor,Agency_6,0,Safe,172.0
Jowai Rural,Meghalaya,2023-10-31,WS_81968,Pond,27.156156,91.369013,5.3,46.643,560.037,3292.0,1.8,164.0,20.22,1.59,1.47,0.61,0.004,IoT Sensor,Agency_5,0,High,
Jorhat Village,Assam,2023-10-12,WS_80666,Tube Well,23.476355,94.131596,7.15,2.022,21.668,52.0,5.8,12.3,1.94,0.036,0.79,1.42,0.036,Water Testing Kit,Agency_3,1,Safe,32.0
Udaipur Village,Tripura,2023-04-18,WS_52170,Well,28.546341,96.46138,7.97,1.188,18.395,21.0,8.9,24.5,0.95,0.033,1.28,0.34,0.027,Water Testing Kit,Agency_2,1,Safe,10.0
Jorethang Rural,Sikkim,2024-01-18,WS_69346,Well,26.663111,96.547757,5.48,94.683,1172.347,410.0,3.3,191.8,21.21,1.7,1.23,0.29,0.01,Lab Analysis,Agency_2,0,High,156.0
Naharlagun Village,Arunachal Pradesh,2023-11-03,WS_58155,Well,24.535784,91.910799,6.05,123.019,444.114,4920.0,1.9,151.8,24.73,0.12,0.98,1.15,0.039,Water Testing Kit,Agency_7,0,High,146.0
Naharlagun Village,Arunachal Pradesh,2023-06-23,WS_17413,Spring,23.357071,93.85892,6.76,7.254,29.796,18.0,6.4,9.2,0.63,0.004,0.59,0.24,0.048,Water Testing Kit,Agency_8,0,Safe,
Khliehriat Village,Meghalaya,2023-05-03,WS_80781,Well,25.97645,89.820144,6.79,8.441,1.153,68.0,5.6,34.7,1.48,0.045,0.53,1.08,0.016,Water Testing Kit,Agency_8,0,Safe,90.0
Ukhrul Village,Manipur,2024-01-20,WS_47154,Piped Supply,23.234552,94.173411,8.9,6.082,5.666,32.0,7.3,25.9,0.03,0.013,0.73,1.01,0.009,Water Testing Kit,Agency_3,0,Safe,
Gangtok Rural,Sikkim,2023-08-06,WS_11500,Well,23.261961,88.288778,8.43,7.119,52.283,3.0,6.5,25.0,0.45,0.042,1.37,0.04,0.045,IoT Sensor,Agency_6,0,Safe,154.0
Lawngtlai Village,Mizoram,2024-01-15,WS_15890,Tube Well,28.555566,94.508142,7.84,6.786,22.653,74.0,7.6,14.0,1.61,0.023,0.11,0.32,0.016,IoT Sensor,Agency_5,0,Safe,90.0
Phek Rural,Nagaland,2023-07-21,WS_79078,Piped Supply,28.954023,94.613431,6.94,3.271,7.839,56.0,8.4,18.4,0.68,0.015,1.2,0.46,0.021,Water Testing Kit,Agency_2,1,Safe,
Jorhat Village,Assam,2023-04-07,WS_69367,Tube Well,23.274116,92.098218,7.33,7.339,53.844,55.0,7.5,26.0,0.05,0.027,0.61,1.16,0.024,IoT Sensor,Agency_7,0,Safe,165.0
Teliamura Rural,Tripura,2024-01-31,WS_49471,River,24.225619,91.934397,7.44,2.747,67.568,71.0,8.1,5.0,0.79,0.025,0.85,1.31,0.047,Water Testing Kit,Agency_9,1,Safe,
Resubelpara Rural,Meghalaya,2023-05-28,WS_32996,River,26.45558,92.720098,7.7,2.542,3.107,70.0,8.2,39.4,2.05,0.022,0.11,1.01,0.034,Water Testing Kit,Agency_7,1,Safe,
Ziro Village,Arunachal Pradesh,2023-11-17,WS_73548,Well,27.305869,88.333241,6.63,2.741,57.524,89.0,7.7,39.4,0.57,0.007,0.37,0.37,0.021,Water Testing Kit,Agency_9,1,Safe,66.0
Kolasib Rural,Mizoram,2023-12-03,WS_83165,Well,25.170711,88.779585,7.92,1.319,17.315,98.0,5.8,5.3,0.7,0.036,0.58,0.26,0.011,Water Testing Kit,Agency_3,1,Safe,187.0
Thoubal Village,Manipur,2023-01-30,WS_20593,Tube Well,26.521673,94.104578,6.52,1.408,32.134,73.0,8.6,40.2,0.47,0.05,1.21,1.3,0.032,IoT Sensor,Agency_9,1,Safe,74.0
Williamnagar Village,Meghalaya,2023-10-07,WS_66441,Tube Well,25.376866,96.884294,5.99,83.642,1327.179,2049.0,1.1,142.7,16.39,0.64,1.69,1.13,0.007,IoT Sensor,Agency_7,0,High,181.0
Kohima Rural,Nagaland,2024-03-26,WS_65469,River,28.212142,89.182191,8.13,2.732,35.116,38.0,6.4,32.9,1.8,0.01,1.11,1.03,0.048,Water Testing Kit,Agency_5,1,Safe,
Ukhrul Village,Manipur,2023-07-23,WS_28804,Piped Supply,24.901911,88.030773,8.5,6.781,66.881,67.0,6.4,4.5,2.11,0.049,1.52,0.24,0.031,Water Testing Kit,Agency_5,0,Safe,
Saitual Rural,Mizoram,2023-10-22,WS_63023,Well,23.681064,94.403756,6.82,8.535,18.827,100.0,5.7,17.0,0.44,0.021,1.46,0.4,0.009,Water Testing Kit,Agency_1,0,Safe,170.0
Phek Rural,Nagaland,2023-10-22,WS_84086,Well,23.589385,94.501393,5.5,31.692,968.515,2104.0,1.7,156.3,14.38,1.9,0.46,1.15,0.045,IoT Sensor,Agency_3,0,High,156.0
Baghmara Rural,Meghalaya,2023-10-12,WS_10269,River,25.838319,93.972847,6.34,114.626,1986.145,327.0,1.7,79.0,10.22,1.9,1.88,0.87,0.018,Water Testing Kit,Agency_9,0,High,
Tuensang Village,Nagaland,2023-09-24,WS_76285,Well,27.146203,88.584604,7.83,10.623,10.33,23.0,7.6,43.6,2.2,0.006,1.78,0.63,0.009,Water Testing Kit,Agency_4,0,Safe,120.0
Ziro Village,Arunachal Pradesh,2023-12-28,WS_96464,Piped Supply,25.056662,88.602057,5.63,108.742,2366.155,3662.0,2.3,88.6,12.78,1.17,0.33,0.79,0.016,IoT Sensor,Agency_8,0,High,
Dibrugarh Rural,Assam,2023-04-17,WS_97521,Tube Well,24.515624,91.296676,6.35,5.465,24.69,86.0,6.7,18.5,1.36,0.043,0.77,0.15,0.04,Water Testing Kit,Agency_3,1,Safe,51.0
Tuensang Village,Nagaland,2023-07-26,WS_40474,Well,23.97489,92.957448,6.23,54.24,244.92,3383.0,3.0,84.1,13.21,1.19,0.36,0.31,0.024,Water Testing Kit,Agency_7,0,High,26.0
Kiphire Village,Nagaland,2023-08-30,WS_52421,Pond,23.87926,96.101733,5.3,68.823,1346.421,1825.0,3.4,106.7,13.75,0.35,1.37,1.01,0.007,IoT Sensor,Agency_7,0,High,
Jorethang Rural,Sikkim,2023-03-22,WS_55039,Tube Well,27.597701,92.053834,6.28,4.863,43.271,7.0,5.2,20.9,0.01,0.002,0.96,1.03,0.024,IoT Sensor,Agency_3,1,Safe,100.0
Khowai Village,Tripura,2024-03-05,WS_43364,Well,24.770686,89.601984,6.92,4.64,51.974,67.0,7.7,13.1,1.87,0.011,1.73,0.78,0.035,Water Testing Kit,Agency_9,1,Safe,154.0
Pakyong Village,Sikkim,2023-08-06,WS_55786,Spring,28.731128,89.307305,7.11,5.476,32.529,9.0,7.1,5.1,1.3,0.004,1.55,0.3,0.046,Water Testing Kit,Agency_8,1,Safe,
Mokokchung Rural,Nagaland,2023-09-12,WS_81306,Tube Well,28.884315,94.807364,7.78,2.47,7.12,64.0,8.9,29.1,1.83,0.022,1.99,1.16,0.002,IoT Sensor,Agency_7,1,Safe,156.0
Lunglei Village,Mizoram,2024-01-12,WS_91456,Tube Well,26.932724,92.465974,6.36,4.608,48.213,59.0,8.0,43.3,0.74,0.049,1.09,0.29,0.015,IoT Sensor,Agency_2,1,Safe,191.0
Senapati Rural,Manipur,2023-09-08,WS_13263,Well,26.297128,92.707268,7.22,2.749,10.381,54.0,7.4,19.9,0.04,0.025,0.45,1.01,0.015,IoT Sensor,Agency_8,1,Safe,15.0
Ukhrul Village,Manipur,2024-01-30,WS_33854,Well,24.559975,94.800037,8.31,1.914,15.473,48.0,5.4,3.6,0.91,0.007,1.33,0.15,0.022,Water Testing Kit,Agency_1,1,Safe,35.0
Mokokchung Rural,Nagaland,2023-11-03,WS_63592,Well,24.516159,89.579617,7.84,8.016,35.621,86.0,7.1,31.0,2.77,0.034,0.02,0.12,0.019,Water Testing Kit,Agency_2,0,Safe,109.0
Jorhat Village,Assam,2023-04-10,WS_11062,Well,25.120871,93.577192,7.5,1.958,0.0,9.0,7.8,17.1,1.12,0.035,1.31,0.23,0.04,Water Testing Kit,Agency_4,1,Safe,134.0
Tura Village,Meghalaya,2023-10-26,WS_36129,Piped Supply,28.741929,88.872139,5.93,37.248,2652.459,2965.0,1.4,57.9,22.59,1.72,0.79,0.33,0.041,Water Testing Kit,Agency_1,0,High,
Tawang Rural,Arunachal Pradesh,2023-12-12,WS_33697,Piped Supply,24.017795,94.060425,6.69,1.271,13.167,94.0,5.5,14.4,0.59,0.006,0.68,1.29,0.029,Water Testing Kit,Agency_9,1,Safe,
Khliehriat Village,Meghalaya,2023-07-15,WS_56254,Tube Well,26.519878,96.061292,7.71,4.555,17.257,96.0,6.4,17.1,1.41,0.011,1.23,0.73,0.036,IoT Sensor,Agency_8,1,Safe,176.0
Tezpur Rural,Assam,2024-01-04,WS_66769,Tube Well,28.942626,90.2071,6.56,6.968,5.313,3.0,7.7,11.5,2.6,0.026,0.59,1.1,0.035,Water Testing Kit,Agency_3,0,Safe,106.0
Mokokchung Rural,Nagaland,2023-07-13,WS_37126,Pond,28.858308,95.786611,6.59,9.02,0.0,23.0,7.7,38.4,2.98,0.009,1.77,1.4,0.032,IoT Sensor,Agency_3,0,Safe,
Singtam Village,Sikkim,2023-12-12,WS_72107,Tube Well,24.587361,96.161102,6.11,21.087,989.03,2372.0,2.7,185.6,23.0,1.66,0.31,1.38,0.028,Lab Analysis,Agency_2,0,High,66.0
Udaipur Village,Tripura,2024-01-19,WS_32612,Spring,26.780758,93.344998,8.7,7.178,10.223,26.0,6.7,19.3,1.94,0.029,1.34,0.79,0.022,IoT Sensor,Agency_4,0,Safe,
Lawngtlai Village,Mizoram,2023-11-26,WS_53681,Well,23.333158,95.46135,8.37,6.339,58.295,20.0,8.4,19.3,2.94,0.03,0.59,1.16,0.008,Water Testing Kit,Agency_3,0,Safe,16.0
Tamenglong Rural,Manipur,2024-01-08,WS_52528,Well,28.641074,88.160597,8.5,1.199,50.627,27.0,6.1,24.5,2.78,0.012,0.32,1.46,0.013,Lab Analysis,Agency_8,1,Safe,23.0
Shillong Rural,Meghalaya,2023-12-19,WS_90189,Well,26.181075,89.419305,5.3,23.57,1675.966,1164.0,3.1,176.0,19.83,1.55,0.1,0.61,0.045,Water Testing Kit,Agency_9,0,High,17.0
Baghmara Rural,Meghalaya,2024-02-21,WS_34639,Well,25.21219,94.999182,7.36,8.704,54.497,97.0,5.4,3.6,2.72,0.048,1.54,0.33,0.019,Water Testing Kit,Agency_1,0,Safe,90.0
Tura Village,Meghalaya,2023-04-22,WS_50262,River,24.80356,96.273263,6.54,5.725,49.738,83.0,5.2,31.4,2.39,0.02,0.45,0.92,0.045,Water Testing Kit,Agency_4,0,Safe,
Shillong Rural,Meghalaya,2023-04-06,WS_48819,Spring,24.885064,89.544422,5.3,57.259,2567.171,1607.0,2.7,128.2,11.6,1.42,1.58,0.34,0.037,Water Testing Kit,Agency_9,0,High,
Pasighat Rural,Arunachal Pradesh,2023-12-24,WS_94428,Pond,27.697486,92.697917,5.43,44.464,1145.251,2564.0,3.8,196.6,9.94,0.35,1.87,0.96,0.024,IoT Sensor,Agency_9,0,High,
Ziro Village,Arunachal Pradesh,2023-08-03,WS_15312,River,28.405925,96.963508,7.59,5.961,2.297,71.0,5.4,35.1,2.63,0.016,0.41,0.97,0.01,Lab Analysis,Agency_2,0,Safe,
Barpeta Village,Assam,2023-12-13,WS_48611,Piped Supply,26.89863,94.623844,7.08,3.64,55.932,38.0,7.4,21.0,1.78,0.01,0.57,1.06,0.033,IoT Sensor,Agency_1,1,Safe,
Saitual Rural,Mizoram,2024-02-04,WS_56581,Piped Supply,25.115194,89.526164,5.3,113.4,585.867,4253.0,3.9,162.8,7.08,0.42,1.01,0.01,0.047,IoT Sensor,Agency_8,0,High,
Amarpur Village,Tripura,2023-10-16,WS_72564,River,23.773499,94.468929,5.3,77.302,580.936,2660.0,3.2,105.2,13.22,0.41,0.63,1.16,0.02,Water Testing Kit,Agency_5,0,High,
Kolasib Rural,Mizoram,2023-01-27,WS_76346,River,25.823681,93.785997,6.07,30.061,1195.116,4997.0,1.4,172.3,20.98,0.95,1.93,1.31,0.044,Lab Analysis,Agency_4,0,High,
Tawang Rural,Arunachal Pradesh,2023-10-22,WS_33697,Piped Supply,24.017795,94.060425,6.84,1.305,12.699,94.0,5.5,14.4,0.59,0.006,0.68,1.29,0.029,Water Testing Kit,Agency_9,1,Safe,
Tamenglong Rural,Manipur,2023-06-24,WS_48137,River,25.799651,88.152367,6.49,123.101,1113.696,2595.0,3.9,76.7,10.96,0.91,1.04,0.75,0.021,IoT Sensor,Agency_5,0,High,
Resubelpara Rural,Meghalaya,2023-12-26,WS_50842,Tube Well,28.574848,93.382959,6.9,6.45,57.897,40.0,5.2,5.6,1.15,0.025,0.98,1.11,0.047,IoT Sensor,Agency_1,0,Safe,94.0
Mokokchung Rural,Nagaland,2023-05-07,WS_37126,Pond,28.858308,95.786611,7.1,9.311,0.0,23.0,7.7,38.4,2.98,0.009,1.77,1.4,0.032,IoT Sensor,Agency_3,0,Safe,
Karimganj Village,Assam,2023-03-16,WS_14271,Piped Supply,26.96406,89.579681,6.79,0.9,5.146,47.0,7.9,34.8,2.16,0.046,1.36,0.77,0.018,IoT Sensor,Agency_6,1,Safe,
Jiribam Village,Manipur,2024-03-27,WS_41422,Pond,26.738735,93.607452,6.16,93.133,1466.598,792.0,2.0,58.6,22.96,0.56,1.67,1.04,0.024,Water Testing Kit,Agency_2,0,High,
Thoubal Village,Manipur,2023-05-19,WS_77060,Well,25.857343,95.460306,8.05,1.648,13.992,21.0,8.6,31.5,2.65,0.046,0.66,0.03,0.017,Lab Analysis,Agency_9,1,Safe,79.0
Khowai Village,Tripura,2024-03-15,WS_93200,Well,25.884272,88.507021,7.02,2.131,35.963,83.0,7.3,21.9,2.98,0.038,1.7,0.67,0.007,IoT Sensor,Agency_8,1,Safe,117.0
Saitual Rural,Mizoram,2023-12-14,WS_39749,Spring,28.753805,91.460949,7.9,5.924,29.158,82.0,5.1,19.2,2.64,0.004,1.5,0.94,0.025,IoT Sensor,Agency_8,0,Safe,
Jowai Rural,Meghalaya,2023-11-17,WS_15535,Piped Supply,25.298347,96.602361,6.07,84.178,1690.57,2894.0,1.1,192.4,20.28,1.46,1.96,0.2,0.006,Water Testing Kit,Agency_3,0,High,
Bomdila Rural,Arunachal Pradesh,2023-06-25,WS_21605,Tube Well,23.435239,89.240156,5.3,53.877,831.272,649.0,3.1,146.4,9.96,0.79,1.1,0.27,0.025,Water Testing Kit,Agency_1,0,High,43.0
Aizawl Rural,Mizoram,2023-12-03,WS_91440,Piped Supply,23.38167,88.581666,8.0,2.873,6.313,31.0,5.7,11.4,1.7,0.023,1.6,0.99,0.049,Lab Analysis,Agency_4,1,Safe,
Kiphire Village,Nagaland,2023-06-29,WS_27847,Tube Well,24.365447,88.008192,7.8,7.133,29.402,13.0,8.5,32.2,0.4,0.004,0.63,0.58,0.012,Water Testing Kit,Agency_1,0,Safe,122.0
Tuensang Village,Nagaland,2023-05-25,WS_83640,Well,26.745727,96.274762,6.45,3.512,1.422,26.0,8.6,20.1,0.22,0.032,0.84,1.0,0.022,Lab Analysis,Agency_4,1,Safe,5.0
Gyalshing Rural,Sikkim,2023-09-08,WS_58196,River,23.847717,93.377893,6.31,83.098,569.787,323.0,1.6,186.2,16.35,1.71,1.08,1.47,0.044,IoT Sensor,Agency_6,0,High,
Jowai Rural,Meghalaya,2023-11-22,WS_81968,Pond,27.156156,91.369013,5.3,38.024,403.759,3292.0,1.8,164.0,20.22,1.59,1.47,0.61,0.004,IoT Sensor,Agency_5,0,High,
Khliehriat Village,Meghalaya,2023-04-01,WS_28434,Well,26.24628,89.688041,5.92,66.35,868.611,3904.0,3.8,110.6,6.97,1.42,1.0,0.16,0.038,Lab Analysis,Agency_2,0,High,10.0
Silchar Village,Assam,2023-07-21,WS_93708,River,23.204067,92.783528,6.62,111.529,2527.575,588.0,3.6,139.0,9.31,0.67,1.17,0.38,0.047,Water Testing Kit,Agency_3,0,High,
Senapati Rural,Manipur,2023-11-25,WS_88581,Pond,24.468108,96.64917,6.87,5.376,26.03,40.0,5.8,14.5,0.82,0.012,1.2,0.69,0.017,IoT Sensor,Agency_3,1,Safe,
Jiribam Village,Manipur,2023-08-04,WS_74079,Well,26.022468,93.570652,7.44,5.611,45.154,28.0,5.4,0.8,1.29,0.013,1.12,0.01,0.042,Water Testing Kit,Agency_3,0,Safe,9.0
Lunglei Village,Mizoram,2023-04-28,WS_91949,River,23.066331,94.220282,5.3,84.409,2404.948,3582.0,1.2,71.4,13.92,1.49,1.23,0.01,0.002,IoT Sensor,Agency_5,0,High,
Mangan Village,Sikkim,2023-09-07,WS_70698,Well,27.814029,96.735807,7.68,7.541,16.322,92.0,6.5,22.2,1.01,0.006,1.32,1.12,0.03,IoT Sensor,Agency_5,0,Safe,106.0
Tura Village,Meghalaya,2023-12-23,WS_42760,Tube Well,23.334366,88.134933,6.8,8.231,7.126,66.0,6.2,32.5,2.5,0.02,1.75,1.23,0.029,IoT Sensor,Agency_4,0,Safe,144.0
Singtam Village,Sikkim,2023-10-25,WS_61497,River,24.747786,96.321917,5.51,83.208,1598.06,1527.0,1.8,147.4,8.05,1.95,1.15,0.51,0.023,Lab Analysis,Agency_8,0,High,
Baghmara Rural,Meghalaya,2023-12-07,WS_19233,Well,27.740459,95.764597,6.33,6.036,55.892,46.0,5.3,42.5,1.34,0.004,1.2,0.26,0.008,IoT Sensor,Agency_9,0,Safe,13.0
Serchhip Village,Mizoram,2024-02-13,WS_58470,Pond,23.334882,94.687322,7.96,7.6,4.971,69.0,6.9,7.8,0.24,0.016,0.64,1.42,0.05,Lab Analysis,Agency_4,0,Safe,
Senapati Rural,Manipur,2023-09-05,WS_12527,Piped Supply,25.252775,94.635376,5.3,54.99,2625.717,1461.0,3.8,174.3,7.0,1.01,0.63,1.07,0.016,Water Testing Kit,Agency_9,0,High,
Churachandpur Village,Manipur,2023-10-31,WS_51809,Well,26.715716,94.544887,6.34,8.025,52.928,77.0,8.3,27.2,0.44,0.046,0.58,1.3,0.018,IoT Sensor,Agency_4,0,Safe,71.0
Pakyong Village,Sikkim,2023-06-06,WS_15373,Piped Supply,24.666637,89.547996,7.11,3.574,51.039,38.0,6.6,6.1,1.63,0.016,1.41,0.58,0.028,Water Testing Kit,Agency_7,1,Safe,
Kiphire Village,Nagaland,2024-01-20,WS_70514,Pond,23.838242,93.499628,5.85,46.985,1732.513,1083.0,2.3,71.3,10.89,0.44,1.62,1.07,0.016,Lab Analysis,Agency_9,0,High,
Champhai Rural,Mizoram,2023-07-26,WS_59704,Well,25.043406,88.694955,7.88,0.819,1.215,76.0,8.4,10.8,0.72,0.048,1.86,0.29,0.045,Water Testing Kit,Agency_9,1,Safe,43.0
Itanagar Rural,Arunachal Pradesh,2024-01-06,WS_34728,Tube Well,23.145391,95.960888,7.95,2.298,9.099,76.0,8.2,14.6,2.7,0.034,0.1,0.17,0.001,Water Testing Kit,Agency_7,1,Safe,29.0
Tura Village,Meghalaya,2023-08-31,WS_67053,Well,23.541603,90.93814,6.72,4.867,63.122,64.0,7.3,35.5,0.02,0.014,0.88,1.4,0.029,Lab Analysis,Agency_9,1,Safe,119.0
Wokha Rural,Nagaland,2023-03-22,WS_26273,Spring,28.450647,96.742669,6.74,8.483,0.0,28.0,5.4,19.1,1.91,0.009,1.77,0.17,0.022,IoT Sensor,Agency_4,0,Safe,
Guwahati Rural,Assam,2024-01-12,WS_84191,River,23.650222,94.901328,6.93,5.7,39.334,39.0,6.4,28.5,1.05,0.006,1.73,1.39,0.025,Lab Analysis,Agency_9,0,Safe,
Pasighat Rural,Arunachal Pradesh,2023-04-14,WS_25456,Spring,23.426168,96.294463,8.3,9.798,37.683,20.0,8.0,0.3,0.27,0.014,0.02,1.1,0.047,IoT Sensor,Agency_9,0,Safe,
Tawang Rural,Arunachal Pradesh,2023-07-24,WS_93020,Pond,28.017117,90.219585,7.63,5.358,15.254,71.0,7.3,18.2,0.16,0.017,1.34,0.91,0.006,IoT Sensor,Agency_6,1,Safe,
Khliehriat Village,Meghalaya,2023-05-25,WS_80781,Well,25.97645,89.820144,6.86,8.329,1.275,68.0,5.6,34.7,1.48,0.045,0.53,1.08,0.016,Water Testing Kit,Agency_8,0,Safe,90.0
Lunglei Village,Mizoram,2023-11-28,WS_66784,Tube Well,24.667676,88.825942,8.01,1.724,8.567,63.0,6.6,20.7,0.92,0.023,1.6,0.33,0.032,IoT Sensor,Agency_8,1,Safe,109.0
Namchi Village,Sikkim,2023-04-01,WS_77010,Well,24.400224,89.500812,5.49,75.138,343.26,2000.0,3.7,181.4,11.22,0.53,0.42,0.32,0.031,Water Testing Kit,Agency_3,0,High,30.0
Udaipur Village,Tripura,2023-08-22,WS_49972,Spring,25.04778,94.980292,7.29,4.154,46.969,74.0,7.8,0.5,0.6,0.011,1.86,0.47,0.023,IoT Sensor,Agency_3,1,Safe,
Jowai Rural,Meghalaya,2024-02-10,WS_13348,Well,28.519562,89.101777,7.47,7.954,40.061,3.0,5.5,39.7,1.96,0.001,0.15,0.97,0.04,Water Testing Kit,Agency_9,0,Safe,76.0
Jiribam Village,Manipur,2023-06-07,WS_68955,Piped Supply,27.879052,92.02308,5.3,24.478,2179.315,809.0,3.0,133.3,17.67,1.07,1.84,1.4,0.027,IoT Sensor,Agency_2,0,High,
Ukhrul Village,Manipur,2023-03-18,WS_45155,Well,27.962966,92.079602,7.84,0.989,50.118,18.0,8.4,18.1,0.66,0.033,0.3,1.19,0.007,Water Testing Kit,Agency_6,1,Safe,194.0
Imphal Rural,Manipur,2023-03-07,WS_19722,Well,24.266018,94.938486,7.68,2.295,27.556,57.0,8.0,14.4,0.81,0.037,0.32,0.88,0.014,Water Testing Kit,Agency_6,1,Safe,139.0
Itanagar Rural,Arunachal Pradesh,2024-03-11,WS_18018,Pond,25.391095,94.951229,5.3,83.468,752.102,3376.0,2.2,83.8,17.26,0.24,1.62,1.07,0.019,Water Testing Kit,Agency_4,0,High,
Agartala Rural,Tripura,2023-07-17,WS_58024,Tube Well,24.712526,88.77244,8.03,7.238,59.365,22.0,8.9,43.4,0.89,0.031,1.15,0.59,0.044,IoT Sensor,Agency_9,0,Safe,25.0
Kolasib Rural,Mizoram,2023-06-23,WS_17934,Well,23.163455,93.725988,5.3,37.823,2554.915,4731.0,3.7,104.8,19.52,1.67,0.63,0.83,0.006,Lab Analysis,Agency_7,0,High,59.0
Jorhat Village,Assam,2023-07-19,WS_93645,Pond,27.42443,91.058573,5.3,28.354,320.973,3060.0,3.8,170.7,21.68,1.5,0.39,0.17,0.004,Lab Analysis,Agency_1,0,High,
Senapati Rural,Manipur,2023-05-18,WS_24434,Tube Well,25.451482,90.74147,8.29,5.091,11.031,42.0,7.7,40.0,0.38,0.028,0.6,0.8,0.003,Water Testing Kit,Agency_9,1,Safe,125.0
Ukhrul Village,Manipur,2023-07-15,WS_28804,Piped Supply,24.901911,88.030773,7.86,5.569,50.379,67.0,6.4,4.5,2.11,0.049,1.52,0.24,0.031,Water Testing Kit,Agency_5,0,Safe,
Senapati Rural,Manipur,2023-08-05,WS_12527,Piped Supply,25.252775,94.635376,5.46,55.942,2816.24,1461.0,3.8,174.3,7.0,1.01,0.63,1.07,0.016,Water Testing Kit,Agency_9,0,High,
Resubelpara Rural,Meghalaya,2023-07-21,WS_47201,River,25.916444,91.406333,5.88,100.837,943.018,541.0,3.7,152.3,24.83,1.42,1.2,0.02,0.025,IoT Sensor,Agency_3,0,High,
Williamnagar Village,Meghalaya,2023-04-06,WS_64507,Well,24.40861,89.589926,6.85,2.778,3.228,93.0,5.4,36.8,2.72,0.023,1.13,0.53,0.037,IoT Sensor,Agency_7,1,Safe,93.0
Bishnupur Rural,Manipur,2023-11-04,WS_96909,Pond,26.394876,95.21796,5.3,26.006,619.509,3080.0,3.8,148.5,24.61,1.94,0.19,1.17,0.033,Water Testing Kit,Agency_9,0,High,
Champhai Rural,Mizoram,2023-08-27,WS_86690,Pond,27.255416,96.360574,7.13,0.98,50.531,12.0,5.2,17.8,2.7,0.029,1.5,1.11,0.043,Lab Analysis,Agency_1,1,Safe,
Tura Village,Meghalaya,2023-07-27,WS_38103,Tube Well,24.800024,93.380011,7.0,0.657,54.928,8.0,8.3,19.7,1.31,0.026,0.01,0.42,0.002,IoT Sensor,Agency_2,1,Safe,197.0
Shillong Rural,Meghalaya,2024-01-18,WS_14296,Well,28.388378,89.234981,8.03,0.744,49.72,57.0,8.1,26.7,1.13,0.025,1.68,0.22,0.022,IoT Sensor,Agency_2,1,Safe,132.0
Gangtok Rural,Sikkim,2023-09-18,WS_10592,River,26.080598,91.399456,5.31,76.613,1452.991,2876.0,3.5,126.5,14.46,0.68,1.95,1.38,0.038,IoT Sensor,Agency_7,0,High,
Gangtok Rural,Sikkim,2023-11-30,WS_27740,River,27.556954,93.548805,7.75,2.388,26.793,13.0,6.4,41.1,1.72,0.002,0.06,0.57,0.016,Water Testing Kit,Agency_1,1,Safe,
Serchhip Village,Mizoram,2023-03-11,WS_84039,Tube Well,26.81501,89.818183,7.64,0.687,46.256,60.0,7.9,32.3,1.33,0.01,0.82,0.41,0.018,Lab Analysis,Agency_8,1,Safe,74.0
Namchi Village,Sikkim,2023-02-05,WS_95827,Piped Supply,26.346843,92.695983,7.8,4.184,43.489,83.0,8.5,0.8,1.94,0.028,0.09,1.03,0.029,Water Testing Kit,Agency_6,1,Safe,
Bishnupur Rural,Manipur,2023-06-11,WS_63743,Well,25.476825,94.849265,7.8,8.556,63.026,51.0,6.7,22.7,2.2,0.001,0.3,1.23,0.022,IoT Sensor,Agency_4,0,Safe,30.0
Jorhat Village,Assam,2023-04-26,WS_55372,Pond,27.137611,95.432985,6.94,4.742,21.815,94.0,6.5,10.2,1.43,0.008,0.58,1.3,0.004,IoT Sensor,Agency_2,1,Safe,
Tawang Rural,Arunachal Pradesh,2023-12-19,WS_92280,River,23.145785,94.00155,6.56,95.318,2325.037,2878.0,1.2,115.9,12.35,1.08,1.11,0.15,0.041,IoT Sensor,Agency_4,0,High,
Kolasib Rural,Mizoram,2023-10-08,WS_38378,Well,25.341343,95.091897,7.58,2.384,54.914,14.0,7.4,27.8,0.11,0.03,1.97,1.14,0.039,Water Testing Kit,Agency_1,1,Safe,147.0
Shillong Rural,Meghalaya,2023-07-06,WS_77825,Well,24.986164,92.419926,8.43,9.612,66.682,11.0,6.1,28.4,2.63,0.008,1.39,0.63,0.036,Water Testing Kit,Agency_7,0,Safe,129.0
Baghmara Rural,Meghalaya,2023-06-22,WS_37646,Pond,23.863576,88.896733,7.26,1.038,56.704,15.0,5.2,13.7,0.08,0.002,1.99,0.12,0.01,Water Testing Kit,Agency_9,1,Safe,
Naharlagun Village,Arunachal Pradesh,2023-07-08,WS_69439,Tube Well,25.153407,91.819255,7.44,0.993,19.316,48.0,8.1,44.3,1.88,0.003,1.7,1.27,0.03,IoT Sensor,Agency_2,1,Safe,85.0
Nongpoh Village,Meghalaya,2023-04-27,WS_15563,River,26.957558,90.681629,5.82,89.244,277.347,2258.0,3.3,146.0,14.2,1.49,1.16,0.08,0.024,Water Testing Kit,Agency_7,0,High,
Wokha Rural,Nagaland,2023-05-21,WS_84525,River,24.290291,89.947901,8.3,7.562,13.629,95.0,6.4,3.6,0.72,0.042,0.12,1.15,0.015,IoT Sensor,Agency_5,0,Safe,
Nagaon Rural,Assam,2023-05-01,WS_88151,Spring,27.34382,89.370655,7.95,2.443,17.679,28.0,6.1,3.1,0.66,0.005,0.29,0.52,0.05,IoT Sensor,Agency_6,1,Safe,
Karimganj Village,Assam,2023-07-03,WS_23371,Piped Supply,24.768176,92.915808,7.45,6.872,14.83,31.0,6.5,8.2,1.44,0.007,0.43,0.87,0.039,IoT Sensor,Agency_3,0,Safe,
Mangan Village,Sikkim,2023-12-10,WS_48716,Well,28.198157,91.737945,6.05,68.259,2281.993,448.0,2.9,172.8,18.93,1.7,0.56,0.75,0.03,IoT Sensor,Agency_5,0,High,11.0
Mangan Village,Sikkim,2023-10-24,WS_26771,Well,27.249015,93.349689,8.16,2.295,24.115,68.0,6.4,38.6,0.75,0.041,1.85,1.35,0.04,Water Testing Kit,Agency_6,1,Safe,182.0
Lunglei Village,Mizoram,2023-06-12,WS_81970,Piped Supply,23.333354,94.196077,6.77,10.646,24.595,66.0,7.9,34.8,2.59,0.028,0.39,0.7,0.022,Water Testing Kit,Agency_5,0,Safe,
Tura Village,Meghalaya,2023-10-03,WS_42760,Tube Well,23.334366,88.134933,6.96,8.95,8.165,66.0,6.2,32.5,2.5,0.02,1.75,1.23,0.029,IoT Sensor,Agency_4,0,Safe,144.0
Champhai Rural,Mizoram,2023-11-25,WS_13972,River,27.953636,94.290098,5.69,34.944,1360.582,1605.0,1.4,57.1,16.98,1.19,1.01,0.27,0.027,IoT Sensor,Agency_2,0,High,
Pakyong Village,Sikkim,2023-09-16,WS_24326,Tube Well,24.255421,90.512341,7.65,7.757,5.876,24.0,8.9,20.8,1.59,0.018,1.0,0.47,0.045,IoT Sensor,Agency_9,0,Safe,30.0
Jowai Rural,Meghalaya,2024-02-24,WS_52218,Pond,27.962303,88.454636,6.6,1.067,34.716,91.0,6.8,20.3,2.6,0.014,1.69,1.38,0.008,Water Testing Kit,Agency_1,1,Safe,
Khliehriat Village,Meghalaya,2024-01-17,WS_78036,Well,28.768408,91.734908,7.64,8.699,60.247,75.0,7.9,39.8,2.39,0.048,0.88,0.77,0.02,Lab Analysis,Agency_1,0,Safe,14.0
Roing Village,Arunachal Pradesh,2023-08-31,WS_76471,Pond,23.620862,92.312092,8.65,5.849,22.236,35.0,6.4,8.1,0.43,0.024,1.02,0.67,0.029,IoT Sensor,Agency_8,0,Safe,
Mangan Village,Sikkim,2023-06-04,WS_49809,Pond,26.989818,90.526885,6.85,3.396,7.913,77.0,6.1,19.5,2.45,0.008,1.23,0.97,0.022,Lab Analysis,Agency_6,1,Safe,
Barpeta Village,Assam,2023-12-23,WS_34312,Pond,24.669593,93.752385,5.63,74.453,2324.349,289.0,4.0,189.4,7.99,0.19,1.27,0.22,0.04,Water Testing Kit,Agency_7,0,High,
Champhai Rural,Mizoram,2024-02-05,WS_18406,Well,27.557437,94.999174,7.16,3.038,44.261,90.0,6.2,10.0,2.71,0.039,0.55,0.36,0.036,Water Testing Kit,Agency_6,1,Safe,42.0
Silchar Village,Assam,2023-06-03,WS_52025,Tube Well,25.530526,93.69739,5.3,33.916,483.176,3662.0,3.3,160.9,13.08,1.98,0.86,1.27,0.029,IoT Sensor,Agency_1,0,High,31.0
Pakyong Village,Sikkim,2023-08-18,WS_63404,Tube Well,28.175463,93.836141,6.85,4.495,6.632,58.0,5.3,20.1,1.7,0.011,0.87,0.25,0.04,Water Testing Kit,Agency_8,1,Safe,184.0
Tura Village,Meghalaya,2023-04-16,WS_62093,Well,23.589747,88.534464,6.47,7.643,67.252,80.0,7.1,30.3,2.42,0.003,1.26,0.48,0.019,Water Testing Kit,Agency_3,0,Safe,22.0
Jowai Rural,Meghalaya,2024-01-29,WS_48542,Piped Supply,24.296017,90.473356,7.72,4.852,5.559,84.0,5.3,16.2,2.96,0.021,0.41,1.1,0.048,Lab Analysis,Agency_8,1,Safe,
Zunheboto Village,Nagaland,2023-06-25,WS_73901,Piped Supply,28.593378,90.601538,6.96,8.069,42.652,99.0,6.3,29.0,1.27,0.032,1.24,1.38,0.024,IoT Sensor,Agency_1,0,Safe,
Williamnagar Village,Meghalaya,2023-08-21,WS_95338,Pond,25.47496,96.543935,5.46,59.795,1675.757,3164.0,3.4,112.2,22.45,0.15,1.73,0.09,0.033,Lab Analysis,Agency_3,0,High,
Kiphire Village,Nagaland,2023-02-04,WS_12716,Piped Supply,27.009287,91.614144,7.94,2.837,41.473,70.0,6.7,43.6,0.0,0.034,1.97,0.98,0.046,Lab Analysis,Agency_5,1,Safe,
Pasighat Rural,Arunachal Pradesh,2023-07-27,WS_57856,Well,26.817063,91.668749,7.11,7.397,1.199,89.0,6.6,27.8,2.42,0.023,0.65,1.11,0.03,IoT Sensor,Agency_7,0,Safe,35.0
Lunglei Village,Mizoram,2023-09-04,WS_86989,River,26.721543,94.044478,8.49,8.297,10.681,11.0,7.4,31.7,1.02,0.049,1.58,0.49,0.006,Lab Analysis,Agency_3,0,Safe,
Churachandpur Village,Manipur,2024-01-10,WS_62717,Pond,23.372415,94.878543,7.54,4.876,5.438,74.0,7.8,26.5,0.18,0.032,0.77,1.23,0.002,IoT Sensor,Agency_4,1,Safe,
Churachandpur Village,Manipur,2023-12-27,WS_18928,Piped Supply,24.69354,88.035767,7.74,7.854,29.29,58.0,7.6,40.6,0.1,0.005,1.22,0.04,0.022,Water Testing Kit,Agency_8,0,Safe,
Dibrugarh Rural,Assam,2023-07-27,WS_89985,Tube Well,27.022808,93.982986,7.34,1.249,65.564,26.0,5.4,9.2,1.71,0.017,0.03,1.13,0.012,IoT Sensor,Agency_5,1,Safe,108.0
Bishnupur Rural,Manipur,2023-06-29,WS_70264,Pond,25.967651,92.876941,8.26,2.745,39.69,83.0,6.3,7.6,1.77,0.014,0.21,0.51,0.031,Water Testing Kit,Agency_5,1,Safe,
Resubelpara Rural,Meghalaya,2023-10-09,WS_33156,Spring,26.231939,96.630718,8.65,8.036,35.79,35.0,5.7,9.5,2.6,0.043,0.17,0.8,0.047,Lab Analysis,Agency_3,0,Safe,
Kiphire Village,Nagaland,2023-03-16,WS_92377,Tube Well,25.802592,92.04923,8.39,2.108,60.929,23.0,5.9,39.6,1.66,0.04,1.89,0.59,0.012,Lab Analysis,Agency_5,1,Safe,149.0
Agartala Rural,Tripura,2023-05-16,WS_78386,River,23.506335,94.394438,5.88,75.467,1291.982,3349.0,1.9,100.9,8.25,1.1,0.3,0.86,0.049,IoT Sensor,Agency_3,0,High,
Rangpo Rural,Sikkim,2023-07-18,WS_67473,Pond,27.420104,94.974511,8.39,10.073,54.281,50.0,8.5,18.9,1.92,0.009,1.5,0.14,0.031,Water Testing Kit,Agency_4,0,Safe,
Jorhat Village,Assam,2023-08-20,WS_46299,River,23.610982,91.631982,6.03,89.808,865.193,3111.0,1.3,53.9,21.32,1.89,1.83,0.02,0.034,IoT Sensor,Agency_5,0,High,
Kiphire Village,Nagaland,2024-01-15,WS_78463,River,26.826377,95.083513,5.33,22.256,219.023,488.0,1.7,197.2,6.96,1.78,1.76,0.37,0.041,IoT Sensor,Agency_2,0,High,
Tura Village,Meghalaya,2023-12-18,WS_10397,Tube Well,25.813387,90.631217,7.19,8.166,4.79,14.0,7.7,4.9,0.41,0.044,1.8,0.93,0.003,IoT Sensor,Agency_7,0,Safe,198.0
Tuensang Village,Nagaland,2023-12-23,WS_17981,Well,27.784524,94.181288,6.01,65.801,392.456,560.0,3.8,75.6,13.63,1.59,0.23,1.48,0.034,Lab Analysis,Agency_4,0,High,174.0
Kiphire Village,Nagaland,2023-01-26,WS_92377,Tube Well,25.802592,92.04923,7.97,2.074,59.754,23.0,5.9,39.6,1.66,0.04,1.89,0.59,0.012,Lab Analysis,Agency_5,1,Safe,149.0
Karimganj Village,Assam,2023-10-14,WS_77169,Piped Supply,25.756448,90.252901,6.74,5.108,51.592,56.0,8.2,40.2,0.23,0.029,0.33,0.77,0.042,Lab Analysis,Agency_3,1,Safe,
Kolasib Rural,Mizoram,2023-10-09,WS_81351,Pond,25.757077,92.341743,6.43,113.595,1990.625,2955.0,1.7,190.7,18.42,1.11,1.46,0.31,0.015,IoT Sensor,Agency_6,0,High,
Bomdila Rural,Arunachal Pradesh,2023-06-02,WS_23999,Well,25.544596,95.84959,6.42,10.188,59.838,27.0,5.9,35.3,0.45,0.043,1.04,1.06,0.025,IoT Sensor,Agency_2,0,Safe,192.0
Churachandpur Village,Manipur,2023-04-17,WS_99622,Pond,24.161344,88.092569,7.34,7.109,37.409,92.0,8.2,40.6,1.58,0.046,0.78,0.97,0.048,IoT Sensor,Agency_3,0,Safe,
Tamenglong Rural,Manipur,2024-01-18,WS_42317,Well,26.197527,90.167981,5.65,93.978,508.833,4695.0,1.5,63.4,8.26,0.37,0.85,0.83,0.028,Water Testing Kit,Agency_5,0,High,9.0
Thoubal Village,Manipur,2023-12-28,WS_85831,Piped Supply,25.558529,96.9396,7.86,5.798,29.169,94.0,5.7,9.2,0.33,0.006,0.89,0.16,0.002,Lab Analysis,Agency_4,0,Safe,
Senapati Rural,Manipur,2023-10-19,WS_97417,Pond,23.640418,94.978401,7.91,5.21,28.517,32.0,7.8,18.8,1.95,0.021,1.4,1.23,0.007,IoT Sensor,Agency_6,1,Safe,
Wokha Rural,Nagaland,2024-02-03,WS_80608,Pond,23.447011,88.487544,7.4,4.685,53.211,5.0,7.8,2.9,1.66,0.031,1.48,0.72,0.004,IoT Sensor,Agency_2,1,Safe,
Singtam Village,Sikkim,2023-10-30,WS_69281,River,23.506021,94.377733,5.34,27.149,1624.943,4597.0,2.6,93.8,13.11,1.81,1.85,0.19,0.012,Lab Analysis,Agency_1,0,High,
Roing Village,Arunachal Pradesh,2023-03-21,WS_66540,Pond,24.495252,90.60465,8.13,6.312,30.041,25.0,7.5,8.3,0.18,0.001,0.69,1.07,0.022,IoT Sensor,Agency_1,0,Safe,
Naharlagun Village,Arunachal Pradesh,2023-08-01,WS_31062,River,27.197286,94.967595,5.3,87.68,896.643,1989.0,2.8,87.1,18.18,0.34,1.03,1.3,0.012,Water Testing Kit,Agency_2,0,High,
Thoubal Village,Manipur,2024-01-02,WS_55070,River,25.948684,89.152707,5.32,72.245,1383.994,1125.0,1.5,166.7,17.38,0.11,0.77,0.22,0.014,Lab Analysis,Agency_5,0,High,
Thoubal Village,Manipur,2023-07-23,WS_13635,Spring,28.942518,91.527211,7.7,5.382,27.13,84.0,5.9,38.8,2.51,0.037,0.76,1.48,0.012,Water Testing Kit,Agency_7,1,Safe,
Hnahthial Village,Mizoram,2023-08-12,WS_32478,Pond,28.351372,96.180261,5.3,103.715,440.571,1109.0,1.5,105.5,18.89,1.32,0.3,0.94,0.003,Water Testing Kit,Agency_3,0,High,
Nagaon Rural,Assam,2023-04-25,WS_91660,Piped Supply,24.801265,92.530632,7.4,8.033,37.058,61.0,7.6,20.8,0.5,0.008,1.98,0.39,0.02,Water Testing Kit,Agency_5,0,Safe,
Barpeta Village,Assam,2023-09-16,WS_24878,Spring,28.482897,88.766041,6.86,6.318,4.209,48.0,8.2,38.5,0.89,0.011,0.67,0.52,0.011,Water Testing Kit,Agency_2,0,Safe,
Kiphire Village,Nagaland,2023-02-21,WS_68291,Well,25.843573,89.947858,7.42,2.363,56.617,32.0,6.7,30.8,1.02,0.028,0.5,1.31,0.039,Water Testing Kit,Agency_3,1,Safe,178.0
Nagaon Rural,Assam,2023-03-21,WS_90969,Well,27.365205,95.960398,8.35,4.069,24.67,95.0,7.2,8.7,1.42,0.026,0.92,1.36,0.034,Lab Analysis,Agency_5,1,Safe,139.0
Naharlagun Village,Arunachal Pradesh,2023-08-31,WS_95373,Well,24.747513,90.392622,5.3,74.422,575.66,391.0,2.3,102.1,13.41,0.96,0.96,1.32,0.049,Water Testing Kit,Agency_5,0,High,129.0
Tawang Rural,Arunachal Pradesh,2023-06-28,WS_64334,Well,25.601254,91.278272,6.71,6.255,7.754,41.0,8.8,28.9,0.62,0.04,0.48,1.34,0.048,Water Testing Kit,Agency_3,0,Safe,178.0
Tamenglong Rural,Manipur,2023-07-26,WS_63397,Spring,23.914698,96.471441,6.98,3.919,66.637,12.0,8.6,23.8,0.21,0.02,0.42,0.95,0.042,IoT Sensor,Agency_3,1,Safe,
Namchi Village,Sikkim,2024-02-08,WS_58475,Well,23.871495,89.047637,6.47,3.784,15.466,83.0,7.1,2.7,1.07,0.035,0.51,0.56,0.004,Water Testing Kit,Agency_2,1,Safe,49.0
Rangpo Rural,Sikkim,2024-01-03,WS_15063,Piped Supply,25.865268,89.063346,5.45,93.065,2359.826,2200.0,2.7,194.9,14.1,0.55,1.45,0.77,0.015,IoT Sensor,Agency_8,0,High,
Jorethang Rural,Sikkim,2023-03-16,WS_77850,Spring,24.385298,94.445286,5.3,97.432,1230.058,3428.0,1.4,156.4,18.48,1.21,0.49,1.41,0.021,Water Testing Kit,Agency_9,0,High,
Champhai Rural,Mizoram,2023-06-08,WS_40373,Pond,23.865315,90.259752,5.99,94.462,1932.91,3768.0,3.8,164.6,22.11,1.19,0.67,1.21,0.016,Water Testing Kit,Agency_2,0,High,
Kailashahar Village,Tripura,2024-01-09,WS_74759,Well,27.292454,94.911795,7.34,5.636,14.996,16.0,5.6,14.0,2.59,0.02,1.01,0.4,0.009,Lab Analysis,Agency_2,0,Safe,164.0
Senapati Rural,Manipur,2023-03-19,WS_98493,Piped Supply,24.163846,91.614415,7.42,2.134,51.939,64.0,8.2,10.1,1.77,0.003,0.29,0.2,0.036,Water Testing Kit,Agency_4,1,Safe,
Mokokchung Rural,Nagaland,2023-05-29,WS_90706,Pond,26.954641,92.682722,7.38,5.56,13.907,58.0,8.8,2.3,0.78,0.035,1.23,0.05,0.004,IoT Sensor,Agency_1,0,Safe,
Jorethang Rural,Sikkim,2023-08-26,WS_23507,Tube Well,23.689766,93.475416,7.02,0.796,28.298,47.0,5.5,21.6,2.03,0.024,1.46,0.4,0.019,IoT Sensor,Agency_9,1,Safe,56.0
Kolasib Rural,Mizoram,2023-08-17,WS_18431,Tube Well,27.06956,96.036281,7.52,7.036,63.625,49.0,5.7,42.1,1.41,0.023,0.37,0.52,0.039,Water Testing Kit,Agency_5,0,Safe,168.0
Senapati Rural,Manipur,2023-05-01,WS_21324,Pond,25.033514,94.458335,6.89,6.449,57.814,8.0,7.5,23.0,1.0,0.005,1.89,0.5,0.037,Water Testing Kit,Agency_3,0,Safe,
Namchi Village,Sikkim,2023-06-09,WS_46261,Well,27.580525,88.827118,7.93,9.551,8.321,57.0,5.3,1.2,1.4,0.032,0.23,1.06,0.033,IoT Sensor,Agency_3,0,Safe,100.0
Resubelpara Rural,Meghalaya,2024-01-11,WS_33156,Spring,26.231939,96.630718,8.49,8.956,39.584,35.0,5.7,9.5,2.6,0.043,0.17,0.8,0.047,Lab Analysis,Agency_3,0,Safe,
Ukhrul Village,Manipur,2023-10-26,WS_22972,Pond,27.565675,89.573303,8.13,6.394,22.461,26.0,6.6,19.8,1.78,0.034,0.5,1.26,0.036,IoT Sensor,Agency_9,0,Safe,
Ukhrul Village,Manipur,2023-06-06,WS_34192,Spring,26.530443,88.796693,6.03,65.561,223.93,933.0,3.8,173.0,7.88,0.2,1.61,1.44,0.014,IoT Sensor,Agency_9,0,High,
Agartala Rural,Tripura,2023-09-29,WS_69597,Well,24.303032,94.658017,7.11,6.053,10.26,46.0,6.4,19.7,0.89,0.007,0.15,0.83,0.015,Water Testing Kit,Agency_7,0,Safe,75.0
Imphal Rural,Manipur,2023-06-02,WS_74053,Tube Well,28.104498,92.363516,6.16,3.815,42.713,85.0,5.2,28.3,2.53,0.013,1.27,0.76,0.03,IoT Sensor,Agency_7,1,Safe,172.0
Kiphire Village,Nagaland,2023-04-28,WS_11653,River,26.301439,90.01707,7.4,0.249,26.38,44.0,6.4,24.6,1.54,0.009,0.07,1.36,0.026,Water Testing Kit,Agency_7,1,Safe,
Mokokchung Rural,Nagaland,2023-04-10,WS_65371,Well,28.333831,88.48485,5.3,110.838,1227.331,4323.0,2.1,56.4,18.91,0.17,1.14,0.76,0.039,Water Testing Kit,Agency_3,0,High,147.0
Teliamura Rural,Tripura,2023-08-18,WS_73128,Well,24.033767,96.227508,7.33,6.651,57.77,50.0,8.1,38.3,0.1,0.032,1.44,1.07,0.017,Lab Analysis,Agency_5,0,Safe,176.0
Amarpur Village,Tripura,2024-03-08,WS_33169,Tube Well,27.705252,95.999674,8.51,9.439,50.63,17.0,5.3,19.0,1.2,0.007,0.08,0.11,0.028,IoT Sensor,Agency_7,0,Safe,120.0
Resubelpara Rural,Meghalaya,2023-08-15,WS_45427,River,28.454291,96.256125,6.71,7.976,37.456,85.0,8.2,16.8,0.3,0.046,0.53,0.13,0.0,IoT Sensor,Agency_9,0,Safe,
Kailashahar Village,Tripura,2023-05-24,WS_77136,River,25.256634,92.762106,5.43,72.295,625.636,4300.0,2.2,157.3,23.88,0.89,0.46,0.04,0.013,Water Testing Kit,Agency_5,0,High,
Khowai Village,Tripura,2023-08-21,WS_65030,Tube Well,26.780173,96.35319,5.3,24.99,1688.614,4483.0,2.7,111.4,16.54,1.38,1.88,0.25,0.026,Water Testing Kit,Agency_8,0,High,11.0
Kiphire Village,Nagaland,2023-11-10,WS_15536,Pond,27.061891,92.434086,6.2,44.609,2842.106,4294.0,2.0,81.6,13.53,1.87,0.78,0.52,0.029,Lab Analysis,Agency_6,0,High,
Guwahati Rural,Assam,2023-08-12,WS_95188,River,25.0654,89.294593,8.36,6.492,49.762,9.0,5.6,29.8,1.62,0.039,1.45,1.4,0.014,IoT Sensor,Agency_1,0,Safe,
Resubelpara Rural,Meghalaya,2023-09-29,WS_17334,River,27.477313,88.446313,6.21,44.405,1368.826,2363.0,3.6,125.1,10.56,1.47,1.66,0.72,0.007,Water Testing Kit,Agency_7,0,High,
Nongpoh Village,Meghalaya,2023-11-17,WS_17930,Pond,28.515934,91.631187,6.56,5.179,62.614,2.0,5.3,40.9,2.21,0.027,1.28,1.24,0.023,Water Testing Kit,Agency_5,1,Safe,
Barpeta Village,Assam,2023-11-04,WS_24878,Spring,28.482897,88.766041,6.84,6.962,4.221,48.0,8.2,38.5,0.89,0.011,0.67,0.52,0.011,Water Testing Kit,Agency_2,0,Safe,
Bomdila Rural,Arunachal Pradesh,2023-11-07,WS_11251,Piped Supply,24.347852,93.934287,8.9,2.213,14.979,56.0,7.1,39.1,0.47,0.021,0.7,0.88,0.033,Water Testing Kit,Agency_5,1,Safe,
Pasighat Rural,Arunachal Pradesh,2023-10-13,WS_50477,Tube Well,24.188454,89.574251,5.3,108.386,150.48,408.0,3.5,107.3,19.61,1.27,0.58,0.15,0.003,Water Testing Kit,Agency_9,0,High,54.0
Bomdila Rural,Arunachal Pradesh,2023-04-30,WS_77738,Tube Well,24.965182,92.697478,7.16,5.899,58.048,96.0,8.4,8.1,1.78,0.022,0.91,0.78,0.015,Water Testing Kit,Agency_4,0,Safe,71.0
Kolasib Rural,Mizoram,2024-02-03,WS_55003,Tube Well,27.278144,96.971539,6.78,1.193,14.615,83.0,7.2,12.1,0.56,0.038,0.15,1.13,0.037,Water Testing Kit,Agency_1,1,Safe,75.0
Jowai Rural,Meghalaya,2023-03-10,WS_67359,Pond,27.422185,95.066727,5.3,80.291,1808.741,3150.0,3.9,142.0,9.51,1.03,1.87,0.6,0.013,Lab Analysis,Agency_5,0,High,
Tezpur Village,Arunachal Pradesh,2023-04-19,WS_63416,Tube Well,24.273659,95.543221,5.96,24.292,2665.677,1049.0,1.1,96.3,8.57,1.34,1.08,0.36,0.02,Water Testing Kit,Agency_8,0,High,99.0
Jowai Rural,Meghalaya,2023-06-15,WS_74708,Well,24.20929,91.53283,6.49,3.988,29.64,78.0,7.1,5.6,1.28,0.047,1.61,0.18,0.05,IoT Sensor,Agency_8,1,Safe,57.0
Aizawl Rural,Mizoram,2023-05-14,WS_26239,Piped Supply,28.696574,88.722763,7.57,7.125,49.042,63.0,5.0,23.2,1.79,0.048,1.88,0.59,0.04,Water Testing Kit,Agency_3,0,Safe,
Jowai Rural,Meghalaya,2023-08-16,WS_92010,Pond,26.937524,90.618343,5.92,115.448,1928.492,4761.0,2.3,168.4,23.75,0.2,0.53,0.29,0.011,IoT Sensor,Agency_4,0,High,
Teliamura Rural,Tripura,2023-11-05,WS_22682,Well,24.316954,95.347755,8.06,1.977,13.577,18.0,7.4,1.3,1.76,0.041,1.91,0.28,0.046,Water Testing Kit,Agency_1,1,Safe,14.0
Tezpur Rural,Assam,2023-08-18,WS_46718,Tube Well,27.696534,93.052166,7.26,5.984,52.205,69.0,7.1,38.0,2.52,0.042,1.93,0.26,0.019,IoT Sensor,Agency_6,0,Safe,16.0
Thoubal Village,Manipur,2023-11-04,WS_95591,Well,23.829913,94.358857,5.96,133.618,2249.004,1144.0,1.1,55.9,10.37,1.77,0.29,0.58,0.01,IoT Sensor,Agency_8,0,High,101.0
Namchi Village,Sikkim,2023-07-02,WS_54900,Well,26.556242,90.863628,8.28,3.427,15.298,31.0,8.9,18.3,2.74,0.003,0.84,0.32,0.031,Water Testing Kit,Agency_1,1,Safe,137.0
Tamenglong Rural,Manipur,2023-10-27,WS_34544,Pond,27.720876,95.205028,8.45,2.838,53.322,43.0,6.9,21.6,2.19,0.013,1.55,0.21,0.049,IoT Sensor,Agency_2,1,Safe,
Resubelpara Rural,Meghalaya,2023-07-01,WS_45427,River,28.454291,96.256125,6.95,8.753,40.739,85.0,8.2,16.8,0.3,0.046,0.53,0.13,0.0,IoT Sensor,Agency_9,0,Safe,
Kailashahar Village,Tripura,2023-01-13,WS_39743,Piped Supply,26.089216,89.650094,8.03,3.28,44.792,55.0,8.3,37.5,0.2,0.015,1.11,0.4,0.041,Lab Analysis,Agency_2,1,Safe,
Baghmara Rural,Meghalaya,2024-01-29,WS_93599,Spring,25.507844,91.498875,7.57,3.683,31.056,46.0,5.7,21.9,1.79,0.001,1.23,0.57,0.03,Water Testing Kit,Agency_9,1,Safe,
Bishnupur Rural,Manipur,2024-02-11,WS_16960,Tube Well,24.564757,92.167393,7.23,8.618,22.024,53.0,6.2,35.3,0.6,0.033,1.84,0.1,0.005,Water Testing Kit,Agency_7,0,Safe,30.0
Dharmanagar Rural,Tripura,2023-10-02,WS_53669,Piped Supply,24.746706,93.312002,6.68,5.634,16.79,57.0,8.0,32.4,0.86,0.018,0.93,0.15,0.043,Lab Analysis,Agency_7,0,Safe,
Baghmara Rural,Meghalaya,2023-03-20,WS_70397,River,24.693016,96.804128,6.96,2.34,59.801,93.0,8.4,1.9,1.96,0.023,0.69,0.92,0.025,Lab Analysis,Agency_7,1,Safe,
Wokha Rural,Nagaland,2024-02-01,WS_17119,River,25.236591,90.260606,8.06,2.647,34.02,49.0,6.1,27.9,1.89,0.005,1.4,1.13,0.002,IoT Sensor,Agency_7,1,Safe,
Karimganj Village,Assam,2023-12-25,WS_90745,Tube Well,28.266884,90.15968,8.46,5.768,52.461,88.0,7.2,32.2,1.73,0.036,0.56,1.16,0.003,Water Testing Kit,Agency_5,0,Safe,15.0
Shillong Rural,Meghalaya,2023-10-31,WS_66931,Tube Well,24.759015,92.808793,7.76,5.47,6.592,44.0,5.8,15.0,2.83,0.028,0.09,0.86,0.046,IoT Sensor,Agency_5,1,Safe,198.0
Senapati Rural,Manipur,2023-04-22,WS_21424,Tube Well,23.973031,89.263404,6.7,8.042,36.038,82.0,7.5,17.6,1.8,0.032,0.29,1.33,0.027,Water Testing Kit,Agency_8,0,Safe,42.0
Lunglei Village,Mizoram,2023-10-27,WS_92173,Well,23.737507,90.378131,5.77,83.263,2006.141,3167.0,2.3,121.8,9.4,0.26,1.73,1.44,0.04,Lab Analysis,Agency_9,0,High,144.0
Nagaon Rural,Assam,2023-05-27,WS_88151,Spring,27.34382,89.370655,7.66,2.865,19.766,28.0,6.1,3.1,0.66,0.005,0.29,0.52,0.05,IoT Sensor,Agency_6,1,Safe,
Silchar Village,Assam,2023-11-29,WS_37202,Pond,25.092831,90.788202,7.5,1.752,29.666,52.0,5.3,27.0,0.7,0.046,1.45,0.59,0.026,IoT Sensor,Agency_9,1,Safe,
Nongpoh Village,Meghalaya,2023-06-23,WS_35793,Well,26.379906,94.753115,7.17,9.044,56.255,82.0,6.9,13.1,1.25,0.034,1.85,0.88,0.033,Water Testing Kit,Agency_4,0,Safe,171.0
Namchi Village,Sikkim,2023-04-18,WS_99532,Well,27.307499,92.368269,7.81,2.651,7.948,55.0,8.4,9.1,2.07,0.019,1.46,0.01,0.033,Lab Analysis,Agency_3,1,Safe,40.0
Mokokchung Rural,Nagaland,2023-05-09,WS_71524,River,28.626675,96.730928,5.37,66.655,1571.065,223.0,1.6,192.5,15.17,1.44,0.04,0.38,0.046,IoT Sensor,Agency_9,0,High,
Agartala Rural,Tripura,2023-06-11,WS_32968,Piped Supply,27.10171,96.308179,5.3,62.022,2492.216,4231.0,3.7,176.3,20.73,1.73,1.33,0.31,0.047,IoT Sensor,Agency_6,0,High,
Gangtok Rural,Sikkim,2024-02-24,WS_32261,Spring,27.815494,92.271446,8.12,2.955,66.732,63.0,6.6,27.0,0.38,0.016,0.38,0.91,0.015,Water Testing Kit,Agency_7,1,Safe,
Shillong Rural,Meghalaya,2023-12-19,WS_81341,River,28.673104,90.955281,5.3,74.572,869.338,2361.0,2.6,136.0,16.65,0.23,1.58,0.34,0.033,Water Testing Kit,Agency_9,0,High,
Gangtok Rural,Sikkim,2023-11-15,WS_65839,Pond,26.875851,88.662043,5.3,102.437,1155.877,4946.0,2.2,157.7,12.99,0.55,1.28,0.62,0.033,IoT Sensor,Agency_3,0,High,
Churachandpur Village,Manipur,2023-04-29,WS_62411,Pond,28.815208,93.77624,6.15,45.449,1767.696,3358.0,3.1,129.5,19.59,1.07,0.19,0.48,0.021,IoT Sensor,Agency_3,0,High,
Kailashahar Village,Tripura,2023-12-14,WS_83573,Pond,28.02079,91.875717,5.72,100.683,2412.079,4192.0,3.3,131.7,15.79,1.26,1.35,0.46,0.01,Lab Analysis,Agency_5,0,High,
Dimapur Village,Nagaland,2023-05-01,WS_97721,Tube Well,26.734585,96.745803,7.74,6.133,29.931,14.0,8.1,21.5,1.88,0.019,0.78,0.43,0.019,IoT Sensor,Agency_7,0,Safe,9.0
Teliamura Rural,Tripura,2023-11-23,WS_22381,River,28.767723,94.003352,5.83,47.858,1633.602,4421.0,2.2,81.2,8.12,1.43,0.38,0.95,0.029,IoT Sensor,Agency_9,0,High,
Tura Village,Meghalaya,2023-02-23,WS_50262,River,24.80356,96.273263,6.38,6.817,59.27,83.0,5.2,31.4,2.39,0.02,0.45,0.92,0.045,Water Testing Kit,Agency_4,0,Safe,
Mangan Village,Sikkim,2023-11-29,WS_85240,Pond,26.094524,96.121694,5.35,81.097,482.537,3970.0,2.1,68.9,6.99,1.17,0.32,0.62,0.002,IoT Sensor,Agency_1,0,High,
Nongpoh Village,Meghalaya,2023-09-17,WS_41893,Piped Supply,26.832591,91.875395,6.94,0.13,3.04,14.0,8.1,9.1,0.3,0.043,1.11,1.4,0.004,IoT Sensor,Agency_1,1,Safe,
Nongpoh Village,Meghalaya,2023-06-30,WS_17392,Tube Well,27.503915,89.157125,7.27,9.165,2.487,87.0,6.3,41.5,0.67,0.037,0.17,0.17,0.002,Water Testing Kit,Agency_2,0,Safe,68.0
Williamnagar Village,Meghalaya,2023-10-27,WS_95338,Pond,25.47496,96.543935,5.71,58.47,1792.306,3164.0,3.4,112.2,22.45,0.15,1.73,0.09,0.033,Lab Analysis,Agency_3,0,High,
Ziro Village,Arunachal Pradesh,2023-06-05,WS_15312,River,28.405925,96.963508,7.39,6.883,2.921,71.0,5.4,35.1,2.63,0.016,0.41,0.97,0.01,Lab Analysis,Agency_2,0,Safe,
Lawngtlai Village,Mizoram,2023-01-26,WS_48761,River,24.346018,90.10789,5.3,44.003,1535.471,3163.0,1.4,115.1,6.45,0.17,1.89,0.45,0.021,Lab Analysis,Agency_2,0,High,
Jorhat Village,Assam,2023-03-14,WS_23352,Piped Supply,25.120603,90.352939,6.93,1.796,21.704,65.0,7.1,32.1,0.09,0.041,0.72,0.33,0.015,Lab Analysis,Agency_9,1,Safe,
Kiphire Village,Nagaland,2023-09-19,WS_31745,Piped Supply,27.049639,96.614075,5.64,94.362,465.379,3476.0,2.4,121.9,19.47,0.95,0.71,1.11,0.046,IoT Sensor,Agency_4,0,High,
Belonia Rural,Tripura,2024-01-20,WS_81685,Well,25.08232,90.716331,8.04,2.077,57.653,64.0,6.5,29.1,2.78,0.049,1.37,0.19,0.004,IoT Sensor,Agency_2,1,Safe,197.0
Lunglei Village,Mizoram,2023-09-10,WS_86989,River,26.721543,94.044478,8.35,10.116,12.817,11.0,7.4,31.7,1.02,0.049,1.58,0.49,0.006,Lab Analysis,Agency_3,0,Safe,
Guwahati Rural,Assam,2023-03-09,WS_83998,Piped Supply,25.354067,91.189332,7.15,2.805,48.923,31.0,5.1,16.4,0.83,0.045,0.0,0.24,0.017,Water Testing Kit,Agency_2,1,Safe,
Mangan Village,Sikkim,2023-10-18,WS_20263,Spring,24.740542,96.526688,5.3,76.943,1351.205,1853.0,2.3,179.6,8.96,0.7,1.04,1.3,0.013,IoT Sensor,Agency_1,0,High,
Teliamura Rural,Tripura,2023-07-20,WS_31150,Spring,23.994238,89.344525,5.3,20.936,2097.099,1732.0,4.0,142.7,8.29,0.74,1.82,0.27,0.005,Water Testing Kit,Agency_3,0,High,
Agartala Rural,Tripura,2023-01-28,WS_64636,Tube Well,24.317703,88.517006,8.11,2.783,55.821,90.0,7.8,40.3,2.24,0.007,1.53,0.8,0.039,Lab Analysis,Agency_2,1,Safe,176.0
Kiphire Village,Nagaland,2023-01-11,WS_92377,Tube Well,25.802592,92.04923,8.39,2.025,52.896,23.0,5.9,39.6,1.66,0.04,1.89,0.59,0.012,Lab Analysis,Agency_5,1,Safe,149.0
Senapati Rural,Manipur,2023-08-08,WS_63951,Well,27.492731,96.74248,6.77,85.483,1269.448,1855.0,2.2,80.8,24.36,0.64,1.24,0.28,0.02,IoT Sensor,Agency_8,0,High,138.0
Shillong Rural,Meghalaya,2023-03-21,WS_41980,Tube Well,28.785008,91.964272,8.48,1.889,4.824,50.0,8.2,15.9,1.0,0.01,1.22,1.13,0.037,Lab Analysis,Agency_2,1,Safe,80.0
Saitual Rural,Mizoram,2024-01-10,WS_56581,Piped Supply,25.115194,89.526164,5.3,122.724,604.472,4253.0,3.9,162.8,7.08,0.42,1.01,0.01,0.047,IoT Sensor,Agency_8,0,High,
Tuensang Village,Nagaland,2023-10-12,WS_76285,Well,27.146203,88.584604,6.97,8.378,8.671,23.0,7.6,43.6,2.2,0.006,1.78,0.63,0.009,Water Testing Kit,Agency_4,0,Safe,120.0
Barpeta Village,Assam,2023-12-14,WS_21472,Tube Well,24.393056,91.013454,7.0,6.851,14.789,23.0,8.9,4.5,1.14,0.028,0.42,1.48,0.046,IoT Sensor,Agency_9,0,Safe,91.0
Barpeta Village,Assam,2023-08-09,WS_64907,River,28.579587,91.049482,7.99,1.556,20.987,26.0,7.0,17.2,1.08,0.027,1.94,0.0,0.032,Water Testing Kit,Agency_6,1,Safe,
Tuensang Village,Nagaland,2023-09-16,WS_33990,Well,25.924703,92.969753,6.9,7.593,33.482,17.0,7.6,1.3,1.8,0.037,1.73,1.16,0.033,Water Testing Kit,Agency_7,0,Safe,25.0
Kailashahar Village,Tripura,2023-04-12,WS_69481,Tube Well,27.417502,89.197624,7.53,5.689,27.637,54.0,5.8,3.0,0.77,0.016,0.57,0.13,0.031,Water Testing Kit,Agency_4,0,Safe,176.0
Tamenglong Rural,Manipur,2023-12-17,WS_26697,Well,23.972998,92.567394,7.2,1.962,21.267,84.0,7.5,19.6,2.16,0.048,0.67,0.32,0.003,Lab Analysis,Agency_7,1,Safe,96.0
Nongpoh Village,Meghalaya,2023-06-01,WS_66121,Piped Supply,25.259901,96.426513,6.85,7.003,44.345,33.0,7.5,9.4,2.5,0.001,0.76,1.15,0.008,Water Testing Kit,Agency_2,0,Safe,
Amarpur Village,Tripura,2024-02-01,WS_19648,Pond,25.767593,93.291953,7.87,2.181,30.717,80.0,7.6,4.7,2.74,0.017,0.96,0.46,0.022,Water Testing Kit,Agency_2,1,Safe,
Imphal Rural,Manipur,2023-03-30,WS_99622,Tube Well,25.509407,89.640601,7.01,8.811,27.45,82.0,5.6,41.0,1.45,0.009,1.82,0.83,0.04,Water Testing Kit,Agency_7,0,Safe,41.0
Mangan Village,Sikkim,2023-09-12,WS_52323,Pond,28.622645,93.411947,6.79,0.647,8.25,68.0,5.9,25.5,1.18,0.043,1.07,0.36,0.034,Water Testing Kit,Agency_8,1,Safe,
Dharmanagar Rural,Tripura,2023-11-12,WS_79709,Well,28.194644,89.724289,7.69,1.168,19.678,81.0,9.0,6.0,1.91,0.046,1.26,0.9,0.039,Lab Analysis,Agency_4,1,Safe,136.0
Tuensang Village,Nagaland,2024-01-22,WS_34892,Well,24.053965,95.346497,6.67,8.645,66.483,76.0,7.5,36.0,0.46,0.019,1.6,0.55,0.036,IoT Sensor,Agency_6,0,Safe,172.0
Dimapur Village,Nagaland,2023-06-29,WS_39066,Pond,24.657016,94.408956,6.53,46.104,1200.069,283.0,3.4,169.0,18.89,0.78,0.19,0.97,0.026,IoT Sensor,Agency_7,0,High,
Jorhat Village,Assam,2023-10-31,WS_20425,Piped Supply,28.378315,88.303734,6.8,6.634,1.396,86.0,8.5,22.7,0.05,0.019,1.75,1.19,0.026,Water Testing Kit,Agency_5,0,Safe,
Baghmara Rural,Meghalaya,2023-09-30,WS_25719,Tube Well,23.962719,94.832558,7.89,5.286,34.868,94.0,7.4,21.8,2.3,0.013,1.42,0.23,0.033,IoT Sensor,Agency_3,1,Safe,172.0
Pakyong Village,Sikkim,2023-03-16,WS_76457,Pond,28.502166,94.810948,7.86,3.315,70.142,62.0,6.2,38.2,0.45,0.023,1.24,0.18,0.041,Lab Analysis,Agency_8,1,Safe,
Agartala Rural,Tripura,2023-07-24,WS_58024,Tube Well,24.712526,88.77244,7.87,7.731,58.577,22.0,8.9,43.4,0.89,0.031,1.15,0.59,0.044,IoT Sensor,Agency_9,0,Safe,25.0
Aizawl Rural,Mizoram,2023-08-28,WS_91440,Piped Supply,23.38167,88.581666,8.43,2.785,6.751,31.0,5.7,11.4,1.7,0.023,1.6,0.99,0.049,Lab Analysis,Agency_4,1,Safe,
Bishnupur Rural,Manipur,2024-01-11,WS_16960,Tube Well,24.564757,92.167393,7.47,7.699,19.232,53.0,6.2,35.3,0.6,0.033,1.84,0.1,0.005,Water Testing Kit,Agency_7,0,Safe,30.0
Williamnagar Village,Meghalaya,2023-02-26,WS_64507,Well,24.40861,89.589926,6.47,2.893,3.565,93.0,5.4,36.8,2.72,0.023,1.13,0.53,0.037,IoT Sensor,Agency_7,1,Safe,93.0
Roing Village,Arunachal Pradesh,2023-06-16,WS_36542,Pond,23.354178,94.626273,7.14,6.377,41.431,49.0,5.5,37.6,1.7,0.027,1.01,1.17,0.043,Lab Analysis,Agency_7,0,Safe,
Hnahthial Village,Mizoram,2023-02-14,WS_80628,Well,27.703445,96.977824,8.0,2.171,41.944,25.0,5.6,42.4,1.9,0.005,1.53,1.15,0.035,Water Testing Kit,Agency_6,1,Safe,184.0
Udaipur Village,Tripura,2023-09-29,WS_98323,Pond,24.932774,91.371636,5.75,82.513,1985.896,442.0,2.1,55.2,9.21,0.86,0.76,0.19,0.047,IoT Sensor,Agency_3,0,High,
Ziro Village,Arunachal Pradesh,2023-05-06,WS_63186,Well,28.175586,94.549019,6.14,51.505,1817.567,3917.0,3.7,114.1,6.92,0.14,1.08,1.43,0.047,IoT Sensor,Agency_2,0,High,97.0
Jorhat Village,Assam,2023-03-27,WS_34789,River,23.165416,95.723117,5.48,28.006,276.229,1656.0,3.3,165.3,17.16,1.67,0.75,0.2,0.038,Water Testing Kit,Agency_6,0,High,
Zunheboto Village,Nagaland,2023-11-22,WS_26942,Well,24.494199,96.371928,7.95,9.468,50.615,65.0,6.0,28.2,1.26,0.008,1.62,0.42,0.048,IoT Sensor,Agency_4,0,Safe,193.0
Tawang Rural,Arunachal Pradesh,2023-02-06,WS_84273,Tube Well,24.27385,94.308311,7.67,8.07,60.045,21.0,5.5,33.3,0.56,0.029,0.43,0.68,0.016,Water Testing Kit,Agency_6,0,Safe,122.0
Zunheboto Village,Nagaland,2024-01-03,WS_76647,Tube Well,28.889079,92.414134,8.16,7.274,32.088,78.0,6.2,38.5,0.99,0.04,0.19,0.02,0.035,IoT Sensor,Agency_7,0,Safe,161.0
Singtam Village,Sikkim,2023-12-11,WS_61497,River,24.747786,96.321917,5.72,80.637,1494.332,1527.0,1.8,147.4,8.05,1.95,1.15,0.51,0.023,Lab Analysis,Agency_8,0,High,
Dimapur Village,Nagaland,2023-06-19,WS_39066,Pond,24.657016,94.408956,6.14,50.964,1354.217,283.0,3.4,169.0,18.89,0.78,0.19,0.97,0.026,IoT Sensor,Agency_7,0,High,
Jorethang Rural,Sikkim,2023-05-07,WS_77850,Spring,24.385298,94.445286,5.3,96.428,1236.023,3428.0,1.4,156.4,18.48,1.21,0.49,1.41,0.021,Water Testing Kit,Agency_9,0,High,
Tezpur Village,Arunachal Pradesh,2023-09-02,WS_96969,Piped Supply,25.157837,92.006298,8.15,3.504,27.653,8.0,6.3,4.7,1.44,0.047,1.96,0.32,0.028,Lab Analysis,Agency_3,1,Safe,
Thoubal Village,Manipur,2023-02-11,WS_74023,Well,25.511912,96.910578,6.49,0.131,63.239,75.0,8.0,15.9,2.1,0.013,0.22,0.28,0.026,IoT Sensor,Agency_8,1,Safe,99.0
Guwahati Rural,Assam,2023-09-06,WS_54449,Well,26.591832,91.73764,7.64,2.685,61.093,73.0,5.1,19.9,1.78,0.013,1.26,0.75,0.033,IoT Sensor,Agency_4,1,Safe,34.0
Bomdila Rural,Arunachal Pradesh,2023-03-15,WS_28654,Spring,28.44419,89.646738,7.54,3.673,7.707,36.0,6.3,3.5,2.35,0.021,0.9,0.32,0.011,Lab Analysis,Agency_6,1,Safe,
Namchi Village,Sikkim,2023-06-03,WS_40202,River,23.2169,91.60422,6.65,1.44,2.289,32.0,8.5,22.8,2.56,0.004,0.78,0.36,0.011,IoT Sensor,Agency_5,1,Safe,
Thoubal Village,Manipur,2024-01-09,WS_58107,Well,28.580031,89.54747,7.71,3.46,46.772,31.0,7.3,10.5,1.69,0.046,0.39,0.18,0.013,Water Testing Kit,Agency_3,1,Safe,190.0
Shillong Rural,Meghalaya,2023-11-07,WS_66516,River,24.66447,92.461484,5.3,116.578,874.623,812.0,1.4,88.0,9.62,0.63,0.39,1.1,0.002,IoT Sensor,Agency_1,0,High,
Ziro Village,Arunachal Pradesh,2023-10-06,WS_74183,Well,26.244655,92.496656,5.3,17.733,597.13,3462.0,2.9,135.0,21.5,0.79,1.97,0.03,0.021,Water Testing Kit,Agency_3,0,High,97.0
Bishnupur Rural,Manipur,2023-12-19,WS_30288,Tube Well,28.041148,93.030608,8.1,0.127,16.408,21.0,7.3,29.6,2.71,0.024,2.0,0.05,0.049,Water Testing Kit,Agency_7,1,Safe,124.0
Tura Village,Meghalaya,2023-05-10,WS_38103,Tube Well,24.800024,93.380011,6.72,0.732,59.683,8.0,8.3,19.7,1.31,0.026,0.01,0.42,0.002,IoT Sensor,Agency_2,1,Safe,197.0
Mangan Village,Sikkim,2023-06-29,WS_89705,Pond,23.483584,92.69739,5.3,24.184,1983.517,4264.0,3.4,144.0,24.38,0.1,0.13,0.95,0.043,IoT Sensor,Agency_6,0,High,
Senapati Rural,Manipur,2023-09-18,WS_90020,River,25.073688,89.034628,6.8,5.324,61.569,76.0,5.9,15.1,0.92,0.036,0.73,1.32,0.045,Lab Analysis,Agency_8,1,Safe,
Dimapur Village,Nagaland,2023-08-01,WS_29024,Piped Supply,27.728731,94.075241,6.33,118.611,368.561,4876.0,1.8,96.3,5.9,1.05,0.23,0.11,0.025,Lab Analysis,Agency_4,0,High,
Senapati Rural,Manipur,2023-04-21,WS_87658,River,28.316286,90.86179,6.86,5.078,43.492,37.0,7.8,37.7,0.03,0.037,1.69,0.51,0.045,Water Testing Kit,Agency_8,1,Safe,
Resubelpara Rural,Meghalaya,2023-11-21,WS_95139,Well,26.307319,95.993942,8.11,2.023,51.242,49.0,5.2,24.7,2.55,0.02,0.48,0.1,0.017,Water Testing Kit,Agency_4,1,Safe,55.0
Resubelpara Rural,Meghalaya,2023-04-02,WS_73163,Tube Well,23.329248,91.777309,7.59,0.123,5.8,74.0,6.3,6.7,1.29,0.002,1.17,1.15,0.004,Water Testing Kit,Agency_2,1,Safe,63.0
Rangpo Rural,Sikkim,2023-07-05,WS_67473,Pond,27.420104,94.974511,8.42,9.208,48.783,50.0,8.5,18.9,1.92,0.009,1.5,0.14,0.031,Water Testing Kit,Agency_4,0,Safe,
Bishnupur Rural,Manipur,2023-06-03,WS_23880,Piped Supply,24.037586,89.761561,6.88,80.318,550.587,216.0,3.9,163.2,12.3,0.92,0.1,1.48,0.044,Water Testing Kit,Agency_8,0,High,
Churachandpur Village,Manipur,2023-06-18,WS_94672,Well,26.226576,88.18606,6.17,54.077,2212.99,4485.0,2.5,135.2,17.93,1.32,1.15,0.11,0.026,Water Testing Kit,Agency_7,0,High,55.0
Kiphire Village,Nagaland,2023-05-05,WS_69257,River,25.848789,90.406617,6.25,118.412,2914.074,1596.0,2.4,127.8,14.79,0.14,1.27,0.21,0.05,Lab Analysis,Agency_9,0,High,
Jowai Rural,Meghalaya,2023-10-25,WS_95198,Well,23.868538,88.481224,8.81,10.254,42.227,15.0,9.0,32.7,2.48,0.049,1.42,1.25,0.008,IoT Sensor,Agency_5,0,Safe,63.0
Gangtok Rural,Sikkim,2023-05-05,WS_12355,Well,23.424684,96.351924,7.45,6.823,5.117,76.0,7.6,18.3,1.71,0.038,1.87,0.96,0.019,IoT Sensor,Agency_4,0,Safe,7.0
Lawngtlai Village,Mizoram,2023-06-16,WS_53034,Well,26.581488,88.284404,7.58,1.399,57.51,22.0,8.3,36.8,0.42,0.036,1.61,1.44,0.002,Lab Analysis,Agency_8,1,Safe,162.0
Nagaon Rural,Assam,2023-03-20,WS_82367,Tube Well,25.66324,88.978202,8.89,4.977,42.429,8.0,7.4,34.5,1.32,0.025,1.73,1.17,0.029,IoT Sensor,Agency_8,1,Safe,129.0
Khliehriat Village,Meghalaya,2023-05-10,WS_83011,River,23.600453,94.028928,6.76,6.877,10.09,34.0,8.3,27.4,2.9,0.013,0.47,0.81,0.014,Lab Analysis,Agency_8,0,Safe,
Belonia Rural,Tripura,2023-02-28,WS_54475,Tube Well,24.713158,94.781861,7.14,2.403,41.567,3.0,8.9,22.4,0.19,0.028,1.72,0.89,0.018,Water Testing Kit,Agency_5,1,Safe,125.0
Barpeta Village,Assam,2023-11-14,WS_62242,River,27.926399,91.482071,6.6,4.023,14.608,64.0,7.3,26.0,1.6,0.037,1.8,0.76,0.008,IoT Sensor,Agency_8,1,Safe,
Namchi Village,Sikkim,2023-05-09,WS_35661,Well,24.292285,94.385078,5.3,59.517,1163.091,3751.0,1.5,135.5,10.45,1.08,1.31,1.4,0.032,Water Testing Kit,Agency_2,0,High,24.0
Thoubal Village,Manipur,2023-07-30,WS_81139,Pond,28.555941,94.076362,5.3,36.481,1695.36,4788.0,2.5,140.1,21.36,1.0,1.42,0.54,0.015,IoT Sensor,Agency_9,0,High,
Pakyong Village,Sikkim,2023-11-04,WS_63404,Tube Well,28.175463,93.836141,6.89,3.571,5.79,58.0,5.3,20.1,1.7,0.011,0.87,0.25,0.04,Water Testing Kit,Agency_8,1,Safe,184.0
Pakyong Village,Sikkim,2023-07-19,WS_24326,Tube Well,24.255421,90.512341,7.64,7.573,6.468,24.0,8.9,20.8,1.59,0.018,1.0,0.47,0.045,IoT Sensor,Agency_9,0,Safe,30.0
Resubelpara Rural,Meghalaya,2024-02-20,WS_41042,Tube Well,27.280192,88.965934,6.61,5.405,33.889,55.0,6.4,30.1,1.39,0.029,1.6,0.63,0.049,IoT Sensor,Agency_3,1,Safe,98.0
Tamenglong Rural,Manipur,2023-08-29,WS_69461,Tube Well,25.6456,93.300808,5.86,54.607,904.492,2277.0,3.6,137.1,17.81,0.32,1.72,0.21,0.012,IoT Sensor,Agency_9,0,High,90.0
Bishnupur Rural,Manipur,2023-05-30,WS_87067,Piped Supply,26.328601,95.929199,8.73,3.305,53.514,29.0,7.4,23.3,2.98,0.02,1.14,0.82,0.041,IoT Sensor,Agency_5,1,Safe,
Senapati Rural,Manipur,2023-08-31,WS_76330,River,23.10338,94.174913,5.57,39.117,827.185,2854.0,1.9,73.9,17.39,1.69,2.0,1.09,0.013,Lab Analysis,Agency_1,0,High,
Tawang Rural,Arunachal Pradesh,2023-04-04,WS_43418,Piped Supply,23.896743,92.787169,7.71,9.409,59.25,24.0,8.0,25.6,0.21,0.002,1.08,0.53,0.03,Water Testing Kit,Agency_3,0,Safe,
Resubelpara Rural,Meghalaya,2023-09-22,WS_33261,Well,26.529257,91.528288,6.65,0.716,0.0,61.0,7.5,11.9,0.84,0.017,0.59,1.24,0.005,IoT Sensor,Agency_7,1,Safe,158.0
Ziro Village,Arunachal Pradesh,2023-07-06,WS_78182,Well,23.184522,90.799006,6.42,5.722,22.966,97.0,6.2,15.3,2.12,0.006,0.02,0.23,0.03,IoT Sensor,Agency_8,0,Safe,113.0
Guwahati Rural,Assam,2023-11-27,WS_94376,River,23.621002,93.349082,7.6,2.563,6.293,86.0,7.6,6.8,0.89,0.039,0.51,0.1,0.007,Water Testing Kit,Agency_7,1,Safe,
Agartala Rural,Tripura,2023-10-05,WS_94559,Pond,25.277059,91.178096,5.43,28.533,1569.026,2960.0,1.5,163.3,21.61,0.54,1.43,0.75,0.004,Water Testing Kit,Agency_9,0,High,
Hnahthial Village,Mizoram,2023-03-17,WS_80628,Well,27.703445,96.977824,8.13,2.451,42.866,25.0,5.6,42.4,1.9,0.005,1.53,1.15,0.035,Water Testing Kit,Agency_6,1,Safe,184.0
Agartala Rural,Tripura,2023-09-06,WS_90034,Tube Well,28.658486,96.568209,6.99,7.982,61.586,97.0,8.6,2.8,1.88,0.022,0.2,0.31,0.046,IoT Sensor,Agency_8,0,Safe,27.0
Tura Village,Meghalaya,2023-02-22,WS_54182,River,24.767664,94.930997,7.23,4.639,52.168,39.0,5.8,6.1,2.64,0.043,0.9,0.33,0.009,IoT Sensor,Agency_7,1,Safe,
Champhai Rural,Mizoram,2023-03-06,WS_83207,Piped Supply,27.420949,91.077518,6.47,1.003,11.749,36.0,7.1,21.8,2.56,0.007,0.94,0.04,0.006,Water Testing Kit,Agency_9,1,Safe,
Senapati Rural,Manipur,2023-01-14,WS_91772,River,24.038631,93.643978,8.35,8.53,44.805,92.0,8.2,41.0,0.31,0.048,0.08,0.28,0.032,IoT Sensor,Agency_5,0,Safe,
Nagaon Rural,Assam,2023-08-28,WS_66796,Well,23.459687,89.661088,5.3,38.479,1221.618,577.0,3.7,166.3,12.63,0.35,0.8,0.57,0.013,Lab Analysis,Agency_9,0,High,123.0
Nongpoh Village,Meghalaya,2023-05-13,WS_43354,Pond,25.364382,88.649133,7.64,6.943,13.015,48.0,6.5,11.0,1.79,0.027,1.06,0.48,0.02,Water Testing Kit,Agency_7,0,Safe,
Gyalshing Rural,Sikkim,2023-02-22,WS_36152,Well,26.800078,93.977754,7.16,8.492,17.622,10.0,8.5,18.6,1.07,0.044,0.14,1.02,0.033,Water Testing Kit,Agency_9,0,Safe,46.0
Champhai Rural,Mizoram,2023-04-20,WS_59539,Tube Well,27.772721,92.876515,5.93,35.438,364.761,2095.0,2.7,174.1,17.69,1.03,0.88,0.4,0.027,IoT Sensor,Agency_5,0,High,54.0
Barpeta Village,Assam,2023-09-28,WS_46587,River,25.677208,90.579884,6.12,22.891,401.066,4378.0,3.7,105.9,15.8,0.41,1.73,0.88,0.007,Lab Analysis,Agency_6,0,High,
Belonia Rural,Tripura,2023-08-21,WS_67254,Spring,26.601447,89.592626,5.3,78.968,2411.42,3460.0,3.4,165.5,9.27,1.43,1.3,0.93,0.02,Water Testing Kit,Agency_4,0,High,
Pakyong Village,Sikkim,2023-03-23,WS_74801,Pond,28.912542,93.471894,5.65,103.082,1790.948,4486.0,3.8,117.4,18.96,0.86,1.63,0.74,0.033,Lab Analysis,Agency_7,0,High,
Tamenglong Rural,Manipur,2023-06-10,WS_21667,Piped Supply,27.466137,96.316126,5.57,52.156,296.364,4714.0,1.8,134.7,12.45,0.62,1.53,0.02,0.033,Water Testing Kit,Agency_3,0,High,
Phek Rural,Nagaland,2023-03-29,WS_58694,Pond,23.416574,94.219677,5.5,67.234,1661.245,4048.0,3.8,169.4,23.18,1.05,0.13,1.19,0.028,IoT Sensor,Agency_1,0,High,
Shillong Rural,Meghalaya,2024-01-23,WS_24475,Well,26.084957,89.56954,7.33,5.986,23.513,0.0,6.5,27.1,2.21,0.028,1.89,1.24,0.007,Lab Analysis,Agency_7,0,Safe,65.0
Champhai Rural,Mizoram,2023-06-02,WS_67176,Piped Supply,25.71117,92.150957,7.01,4.686,32.1,74.0,7.0,38.0,1.45,0.002,1.96,0.86,0.006,IoT Sensor,Agency_7,1,Safe,
Jiribam Village,Manipur,2023-08-15,WS_75225,Pond,23.489374,93.528472,7.14,1.0,17.297,88.0,6.2,18.8,0.93,0.049,0.84,0.29,0.012,Lab Analysis,Agency_1,1,Safe,
Mangan Village,Sikkim,2023-11-12,WS_45351,Piped Supply,26.390066,90.471255,7.79,9.742,68.027,59.0,8.5,17.4,2.66,0.017,1.4,0.17,0.017,Water Testing Kit,Agency_1,0,Safe,
Tuensang Village,Nagaland,2023-10-25,WS_57352,Piped Supply,24.058364,93.543685,6.46,6.91,40.13,62.0,8.9,14.5,2.96,0.002,0.74,1.2,0.03,IoT Sensor,Agency_6,0,Safe,
Dharmanagar Rural,Tripura,2023-10-21,WS_67560,Tube Well,25.96247,93.537502,8.41,1.404,38.373,65.0,5.4,35.2,0.1,0.049,1.49,0.12,0.005,Lab Analysis,Agency_2,1,Safe,183.0
Roing Village,Arunachal Pradesh,2023-10-16,WS_62195,River,23.317575,88.499857,5.91,88.526,822.649,1276.0,3.0,183.3,5.41,1.98,0.55,0.85,0.045,IoT Sensor,Agency_7,0,High,
Rangpo Rural,Sikkim,2023-08-09,WS_95352,Pond,28.625596,88.728541,7.26,2.603,41.786,98.0,5.3,37.6,0.36,0.017,0.64,0.36,0.003,Water Testing Kit,Agency_5,1,Safe,
Lawngtlai Village,Mizoram,2023-02-24,WS_48761,River,24.346018,90.10789,5.3,42.143,1288.491,3163.0,1.4,115.1,6.45,0.17,1.89,0.45,0.021,Lab Analysis,Agency_2,0,High,
Senapati Rural,Manipur,2023-07-29,WS_42171,Spring,26.748568,96.576955,6.87,7.606,16.618,56.0,8.1,15.5,1.67,0.023,0.22,1.11,0.007,Water Testing Kit,Agency_9,0,Safe,
Jowai Rural,Meghalaya,2024-01-04,WS_90151,Well,24.838973,89.10563,5.3,25.592,1326.247,4766.0,3.0,115.4,14.88,0.38,1.38,1.38,0.009,IoT Sensor,Agency_5,0,High,154.0
Dharmanagar Rural,Tripura,2023-04-16,WS_58381,Well,27.570727,88.915981,7.48,9.955,55.436,30.0,5.6,28.1,2.59,0.029,1.37,0.17,0.025,IoT Sensor,Agency_8,0,Safe,121.0
Tuensang Village,Nagaland,2023-05-14,WS_99897,Well,26.250542,94.881309,6.8,8.164,59.079,70.0,8.6,24.7,1.44,0.026,0.7,0.14,0.03,IoT Sensor,Agency_3,0,Safe,161.0
Nongpoh Village,Meghalaya,2023-04-05,WS_74249,Well,28.232331,96.090428,7.32,0.483,47.973,31.0,7.5,1.2,0.0,0.009,0.35,0.34,0.027,Water Testing Kit,Agency_3,1,Safe,171.0
Tawang Rural,Arunachal Pradesh,2023-05-31,WS_74794,Piped Supply,26.979205,96.35885,7.37,6.34,55.155,44.0,7.0,26.2,0.19,0.043,0.0,1.43,0.014,Lab Analysis,Agency_3,0,Safe,
Dibrugarh Rural,Assam,2023-05-16,WS_15620,Well,26.887967,90.61938,7.62,3.19,14.425,55.0,5.1,15.3,1.58,0.017,1.05,0.88,0.042,IoT Sensor,Agency_8,1,Safe,14.0
Karimganj Village,Assam,2023-05-08,WS_13446,Well,27.367013,96.234712,7.17,5.618,12.47,89.0,8.4,34.4,2.43,0.048,0.1,1.22,0.003,IoT Sensor,Agency_6,0,Safe,154.0
Silchar Village,Assam,2023-10-11,WS_23114,Tube Well,24.662643,91.65067,8.12,5.392,50.321,71.0,7.4,5.2,0.87,0.006,0.25,1.46,0.0,Water Testing Kit,Agency_9,1,Safe,88.0
Kohima Rural,Nagaland,2023-07-15,WS_17468,Well,23.464366,96.60083,5.3,37.235,2833.498,4596.0,3.7,50.3,14.01,1.59,1.03,0.01,0.024,IoT Sensor,Agency_6,0,High,59.0
Jorethang Rural,Sikkim,2024-03-27,WS_87645,Piped Supply,26.198998,91.929395,7.29,2.324,49.631,92.0,8.8,41.4,0.85,0.01,1.26,0.08,0.049,IoT Sensor,Agency_9,1,Safe,
Tamenglong Rural,Manipur,2023-03-19,WS_39633,Tube Well,24.326918,94.023219,7.71,8.139,49.151,10.0,6.3,25.3,0.32,0.002,1.94,1.01,0.041,IoT Sensor,Agency_1,0,Safe,42.0
Nongpoh Village,Meghalaya,2023-07-28,WS_43354,Pond,25.364382,88.649133,7.48,6.497,11.992,48.0,6.5,11.0,1.79,0.027,1.06,0.48,0.02,Water Testing Kit,Agency_7,0,Safe,
Pakyong Village,Sikkim,2023-05-15,WS_80544,River,25.535085,90.210982,8.01,7.927,48.802,84.0,8.5,6.0,1.08,0.04,1.77,1.44,0.035,IoT Sensor,Agency_1,0,Safe,
Tuensang Village,Nagaland,2023-06-05,WS_89862,River,28.014997,95.440624,6.23,7.917,40.64,55.0,6.3,16.4,0.17,0.038,1.59,0.86,0.05,Water Testing Kit,Agency_4,0,Safe,
Thoubal Village,Manipur,2024-01-03,WS_64776,Piped Supply,25.90186,95.706542,7.25,5.391,2.871,85.0,5.8,5.2,1.45,0.037,1.29,1.2,0.024,IoT Sensor,Agency_3,1,Safe,
Champhai Rural,Mizoram,2023-09-09,WS_85788,Pond,25.510989,88.643942,5.3,128.627,1343.124,3739.0,3.6,66.8,10.25,1.05,0.04,0.9,0.031,IoT Sensor,Agency_3,0,High,
Nongpoh Village,Meghalaya,2023-06-03,WS_70476,River,27.857831,96.016096,6.14,85.337,1609.655,477.0,1.4,55.9,19.37,1.01,1.73,1.39,0.047,Lab Analysis,Agency_2,0,High,
Resubelpara Rural,Meghalaya,2024-02-08,WS_65129,Pond,28.985041,93.48752,6.62,2.339,11.014,16.0,8.7,16.4,0.59,0.009,0.04,0.38,0.021,Water Testing Kit,Agency_9,1,Safe,
Baghmara Rural,Meghalaya,2023-12-11,WS_34639,Well,25.21219,94.999182,7.59,8.088,47.021,97.0,5.4,3.6,2.72,0.048,1.54,0.33,0.019,Water Testing Kit,Agency_1,0,Safe,90.0
Wokha Rural,Nagaland,2023-04-20,WS_31388,River,23.264889,90.279308,6.82,7.401,23.799,49.0,6.6,22.0,0.05,0.041,0.52,1.07,0.025,IoT Sensor,Agency_8,0,Safe,
Belonia Rural,Tripura,2023-11-01,WS_58418,Well,26.142392,94.005864,8.15,5.388,46.651,100.0,7.5,9.9,1.72,0.012,0.88,0.28,0.025,IoT Sensor,Agency_3,1,Safe,181.0
Imphal Rural,Manipur,2023-05-29,WS_38033,Piped Supply,24.833543,90.371695,7.2,6.98,16.272,92.0,8.4,40.3,0.89,0.005,0.44,0.84,0.027,IoT Sensor,Agency_4,0,Safe,
Khliehriat Village,Meghalaya,2023-03-09,WS_66066,Well,27.425286,92.16481,6.7,2.378,29.803,5.0,6.6,15.8,1.94,0.036,0.76,0.55,0.021,IoT Sensor,Agency_5,1,Safe,104.0
Guwahati Rural,Assam,2023-05-11,WS_48352,Piped Supply,28.928577,96.356122,7.47,4.715,62.005,72.0,7.5,38.9,0.99,0.014,0.91,0.17,0.044,IoT Sensor,Agency_3,1,Safe,
Nagaon Rural,Assam,2023-11-05,WS_44302,Piped Supply,23.766898,89.204981,8.47,5.766,11.34,58.0,7.3,28.8,0.3,0.034,1.18,0.22,0.015,Water Testing Kit,Agency_8,0,Safe,
Kohima Rural,Nagaland,2023-05-09,WS_40671,Spring,23.564935,92.873291,5.43,26.393,303.277,701.0,1.8,154.5,22.22,0.93,1.44,0.95,0.028,Water Testing Kit,Agency_7,0,High,
Naharlagun Village,Arunachal Pradesh,2023-05-19,WS_30687,Piped Supply,25.277879,92.411518,7.15,1.524,41.889,61.0,7.3,8.2,0.79,0.031,0.4,0.02,0.01,Water Testing Kit,Agency_9,1,Safe,
Lawngtlai Village,Mizoram,2023-11-19,WS_20406,Well,27.927576,88.029333,8.49,3.774,58.516,24.0,7.3,43.4,1.67,0.01,0.73,0.23,0.015,IoT Sensor,Agency_8,1,Safe,147.0
Jiribam Village,Manipur,2023-12-19,WS_32322,Pond,28.331415,93.238531,5.57,31.743,2245.438,3944.0,1.9,128.0,22.1,1.87,1.95,0.42,0.002,IoT Sensor,Agency_4,0,High,
Silchar Village,Assam,2024-01-13,WS_48803,Well,26.870506,91.127725,5.86,95.884,2531.436,3821.0,3.5,173.5,10.43,1.65,1.31,0.22,0.024,IoT Sensor,Agency_6,0,High,13.0
Phek Rural,Nagaland,2023-12-31,WS_74846,Pond,24.356798,93.755176,6.08,119.02,1880.205,1506.0,3.4,185.3,5.17,0.11,0.56,1.17,0.026,Lab Analysis,Agency_6,0,High,
Agartala Rural,Tripura,2023-07-08,WS_58024,Tube Well,24.712526,88.77244,7.77,7.588,59.752,22.0,8.9,43.4,0.89,0.031,1.15,0.59,0.044,IoT Sensor,Agency_9,0,Safe,25.0
Tura Village,Meghalaya,2023-06-30,WS_38103,Tube Well,24.800024,93.380011,7.1,0.689,54.724,8.0,8.3,19.7,1.31,0.026,0.01,0.42,0.002,IoT Sensor,Agency_2,1,Safe,197.0
Mokokchung Rural,Nagaland,2023-07-01,WS_40814,Tube Well,27.324635,92.054641,7.16,1.541,39.395,30.0,6.1,4.8,0.1,0.039,0.76,0.27,0.002,IoT Sensor,Agency_2,1,Safe,96.0
Barpeta Village,Assam,2023-09-13,WS_83410,River,26.543094,90.251582,7.8,4.027,13.145,21.0,6.2,33.9,1.44,0.035,0.43,0.93,0.047,Lab Analysis,Agency_6,1,Safe,
Thoubal Village,Manipur,2023-09-18,WS_43515,Tube Well,23.861661,90.626517,7.96,8.558,19.421,51.0,8.2,23.7,1.93,0.046,0.43,0.86,0.021,IoT Sensor,Agency_6,0,Safe,166.0
Kolasib Rural,Mizoram,2023-01-03,WS_76346,River,25.823681,93.785997,5.85,29.693,1186.594,4997.0,1.4,172.3,20.98,0.95,1.93,1.31,0.044,Lab Analysis,Agency_4,0,High,
Tezpur Rural,Assam,2023-07-05,WS_38199,River,23.142677,93.055381,5.89,59.356,2461.666,4804.0,2.0,81.2,6.51,0.51,0.73,0.91,0.027,IoT Sensor,Agency_3,0,High,
Churachandpur Village,Manipur,2023-12-14,WS_26603,River,24.463265,92.494205,5.91,81.84,1813.481,2618.0,1.8,115.3,15.24,0.51,1.86,0.86,0.003,IoT Sensor,Agency_7,0,High,
Senapati Rural,Manipur,2024-01-01,WS_47399,River,25.301772,90.72895,5.5,38.88,1481.275,4461.0,3.5,170.0,10.68,1.0,1.19,1.48,0.034,IoT Sensor,Agency_5,0,High,
Jiribam Village,Manipur,2023-04-28,WS_43782,River,27.478154,95.819049,5.3,78.192,2299.599,1376.0,1.6,76.0,12.21,1.33,0.16,0.65,0.015,Water Testing Kit,Agency_3,0,High,
Tawang Rural,Arunachal Pradesh,2023-08-31,WS_31180,Pond,26.532491,90.95534,5.3,103.633,1667.448,2497.0,2.8,142.5,22.09,1.16,0.51,1.21,0.026,Water Testing Kit,Agency_1,0,High,
Kiphire Village,Nagaland,2023-11-30,WS_27179,Piped Supply,27.55746,89.162692,7.47,4.509,43.569,15.0,7.1,3.3,1.19,0.01,1.26,0.44,0.003,IoT Sensor,Agency_7,1,Safe,
Teliamura Rural,Tripura,2023-08-19,WS_31150,Spring,23.994238,89.344525,5.3,21.918,2286.741,1732.0,4.0,142.7,8.29,0.74,1.82,0.27,0.005,Water Testing Kit,Agency_3,0,High,
Roing Village,Arunachal Pradesh,2023-05-10,WS_67370,Piped Supply,23.557207,96.154316,6.49,0.35,64.632,2.0,7.5,20.4,2.33,0.004,1.55,0.8,0.022,Water Testing Kit,Agency_3,1,Safe,
Senapati Rural,Manipur,2023-10-13,WS_44484,River,28.915827,92.77469,7.11,6.686,0.0,19.0,7.5,14.4,1.23,0.041,1.44,1.4,0.019,Water Testing Kit,Agency_7,0,Safe,
Jorhat Village,Assam,2023-04-07,WS_13823,Well,23.933446,90.78957,8.3,9.263,58.909,84.0,6.7,36.1,2.33,0.012,1.81,0.49,0.014,IoT Sensor,Agency_2,0,Safe,50.0
Amarpur Village,Tripura,2023-06-21,WS_52394,Well,24.9203,90.647682,8.15,3.447,52.985,59.0,7.9,40.4,1.45,0.042,0.06,0.85,0.045,IoT Sensor,Agency_8,1,Safe,14.0
Saitual Rural,Mizoram,2024-03-06,WS_39749,Spring,28.753805,91.460949,8.0,5.073,25.231,82.0,5.1,19.2,2.64,0.004,1.5,0.94,0.025,IoT Sensor,Agency_8,1,Safe,
Tawang Rural,Arunachal Pradesh,2023-06-21,WS_93020,Pond,28.017117,90.219585,7.75,5.841,15.947,71.0,7.3,18.2,0.16,0.017,1.34,0.91,0.006,IoT Sensor,Agency_6,0,Safe,
Udaipur Village,Tripura,2024-02-03,WS_97480,Pond,27.063414,95.51227,7.59,6.243,16.719,23.0,6.5,11.8,2.58,0.009,0.68,0.81,0.025,Water Testing Kit,Agency_8,0,Safe,
Bishnupur Rural,Manipur,2023-12-29,WS_81636,Well,25.795843,92.222247,8.34,9.219,24.891,1.0,8.6,35.6,1.25,0.031,1.74,1.12,0.04,Lab Analysis,Agency_2,0,Safe,27.0
Kolasib Rural,Mizoram,2023-11-26,WS_26731,River,25.266434,89.332528,5.63,119.44,2408.35,1952.0,3.1,119.2,23.57,1.27,0.55,0.5,0.008,Water Testing Kit,Agency_4,0,High,
Khliehriat Village,Meghalaya,2023-02-02,WS_85487,Piped Supply,25.127748,90.052122,8.26,7.247,3.315,34.0,8.0,18.8,1.31,0.04,0.72,1.05,0.018,Lab Analysis,Agency_2,0,Safe,
Thoubal Village,Manipur,2023-07-05,WS_81139,Pond,28.555941,94.076362,5.3,45.478,1964.839,4788.0,2.5,140.1,21.36,1.0,1.42,0.54,0.015,IoT Sensor,Agency_9,0,High,
Namchi Village,Sikkim,2023-11-06,WS_15141,Pond,24.05243,89.776735,7.63,1.752,49.486,47.0,8.4,34.4,2.17,0.014,0.02,0.03,0.021,Water Testing Kit,Agency_7,1,Safe,
Barpeta Village,Assam,2023-06-14,WS_62591,Spring,23.565477,90.6596,6.05,83.479,2838.862,4391.0,2.7,133.1,8.02,0.21,0.32,1.1,0.034,Water Testing Kit,Agency_8,0,High,
Amarpur Village,Tripura,2023-10-21,WS_93099,Tube Well,28.850069,95.234419,8.04,8.933,0.0,65.0,6.5,27.6,0.16,0.008,0.41,1.17,0.049,Water Testing Kit,Agency_6,0,Safe,74.0
Roing Village,Arunachal Pradesh,2023-12-01,WS_55017,Tube Well,23.15907,91.60627,7.83,5.677,15.897,2.0,8.3,21.7,0.29,0.048,1.49,0.14,0.009,IoT Sensor,Agency_8,0,Safe,170.0
Williamnagar Village,Meghalaya,2023-09-01,WS_15440,Spring,27.437029,89.920902,7.91,6.369,38.432,69.0,8.2,15.3,0.66,0.017,0.51,1.49,0.038,IoT Sensor,Agency_2,0,Safe,
Roing Village,Arunachal Pradesh,2024-01-14,WS_62195,River,23.317575,88.499857,5.78,102.587,925.785,1276.0,3.0,183.3,5.41,1.98,0.55,0.85,0.045,IoT Sensor,Agency_7,0,High,
Pasighat Rural,Arunachal Pradesh,2024-01-02,WS_38020,Well,24.045288,92.881992,7.97,0.975,50.219,69.0,5.6,1.9,0.41,0.006,1.49,0.84,0.043,Water Testing Kit,Agency_2,1,Safe,63.0
Resubelpara Rural,Meghalaya,2023-08-26,WS_97852,Pond,27.334942,92.165624,6.04,99.025,1353.566,2922.0,4.0,182.6,13.15,1.54,1.9,1.08,0.048,IoT Sensor,Agency_9,0,High,
Aizawl Rural,Mizoram,2024-01-17,WS_60033,Tube Well,27.257704,92.802707,7.24,4.71,17.988,11.0,6.2,11.9,1.01,0.023,0.19,0.9,0.007,IoT Sensor,Agency_6,1,Safe,88.0
Lawngtlai Village,Mizoram,2024-01-12,WS_53681,Well,23.333158,95.46135,8.41,7.442,68.057,20.0,8.4,19.3,2.94,0.03,0.59,1.16,0.008,Water Testing Kit,Agency_3,0,Safe,16.0
Pasighat Rural,Arunachal Pradesh,2023-02-02,WS_87826,Tube Well,27.631582,94.994018,5.3,43.041,143.277,4409.0,2.0,102.0,6.99,1.98,1.31,0.26,0.036,Lab Analysis,Agency_5,0,High,188.0
Lawngtlai Village,Mizoram,2023-03-05,WS_59398,Piped Supply,25.424385,93.755719,7.67,6.662,0.0,32.0,5.3,30.7,0.64,0.013,1.25,1.48,0.035,IoT Sensor,Agency_4,0,Safe,
Amarpur Village,Tripura,2023-07-21,WS_21957,Piped Supply,27.841316,88.269208,8.39,3.996,3.189,63.0,7.9,20.6,1.52,0.027,1.11,0.05,0.01,IoT Sensor,Agency_7,1,Safe,
Amarpur Village,Tripura,2023-08-06,WS_29398,Spring,25.552048,89.835335,7.42,3.987,1.532,95.0,8.1,31.3,0.09,0.038,1.14,1.46,0.004,Water Testing Kit,Agency_3,1,Safe,
Pakyong Village,Sikkim,2023-11-12,WS_11319,Pond,27.713493,89.25581,7.53,7.125,61.859,34.0,6.9,24.2,2.06,0.042,0.67,0.38,0.008,IoT Sensor,Agency_2,0,Safe,
Tamenglong Rural,Manipur,2024-02-09,WS_44590,Pond,26.644068,90.056239,7.95,9.589,31.664,10.0,5.3,18.6,2.96,0.031,0.43,1.22,0.033,Water Testing Kit,Agency_4,0,Safe,
Nagaon Rural,Assam,2023-07-21,WS_37569,Well,23.78239,95.830562,8.36,0.349,53.341,99.0,6.7,42.4,0.78,0.049,1.88,1.23,0.005,Lab Analysis,Agency_4,1,Safe,10.0
Jowai Rural,Meghalaya,2023-11-04,WS_90170,Piped Supply,23.951778,93.328034,6.63,8.415,19.098,25.0,5.2,11.3,1.86,0.01,1.34,1.16,0.015,Water Testing Kit,Agency_9,0,Safe,
Nagaon Rural,Assam,2023-10-08,WS_30517,Pond,26.273604,90.178691,6.24,41.511,2051.26,1719.0,3.5,54.6,10.16,0.44,0.26,0.9,0.014,Lab Analysis,Agency_4,0,High,
Amarpur Village,Tripura,2023-07-25,WS_18060,River,28.946584,92.790612,5.3,37.667,971.387,3982.0,2.0,161.8,5.02,1.2,1.07,1.46,0.018,IoT Sensor,Agency_7,0,High,
Champhai Rural,Mizoram,2023-12-01,WS_77230,Pond,27.731314,88.767741,5.95,27.188,139.298,3475.0,2.4,170.7,8.29,1.07,1.89,0.33,0.025,IoT Sensor,Agency_4,0,High,
Roing Village,Arunachal Pradesh,2023-06-06,WS_76471,Pond,23.620862,92.312092,8.21,5.515,19.608,35.0,6.4,8.1,0.43,0.024,1.02,0.67,0.029,IoT Sensor,Agency_8,0,Safe,
Pasighat Rural,Arunachal Pradesh,2023-06-27,WS_57856,Well,26.817063,91.668749,6.95,8.234,1.323,89.0,6.6,27.8,2.42,0.023,0.65,1.11,0.03,IoT Sensor,Agency_7,0,Safe,35.0
Aizawl Rural,Mizoram,2023-08-18,WS_73127,Well,27.514195,94.107178,7.3,4.689,7.805,23.0,7.1,36.0,2.07,0.027,0.42,1.24,0.039,Lab Analysis,Agency_2,1,Safe,72.0
Nongpoh Village,Meghalaya,2023-06-26,WS_43354,Pond,25.364382,88.649133,7.49,7.901,15.222,48.0,6.5,11.0,1.79,0.027,1.06,0.48,0.02,Water Testing Kit,Agency_7,0,Safe,
Jiribam Village,Manipur,2023-08-03,WS_42828,Well,28.174037,90.590964,5.37,126.488,1598.658,2924.0,2.1,184.9,8.82,0.97,0.88,0.27,0.012,IoT Sensor,Agency_3,0,High,130.0
Kiphire Village,Nagaland,2023-04-12,WS_17005,Piped Supply,25.363379,92.68902,6.57,4.757,7.5,66.0,6.2,33.2,2.33,0.015,0.39,0.28,0.018,Lab Analysis,Agency_7,1,Safe,
Jowai Rural,Meghalaya,2023-03-19,WS_74708,Well,24.20929,91.53283,6.22,4.422,32.368,78.0,7.1,5.6,1.28,0.047,1.61,0.18,0.05,IoT Sensor,Agency_8,1,Safe,57.0
Bishnupur Rural,Manipur,2023-11-27,WS_52669,Well,26.271958,96.242887,5.3,19.702,2064.423,2618.0,2.2,65.6,11.68,0.99,0.38,0.45,0.019,Lab Analysis,Agency_8,0,High,111.0
Champhai Rural,Mizoram,2023-01-13,WS_46337,River,23.726509,92.158132,5.78,72.297,1422.793,207.0,2.4,181.2,11.65,0.95,0.46,0.5,0.024,IoT Sensor,Agency_5,0,High,
Churachandpur Village,Manipur,2023-09-20,WS_66442,Piped Supply,23.856124,95.922847,8.64,3.025,26.258,54.0,5.5,23.2,0.97,0.013,1.76,1.13,0.036,Water Testing Kit,Agency_9,1,Safe,
Khliehriat Village,Meghalaya,2023-11-10,WS_90112,Pond,24.302546,89.523434,6.49,25.736,2304.671,978.0,3.0,121.1,21.78,1.49,0.17,0.17,0.035,IoT Sensor,Agency_5,0,High,
Kolasib Rural,Mizoram,2023-06-05,WS_17934,Well,23.163455,93.725988,5.3,34.044,2125.535,4731.0,3.7,104.8,19.52,1.67,0.63,0.83,0.006,Lab Analysis,Agency_7,0,High,59.0
Teliamura Rural,Tripura,2023-05-30,WS_19414,River,28.795597,90.084823,7.59,3.902,16.629,3.0,7.7,40.5,2.79,0.029,0.98,0.47,0.019,IoT Sensor,Agency_2,1,Safe,
Williamnagar Village,Meghalaya,2023-08-17,WS_33052,Tube Well,26.234472,89.256592,8.32,9.278,46.232,67.0,5.8,27.1,1.65,0.017,0.06,0.11,0.048,Water Testing Kit,Agency_2,0,Safe,83.0
Belonia Rural,Tripura,2023-01-15,WS_10150,Tube Well,23.362197,93.644011,8.0,3.696,11.016,36.0,7.9,15.1,2.39,0.034,0.12,0.35,0.01,Water Testing Kit,Agency_3,1,Safe,14.0
Kolasib Rural,Mizoram,2024-03-23,WS_16767,Well,27.854319,93.097975,6.7,7.771,55.452,11.0,5.6,41.6,2.31,0.002,1.86,0.04,0.047,IoT Sensor,Agency_8,0,Safe,38.0
Hnahthial Village,Mizoram,2023-08-25,WS_28618,Pond,27.691639,93.338607,8.75,6.85,48.212,25.0,7.2,44.9,0.97,0.049,0.62,1.22,0.01,IoT Sensor,Agency_7,0,Safe,
Serchhip Village,Mizoram,2023-10-03,WS_71919,Tube Well,27.908863,96.076507,7.52,5.406,59.651,23.0,7.8,38.2,2.33,0.028,1.87,1.12,0.042,Water Testing Kit,Agency_3,1,Safe,75.0
Udaipur Village,Tripura,2023-09-20,WS_49972,Spring,25.04778,94.980292,7.4,4.234,44.356,74.0,7.8,0.5,0.6,0.011,1.86,0.47,0.023,IoT Sensor,Agency_3,1,Safe,
Agartala Rural,Tripura,2023-05-28,WS_94115,Pond,23.86968,91.444357,5.3,30.536,1999.198,3650.0,1.2,126.0,16.19,1.05,1.96,0.82,0.035,Lab Analysis,Agency_6,0,High,
Jiribam Village,Manipur,2023-06-29,WS_57054,Pond,25.427604,88.098741,7.77,5.726,56.543,99.0,6.0,16.0,1.45,0.027,1.75,0.99,0.009,Water Testing Kit,Agency_3,0,Safe,
Lawngtlai Village,Mizoram,2023-04-07,WS_54870,Piped Supply,26.968296,91.440224,7.34,8.288,35.65,20.0,7.7,36.1,2.28,0.03,0.83,1.29,0.036,Water Testing Kit,Agency_3,0,Safe,
Wokha Rural,Nagaland,2023-12-20,WS_86065,River,28.328386,92.643504,8.05,2.168,38.86,78.0,7.2,36.3,1.89,0.014,1.12,1.27,0.047,Water Testing Kit,Agency_2,1,Safe,
Imphal Rural,Manipur,2023-06-02,WS_83526,Piped Supply,23.844568,95.132703,7.96,4.199,36.27,47.0,6.0,38.1,2.08,0.03,0.5,0.38,0.014,Water Testing Kit,Agency_4,1,Safe,
Mokokchung Rural,Nagaland,2023-07-07,WS_16961,Piped Supply,26.2119,94.303605,6.98,2.432,51.49,45.0,6.9,0.5,0.81,0.044,1.83,0.65,0.022,Water Testing Kit,Agency_9,1,Safe,
Bomdila Rural,Arunachal Pradesh,2023-06-03,WS_77738,Tube Well,24.965182,92.697478,7.4,5.548,60.084,96.0,8.4,8.1,1.78,0.022,0.91,0.78,0.015,Water Testing Kit,Agency_4,0,Safe,71.0
Mangan Village,Sikkim,2023-08-05,WS_37705,Pond,25.189636,93.270593,5.3,31.749,1209.092,3214.0,1.8,67.2,13.78,1.93,0.42,1.02,0.027,Lab Analysis,Agency_4,0,High,
Rangpo Rural,Sikkim,2023-08-07,WS_28149,River,27.16452,92.509929,6.45,4.651,31.791,41.0,8.7,38.2,2.38,0.014,1.58,0.39,0.044,IoT Sensor,Agency_8,1,Safe,
Nongpoh Village,Meghalaya,2024-01-05,WS_50033,Piped Supply,24.037604,93.82765,5.41,89.24,2216.981,1201.0,3.7,180.7,10.64,1.41,0.24,0.98,0.014,Water Testing Kit,Agency_9,0,High,
Tuensang Village,Nagaland,2023-04-29,WS_99897,Well,26.250542,94.881309,6.86,7.878,54.166,70.0,8.6,24.7,1.44,0.026,0.7,0.14,0.03,IoT Sensor,Agency_3,0,Safe,161.0
Jorhat Village,Assam,2023-12-14,WS_62937,Well,26.371196,92.668589,8.31,1.861,17.993,6.0,7.0,39.2,1.63,0.018,0.78,0.35,0.008,Lab Analysis,Agency_1,1,Safe,117.0
Udaipur Village,Tripura,2023-12-15,WS_62717,River,25.445145,95.756868,8.13,6.055,56.508,94.0,7.1,32.3,1.44,0.045,0.13,0.48,0.047,IoT Sensor,Agency_1,0,Safe,
Nongpoh Village,Meghalaya,2023-08-16,WS_68782,Tube Well,25.181139,88.223738,5.3,100.362,1200.178,2881.0,3.8,155.0,21.54,1.56,1.33,1.04,0.05,Water Testing Kit,Agency_7,0,High,107.0
Serchhip Village,Mizoram,2023-08-25,WS_14876,Pond,27.856288,89.425347,5.3,47.303,1924.259,2208.0,2.7,103.6,23.61,1.73,0.08,1.34,0.038,IoT Sensor,Agency_1,0,High,
Gyalshing Rural,Sikkim,2023-10-12,WS_27733,Tube Well,28.538024,90.854935,6.88,4.465,54.409,37.0,6.3,30.9,2.12,0.032,1.59,0.53,0.025,IoT Sensor,Agency_5,1,Safe,19.0
Jiribam Village,Manipur,2023-12-24,WS_25933,River,24.124839,94.32601,5.91,56.161,258.035,2527.0,1.4,169.9,8.43,1.82,1.0,0.74,0.027,Lab Analysis,Agency_2,0,High,
Belonia Rural,Tripura,2023-10-26,WS_27625,Piped Supply,23.529649,89.531161,7.26,6.77,1.214,87.0,5.0,20.3,2.64,0.021,0.76,0.56,0.003,Water Testing Kit,Agency_8,0,Safe,
Shillong Rural,Meghalaya,2023-10-23,WS_81341,River,28.673104,90.955281,5.3,72.036,917.449,2361.0,2.6,136.0,16.65,0.23,1.58,0.34,0.033,Water Testing Kit,Agency_9,0,High,
Tuensang Village,Nagaland,2023-09-12,WS_76285,Well,27.146203,88.584604,7.07,9.111,8.131,23.0,7.6,43.6,2.2,0.006,1.78,0.63,0.009,Water Testing Kit,Agency_4,0,Safe,120.0
Teliamura Rural,Tripura,2023-10-15,WS_53678,River,28.794401,95.204554,5.43,57.621,915.935,2468.0,3.0,79.9,15.76,1.64,1.19,1.12,0.026,IoT Sensor,Agency_1,0,High,
Bomdila Rural,Arunachal Pradesh,2023-02-12,WS_28654,Spring,28.44419,89.646738,7.61,3.736,7.282,36.0,6.3,3.5,2.35,0.021,0.9,0.32,0.011,Lab Analysis,Agency_6,1,Safe,
Khowai Village,Tripura,2024-01-28,WS_28472,Well,24.101262,93.42383,6.58,8.318,52.931,11.0,7.7,30.1,1.49,0.001,1.78,0.6,0.008,IoT Sensor,Agency_1,0,Safe,91.0
Tura Village,Meghalaya,2023-11-15,WS_96742,Piped Supply,23.305593,94.183424,7.26,5.3,61.074,71.0,8.3,24.0,1.63,0.043,0.77,1.16,0.047,IoT Sensor,Agency_4,1,Safe,
Singtam Village,Sikkim,2024-01-30,WS_34076,Piped Supply,23.963318,93.212978,8.57,9.799,30.231,43.0,5.1,42.2,0.39,0.023,1.24,1.35,0.008,Water Testing Kit,Agency_3,0,Safe,
Agartala Rural,Tripura,2023-10-29,WS_46298,Piped Supply,25.627563,88.90823,7.79,3.008,43.711,51.0,5.6,40.3,0.38,0.049,1.74,1.06,0.047,IoT Sensor,Agency_5,1,Safe,
Thoubal Village,Manipur,2023-05-28,WS_77060,Well,25.857343,95.460306,7.75,1.868,14.453,21.0,8.6,31.5,2.65,0.046,0.66,0.03,0.017,Lab Analysis,Agency_9,1,Safe,79.0
Barpeta Village,Assam,2023-10-26,WS_85012,Well,28.143939,91.270498,6.72,6.295,17.0,21.0,5.4,44.1,0.18,0.007,1.59,0.75,0.026,IoT Sensor,Agency_2,0,Safe,86.0
Jorhat Village,Assam,2023-10-10,WS_76135,Well,23.793294,88.289936,8.01,9.426,17.83,56.0,8.1,6.7,2.56,0.02,0.38,1.07,0.009,Water Testing Kit,Agency_5,0,Safe,43.0
Tuensang Village,Nagaland,2023-03-09,WS_83640,Well,26.745727,96.274762,6.69,3.418,1.179,26.0,8.6,20.1,0.22,0.032,0.84,1.0,0.022,Lab Analysis,Agency_4,1,Safe,5.0
Tamenglong Rural,Manipur,2023-02-04,WS_75861,River,24.56227,88.662672,8.11,6.368,1.218,90.0,7.3,41.4,2.89,0.023,0.9,1.03,0.049,Lab Analysis,Agency_4,0,Safe,
Jorethang Rural,Sikkim,2023-12-20,WS_69346,Well,26.663111,96.547757,5.42,78.709,887.189,410.0,3.3,191.8,21.21,1.7,1.23,0.29,0.01,Lab Analysis,Agency_2,0,High,156.0
Teliamura Rural,Tripura,2023-05-23,WS_28830,Piped Supply,25.087195,93.933434,6.6,4.842,28.212,1.0,8.3,4.7,0.34,0.002,0.11,1.29,0.016,IoT Sensor,Agency_9,1,Safe,
Rangpo Rural,Sikkim,2023-11-13,WS_15063,Piped Supply,25.865268,89.063346,5.32,103.396,2452.593,2200.0,2.7,194.9,14.1,0.55,1.45,0.77,0.015,IoT Sensor,Agency_8,0,High,
Resubelpara Rural,Meghalaya,2023-11-19,WS_56349,Tube Well,28.610708,91.728833,6.84,7.758,66.794,21.0,8.1,36.3,0.92,0.025,1.25,1.37,0.029,Water Testing Kit,Agency_2,0,Safe,75.0
Kailashahar Village,Tripura,2023-04-19,WS_47606,Well,25.203852,93.207184,7.33,8.072,5.546,73.0,6.2,16.8,1.05,0.018,1.97,0.37,0.028,Water Testing Kit,Agency_4,0,Safe,58.0
Champhai Rural,Mizoram,2023-08-23,WS_90600,Well,28.954554,93.787181,8.14,9.211,22.821,75.0,5.2,32.5,0.12,0.017,0.0,0.19,0.012,Lab Analysis,Agency_5,0,Safe,108.0
Kohima Rural,Nagaland,2023-09-04,WS_72720,Pond,25.929957,88.925142,5.3,21.1,2455.733,831.0,1.9,197.9,23.55,0.18,0.34,0.47,0.004,Water Testing Kit,Agency_1,0,High,
Tezpur Village,Arunachal Pradesh,2023-03-05,WS_72188,Tube Well,23.609948,88.86372,6.63,7.529,6.748,21.0,8.8,16.3,0.17,0.026,1.01,0.5,0.008,IoT Sensor,Agency_2,0,Safe,162.0
Tura Village,Meghalaya,2024-03-29,WS_10092,Tube Well,27.287319,88.615631,5.3,82.956,1599.79,986.0,3.9,151.5,12.43,0.77,1.31,1.2,0.045,Water Testing Kit,Agency_9,0,High,84.0
Serchhip Village,Mizoram,2023-09-07,WS_65380,Pond,24.543054,94.987687,5.3,73.192,2699.809,4222.0,3.4,134.0,12.2,1.73,1.03,1.34,0.028,IoT Sensor,Agency_4,0,High,
Jorhat Village,Assam,2023-12-20,WS_16661,Piped Supply,25.306794,88.242529,7.61,7.287,32.689,94.0,6.5,40.6,0.18,0.042,1.52,0.91,0.033,IoT Sensor,Agency_9,0,Safe,
Jiribam Village,Manipur,2024-01-18,WS_16241,River,26.205482,93.616535,5.3,30.387,1972.851,2012.0,2.4,54.8,5.67,0.6,0.73,0.16,0.013,Water Testing Kit,Agency_3,0,High,
Roing Village,Arunachal Pradesh,2023-05-14,WS_65931,Pond,23.824848,96.851552,7.12,6.835,3.595,16.0,8.6,4.9,0.74,0.002,0.12,0.43,0.039,Water Testing Kit,Agency_3,0,Safe,
Jorethang Rural,Sikkim,2024-01-14,WS_33611,Well,26.910112,94.155061,6.87,6.502,54.496,78.0,8.5,0.1,0.53,0.041,1.71,0.43,0.04,IoT Sensor,Agency_9,0,Safe,176.0
Tawang Rural,Arunachal Pradesh,2023-11-03,WS_44651,Tube Well,28.959109,94.560874,6.92,0.329,32.368,25.0,6.7,25.1,2.17,0.021,1.55,0.79,0.011,Water Testing Kit,Agency_6,1,Safe,86.0
Tuensang Village,Nagaland,2023-04-24,WS_16910,Well,23.903943,90.4194,6.98,1.089,5.786,24.0,7.2,6.7,0.65,0.025,1.84,0.99,0.023,IoT Sensor,Agency_1,1,Safe,136.0
Williamnagar Village,Meghalaya,2023-12-25,WS_55398,Piped Supply,26.172537,91.1727,8.0,3.179,45.5,98.0,7.8,43.6,0.07,0.013,1.81,0.78,0.023,IoT Sensor,Agency_4,1,Safe,
Singtam Village,Sikkim,2023-09-23,WS_85912,Tube Well,25.144714,93.121483,5.3,85.416,1207.618,3702.0,3.0,150.1,13.41,0.2,1.25,1.33,0.016,Lab Analysis,Agency_4,0,High,45.0
Tezpur Village,Arunachal Pradesh,2023-09-01,WS_64825,Pond,25.69359,92.473719,6.23,73.658,1722.396,1606.0,3.3,191.5,14.68,0.33,1.53,1.03,0.04,Water Testing Kit,Agency_2,0,High,
Lunglei Village,Mizoram,2023-10-17,WS_43074,Piped Supply,24.689718,94.225573,5.5,72.312,1842.763,2100.0,2.7,113.6,19.27,0.25,0.18,0.32,0.037,Water Testing Kit,Agency_1,0,High,
Lunglei Village,Mizoram,2023-06-25,WS_86989,River,26.721543,94.044478,8.25,8.231,11.412,11.0,7.4,31.7,1.02,0.049,1.58,0.49,0.006,Lab Analysis,Agency_3,0,Safe,
Williamnagar Village,Meghalaya,2023-09-21,WS_62435,Well,23.220873,88.081511,7.52,8.446,19.329,47.0,8.8,17.6,2.13,0.014,0.18,1.23,0.024,Water Testing Kit,Agency_9,0,Safe,11.0
Silchar Village,Assam,2023-12-14,WS_25259,Piped Supply,25.194029,94.311326,7.4,0.229,17.825,67.0,6.8,11.9,0.69,0.001,0.13,1.33,0.045,Lab Analysis,Agency_2,1,Safe,
Ziro Village,Arunachal Pradesh,2023-05-08,WS_10352,Piped Supply,24.333856,90.949043,6.03,94.3,1914.698,2852.0,3.9,118.8,24.73,1.78,0.11,1.4,0.006,IoT Sensor,Agency_4,0,High,
Teliamura Rural,Tripura,2023-06-17,WS_28830,Piped Supply,25.087195,93.933434,6.62,4.543,26.947,1.0,8.3,4.7,0.34,0.002,0.11,1.29,0.016,IoT Sensor,Agency_9,1,Safe,
Churachandpur Village,Manipur,2023-04-07,WS_53194,Piped Supply,26.464503,95.86145,7.59,9.107,62.345,34.0,8.5,17.5,1.5,0.031,0.71,0.36,0.024,IoT Sensor,Agency_8,0,Safe,
Khliehriat Village,Meghalaya,2023-12-28,WS_31959,Piped Supply,26.364404,93.698381,6.98,2.372,27.268,95.0,6.2,36.7,0.66,0.007,0.76,0.65,0.027,IoT Sensor,Agency_6,1,Safe,
Churachandpur Village,Manipur,2023-08-01,WS_13554,Well,26.394581,91.047229,7.46,7.468,71.393,4.0,5.2,30.3,1.04,0.01,0.42,1.5,0.017,Lab Analysis,Agency_4,0,Safe,142.0
Williamnagar Village,Meghalaya,2023-06-28,WS_80686,Piped Supply,26.724785,95.950295,5.52,30.675,1196.258,2243.0,2.4,156.6,6.62,0.61,1.94,1.33,0.049,Water Testing Kit,Agency_9,0,High,
Bishnupur Rural,Manipur,2023-07-26,WS_33036,Well,23.543255,89.636547,8.28,5.846,37.05,75.0,6.7,22.2,1.68,0.049,0.31,0.31,0.002,Lab Analysis,Agency_1,0,Safe,130.0
Shillong Rural,Meghalaya,2024-01-24,WS_24475,Well,26.084957,89.56954,7.67,7.117,24.891,0.0,6.5,27.1,2.21,0.028,1.89,1.24,0.007,Lab Analysis,Agency_7,0,Safe,65.0
Mokokchung Rural,Nagaland,2023-07-11,WS_87462,Piped Supply,26.125947,92.215862,8.52,10.161,11.533,12.0,8.5,17.2,1.07,0.027,0.16,0.44,0.021,Water Testing Kit,Agency_6,0,Safe,
Williamnagar Village,Meghalaya,2023-07-31,WS_62435,Well,23.220873,88.081511,7.51,8.398,21.176,47.0,8.8,17.6,2.13,0.014,0.18,1.23,0.024,Water Testing Kit,Agency_9,0,Safe,11.0
Singtam Village,Sikkim,2023-10-24,WS_85912,Tube Well,25.144714,93.121483,5.3,76.166,1044.883,3702.0,3.0,150.1,13.41,0.2,1.25,1.33,0.016,Lab Analysis,Agency_4,0,High,45.0
Ukhrul Village,Manipur,2023-07-16,WS_76795,Tube Well,28.739743,88.925624,7.87,7.217,18.602,37.0,7.2,17.3,1.47,0.023,0.68,0.01,0.041,Water Testing Kit,Agency_7,0,Safe,99.0
Rangpo Rural,Sikkim,2023-11-05,WS_66817,Spring,26.768462,91.647682,8.0,1.578,14.003,28.0,6.7,25.7,2.05,0.004,1.04,0.89,0.008,Water Testing Kit,Agency_7,1,Safe,
Tamenglong Rural,Manipur,2023-06-09,WS_37683,Well,24.006317,93.356963,5.3,37.119,2438.711,1089.0,3.0,67.8,16.87,0.93,1.64,1.07,0.049,Water Testing Kit,Agency_9,0,High,33.0
Jiribam Village,Manipur,2023-12-13,WS_96452,Pond,25.938167,88.648893,6.42,8.71,15.945,31.0,6.5,9.3,2.43,0.003,0.07,0.78,0.002,Lab Analysis,Agency_1,0,Safe,
Rangpo Rural,Sikkim,2023-08-27,WS_37106,Tube Well,26.768197,92.470793,5.47,75.529,2850.558,2392.0,2.6,70.7,14.16,0.75,0.4,1.1,0.046,IoT Sensor,Agency_2,0,High,87.0
Ziro Village,Arunachal Pradesh,2023-12-14,WS_46798,Well,28.159241,88.65647,6.06,26.112,272.446,1476.0,2.1,108.2,8.84,1.88,1.43,1.04,0.015,Lab Analysis,Agency_9,0,High,139.0
Bishnupur Rural,Manipur,2023-06-15,WS_63958,Well,25.08528,93.876352,7.51,6.333,53.85,82.0,5.6,35.7,2.03,0.041,1.37,0.68,0.043,Lab Analysis,Agency_6,0,Safe,74.0
Senapati Rural,Manipur,2023-04-16,WS_22759,Piped Supply,27.129361,95.263832,6.8,0.356,17.152,67.0,8.7,38.8,0.67,0.044,1.72,1.23,0.006,Lab Analysis,Agency_6,1,Safe,
Kolasib Rural,Mizoram,2023-07-07,WS_42463,River,25.840146,91.289334,5.3,104.581,1710.768,3490.0,3.5,65.4,14.48,0.26,0.32,1.07,0.045,IoT Sensor,Agency_1,0,High,
Tuensang Village,Nagaland,2023-12-20,WS_31611,Pond,27.09123,96.088176,8.1,6.372,39.861,25.0,8.8,38.3,2.62,0.01,0.2,0.48,0.018,Lab Analysis,Agency_9,0,Safe,
Ukhrul Village,Manipur,2023-06-17,WS_17616,Well,23.64514,91.384538,8.03,7.121,9.136,96.0,6.1,31.8,0.9,0.031,0.27,1.41,0.024,Water Testing Kit,Agency_2,0,Safe,164.0
Itanagar Rural,Arunachal Pradesh,2023-07-12,WS_87038,Spring,25.917318,90.846052,8.5,3.554,25.709,99.0,5.8,14.7,0.59,0.014,0.19,0.58,0.048,Water Testing Kit,Agency_1,1,Safe,
Namchi Village,Sikkim,2023-06-12,WS_99532,Well,27.307499,92.368269,7.85,2.361,7.197,55.0,8.4,9.1,2.07,0.019,1.46,0.01,0.033,Lab Analysis,Agency_3,1,Safe,40.0
Zunheboto Village,Nagaland,2024-02-02,WS_44424,Tube Well,26.293751,88.718473,6.69,10.272,66.131,42.0,5.4,33.5,0.18,0.031,0.3,0.14,0.026,Water Testing Kit,Agency_1,0,Safe,104.0
Dimapur Village,Nagaland,2023-06-06,WS_39066,Pond,24.657016,94.408956,6.28,48.418,1330.029,283.0,3.4,169.0,18.89,0.78,0.19,0.97,0.026,IoT Sensor,Agency_7,0,High,
Tura Village,Meghalaya,2023-06-28,WS_93327,Well,25.205696,91.736668,7.5,7.444,53.539,29.0,8.2,42.6,1.11,0.042,0.62,0.64,0.049,Water Testing Kit,Agency_9,0,Safe,54.0
Gyalshing Rural,Sikkim,2024-01-16,WS_88659,Well,24.190675,93.04205,6.37,6.909,15.419,47.0,8.1,28.5,2.22,0.04,1.72,0.71,0.016,IoT Sensor,Agency_4,0,Safe,123.0
Khliehriat Village,Meghalaya,2023-05-12,WS_17803,Piped Supply,26.648886,91.189229,5.59,21.741,390.58,2629.0,2.1,119.0,14.92,0.4,0.57,1.47,0.014,IoT Sensor,Agency_9,0,High,
Rangpo Rural,Sikkim,2023-04-10,WS_63348,Tube Well,24.641781,96.234849,7.43,0.658,46.469,22.0,5.9,26.4,2.95,0.021,1.69,0.13,0.047,IoT Sensor,Agency_9,1,Safe,119.0
Imphal Rural,Manipur,2023-05-01,WS_82809,Tube Well,24.008728,91.576407,7.09,3.002,12.6,52.0,6.5,0.7,1.18,0.003,0.68,0.59,0.033,Water Testing Kit,Agency_9,1,Safe,159.0
Tezpur Village,Arunachal Pradesh,2024-02-17,WS_45572,Well,24.433901,92.905445,5.3,104.732,2650.829,614.0,3.7,96.0,17.45,0.41,1.34,0.77,0.015,Water Testing Kit,Agency_7,0,High,37.0
Baghmara Rural,Meghalaya,2024-02-11,WS_95975,River,23.047457,94.886278,5.9,108.884,1483.017,2479.0,3.7,148.8,10.94,1.28,1.6,0.26,0.043,Water Testing Kit,Agency_8,0,High,
Amarpur Village,Tripura,2023-07-25,WS_99040,Well,24.272284,91.745345,6.26,6.385,56.369,48.0,8.6,37.8,2.38,0.008,1.42,0.51,0.043,IoT Sensor,Agency_4,0,Safe,156.0
Phek Rural,Nagaland,2023-08-06,WS_66058,Well,26.954412,95.258107,7.47,5.59,43.275,46.0,7.9,15.7,0.53,0.002,0.48,0.74,0.012,IoT Sensor,Agency_6,0,Safe,7.0
Serchhip Village,Mizoram,2023-04-23,WS_84039,Tube Well,26.81501,89.818183,7.36,0.806,45.77,60.0,7.9,32.3,1.33,0.01,0.82,0.41,0.018,Lab Analysis,Agency_8,1,Safe,74.0
Belonia Rural,Tripura,2023-05-25,WS_14299,Piped Supply,24.907234,89.28488,8.22,5.268,48.315,11.0,6.0,21.6,2.15,0.015,1.55,1.37,0.001,Lab Analysis,Agency_4,1,Safe,
Senapati Rural,Manipur,2023-06-09,WS_24434,Tube Well,25.451482,90.74147,8.65,4.365,8.897,42.0,7.7,40.0,0.38,0.028,0.6,0.8,0.003,Water Testing Kit,Agency_9,1,Safe,125.0
Mangan Village,Sikkim,2023-10-05,WS_20263,Spring,24.740542,96.526688,5.3,76.945,1367.769,1853.0,2.3,179.6,8.96,0.7,1.04,1.3,0.013,IoT Sensor,Agency_1,0,High,
Tawang Rural,Arunachal Pradesh,2023-07-06,WS_93289,Well,27.340523,90.356698,6.79,4.276,17.681,77.0,6.5,15.8,2.91,0.02,1.36,1.37,0.019,IoT Sensor,Agency_1,1,Safe,152.0
Naharlagun Village,Arunachal Pradesh,2024-02-13,WS_66664,Piped Supply,27.802632,89.796521,7.51,5.432,36.314,61.0,6.9,28.2,1.56,0.021,0.57,0.13,0.003,Water Testing Kit,Agency_5,1,Safe,
Teliamura Rural,Tripura,2023-06-21,WS_31574,River,26.16084,94.314322,8.05,7.323,15.872,36.0,8.4,1.0,2.34,0.02,1.61,1.04,0.023,Water Testing Kit,Agency_8,0,Safe,
Lawngtlai Village,Mizoram,2023-05-03,WS_48761,River,24.346018,90.10789,5.3,45.139,1446.27,3163.0,1.4,115.1,6.45,0.17,1.89,0.45,0.021,Lab Analysis,Agency_2,0,High,
Dharmanagar Rural,Tripura,2023-07-27,WS_80208,Spring,23.617118,92.815096,6.1,66.977,1046.392,4588.0,3.8,74.5,19.13,1.57,1.41,1.37,0.022,Lab Analysis,Agency_5,0,High,
Tura Village,Meghalaya,2023-12-10,WS_24093,River,26.70183,94.890656,5.56,21.909,1138.61,2524.0,1.5,111.1,8.52,0.51,0.01,0.01,0.043,Lab Analysis,Agency_5,0,High,
Jorhat Village,Assam,2023-06-01,WS_89221,Piped Supply,28.686467,92.270064,8.26,4.886,31.319,82.0,5.4,10.1,1.33,0.004,1.85,0.66,0.041,Lab Analysis,Agency_4,1,Safe,
Senapati Rural,Manipur,2023-12-01,WS_97417,Pond,23.640418,94.978401,7.91,5.032,25.266,32.0,7.8,18.8,1.95,0.021,1.4,1.23,0.007,IoT Sensor,Agency_6,1,Safe,
Jorethang Rural,Sikkim,2023-08-15,WS_35801,Tube Well,26.828459,92.482151,8.39,9.389,4.282,100.0,5.1,7.5,0.24,0.037,0.27,0.78,0.017,IoT Sensor,Agency_4,0,Safe,131.0
Saitual Rural,Mizoram,2023-07-30,WS_15020,Well,25.972195,93.716971,8.25,7.201,35.047,33.0,8.1,26.5,1.03,0.041,0.61,0.72,0.012,Water Testing Kit,Agency_2,0,Safe,63.0
Baghmara Rural,Meghalaya,2023-06-29,WS_78794,River,27.14909,96.74089,5.75,75.274,1685.798,4266.0,3.3,130.3,12.1,0.95,0.91,1.5,0.009,IoT Sensor,Agency_1,0,High,
Jowai Rural,Meghalaya,2024-01-21,WS_31698,Well,24.506503,89.303302,7.45,6.58,34.396,74.0,5.6,10.5,0.17,0.029,0.88,1.08,0.044,Lab Analysis,Agency_1,0,Safe,70.0
Gyalshing Rural,Sikkim,2024-01-29,WS_64299,Well,25.695304,95.555479,7.64,0.539,13.796,48.0,7.9,28.6,1.32,0.027,0.68,0.2,0.046,IoT Sensor,Agency_5,1,Safe,110.0
Senapati Rural,Manipur,2023-02-06,WS_91772,River,24.038631,93.643978,8.72,8.83,43.81,92.0,8.2,41.0,0.31,0.048,0.08,0.28,0.032,IoT Sensor,Agency_5,0,Safe,
Amarpur Village,Tripura,2023-05-13,WS_33839,Piped Supply,24.253426,90.433764,7.73,5.198,31.972,51.0,8.1,28.9,0.65,0.022,0.89,1.24,0.011,Water Testing Kit,Agency_9,1,Safe,
Khowai Village,Tripura,2024-02-07,WS_43364,Well,24.770686,89.601984,7.28,5.735,65.793,67.0,7.7,13.1,1.87,0.011,1.73,0.78,0.035,Water Testing Kit,Agency_9,0,Safe,154.0
Silchar Village,Assam,2023-07-16,WS_76132,Well,23.493116,89.383071,7.92,5.701,50.919,65.0,5.4,24.8,1.04,0.011,1.39,0.93,0.047,Water Testing Kit,Agency_1,0,Safe,88.0
Karimganj Village,Assam,2024-01-03,WS_77169,Piped Supply,25.756448,90.252901,6.44,5.766,63.878,56.0,8.2,40.2,0.23,0.029,0.33,0.77,0.042,Lab Analysis,Agency_3,0,Safe,
Kiphire Village,Nagaland,2023-12-15,WS_25083,Spring,23.382061,92.143315,7.79,7.637,7.236,37.0,6.8,6.4,0.07,0.011,0.36,0.38,0.038,Lab Analysis,Agency_9,0,Safe,
Tezpur Village,Arunachal Pradesh,2023-06-05,WS_19488,Well,28.495,92.667516,7.8,7.071,19.161,22.0,7.4,1.0,0.27,0.037,0.41,0.62,0.046,Lab Analysis,Agency_8,0,Safe,105.0
Karimganj Village,Assam,2023-11-30,WS_36437,Well,28.827147,96.376294,8.16,2.522,2.564,18.0,5.3,24.9,1.5,0.012,1.01,0.77,0.045,Lab Analysis,Agency_9,1,Safe,198.0
Bishnupur Rural,Manipur,2023-06-08,WS_63958,Well,25.08528,93.876352,7.64,6.604,58.952,82.0,5.6,35.7,2.03,0.041,1.37,0.68,0.043,Lab Analysis,Agency_6,0,Safe,74.0
Aizawl Rural,Mizoram,2023-03-03,WS_83868,Piped Supply,23.212305,91.831883,7.43,2.379,66.614,88.0,7.4,7.9,2.35,0.026,1.72,0.38,0.005,Water Testing Kit,Agency_9,1,Safe,
Senapati Rural,Manipur,2024-01-28,WS_68630,Well,25.258728,90.109209,7.9,1.535,37.682,6.0,6.1,5.7,0.07,0.042,0.1,1.37,0.027,Water Testing Kit,Agency_2,1,Safe,99.0
Jowai Rural,Meghalaya,2023-08-27,WS_92588,River,28.518596,96.618257,7.31,8.725,54.372,99.0,8.9,40.3,2.79,0.006,0.69,0.3,0.019,IoT Sensor,Agency_7,0,Safe,
Resubelpara Rural,Meghalaya,2023-04-01,WS_20081,Spring,23.598403,93.591727,8.12,9.246,40.946,37.0,6.4,42.0,2.88,0.022,1.06,1.07,0.018,Water Testing Kit,Agency_9,0,Safe,
Jiribam Village,Manipur,2023-12-12,WS_21276,Piped Supply,28.005292,89.853436,7.97,2.421,45.641,63.0,5.5,25.5,2.69,0.014,1.22,0.79,0.027,Water Testing Kit,Agency_7,1,Safe,
Dimapur Village,Nagaland,2023-12-20,WS_74178,Piped Supply,26.785226,94.561176,7.21,8.652,62.603,10.0,6.7,24.8,2.42,0.032,1.37,1.27,0.045,Water Testing Kit,Agency_5,0,Safe,
Bomdila Rural,Arunachal Pradesh,2023-10-28,WS_45552,Tube Well,25.051643,96.167455,6.78,7.855,23.757,34.0,7.0,9.2,2.74,0.023,0.92,1.4,0.021,IoT Sensor,Agency_4,0,Safe,170.0
Imphal Rural,Manipur,2023-11-17,WS_70120,Pond,25.931455,89.745531,5.3,18.83,518.341,2122.0,1.7,158.3,20.78,0.56,1.87,0.61,0.007,IoT Sensor,Agency_4,0,High,
Jorhat Village,Assam,2023-07-04,WS_89221,Piped Supply,28.686467,92.270064,8.04,5.277,34.14,82.0,5.4,10.1,1.33,0.004,1.85,0.66,0.041,Lab Analysis,Agency_4,1,Safe,
Kailashahar Village,Tripura,2023-07-02,WS_77136,River,25.256634,92.762106,5.44,78.14,731.635,4300.0,2.2,157.3,23.88,0.89,0.46,0.04,0.013,Water Testing Kit,Agency_5,0,High,
Kohima Rural,Nagaland,2023-11-25,WS_90426,River,27.226248,94.966691,5.31,43.89,1889.389,1468.0,1.3,98.1,14.74,1.48,0.21,1.08,0.033,Water Testing Kit,Agency_7,0,High,
Gyalshing Rural,Sikkim,2024-01-19,WS_38487,Pond,26.287119,93.866235,5.3,103.338,1400.89,514.0,1.2,104.7,13.15,0.17,0.44,0.78,0.011,Lab Analysis,Agency_3,0,High,
Dimapur Village,Nagaland,2023-07-24,WS_92503,Tube Well,23.985662,92.507708,8.11,2.158,40.038,0.0,8.1,1.9,2.42,0.013,0.15,0.84,0.008,IoT Sensor,Agency_2,1,Safe,23.0
Agartala Rural,Tripura,2023-08-12,WS_78438,Piped Supply,27.260272,90.685085,8.03,0.837,53.319,8.0,8.9,16.7,2.08,0.024,0.35,1.42,0.022,IoT Sensor,Agency_7,1,Safe,
Namchi Village,Sikkim,2023-11-24,WS_63703,Pond,25.613787,91.032111,5.3,72.438,1974.368,3517.0,1.1,54.0,6.74,0.13,0.12,0.13,0.039,Water Testing Kit,Agency_2,0,High,
Gangtok Rural,Sikkim,2023-10-23,WS_33410,Well,23.440323,94.097157,6.64,2.824,33.023,79.0,6.6,43.1,1.36,0.046,1.71,0.72,0.032,Water Testing Kit,Agency_5,1,Safe,99.0
Aizawl Rural,Mizoram,2024-02-13,WS_73718,Tube Well,23.686143,90.025354,8.25,7.383,44.054,13.0,6.3,33.9,2.6,0.011,0.47,0.57,0.028,Water Testing Kit,Agency_4,0,Safe,56.0
Kiphire Village,Nagaland,2023-11-15,WS_27179,Piped Supply,27.55746,89.162692,7.02,5.034,46.336,15.0,7.1,3.3,1.19,0.01,1.26,0.44,0.003,IoT Sensor,Agency_7,1,Safe,
Kailashahar Village,Tripura,2023-06-26,WS_60128,Well,23.684446,91.309137,5.32,49.433,2243.398,1289.0,1.4,181.1,22.65,1.59,0.15,0.68,0.022,IoT Sensor,Agency_5,0,High,43.0
Williamnagar Village,Meghalaya,2024-02-26,WS_53988,Well,26.847425,89.317091,8.26,8.565,2.516,23.0,5.4,38.9,2.25,0.005,0.26,1.19,0.04,Water Testing Kit,Agency_6,0,Safe,44.0
Bomdila Rural,Arunachal Pradesh,2023-08-17,WS_21605,Tube Well,23.435239,89.240156,5.3,47.617,754.861,649.0,3.1,146.4,9.96,0.79,1.1,0.27,0.025,Water Testing Kit,Agency_1,0,High,43.0
Kailashahar Village,Tripura,2023-11-28,WS_76723,Well,27.940268,90.694206,8.23,3.361,21.772,57.0,8.2,32.3,0.09,0.039,1.75,1.46,0.034,Lab Analysis,Agency_9,1,Safe,185.0
Agartala Rural,Tripura,2023-07-08,WS_23469,Well,24.718605,88.146509,7.9,7.859,19.821,14.0,6.4,35.0,0.73,0.013,1.84,0.31,0.0,IoT Sensor,Agency_1,0,Safe,5.0
Pakyong Village,Sikkim,2023-05-04,WS_65476,Well,27.028925,89.003119,7.63,5.276,40.84,47.0,7.6,39.8,1.19,0.044,1.56,0.72,0.02,IoT Sensor,Agency_3,1,Safe,179.0
Shillong Rural,Meghalaya,2023-07-07,WS_67693,Piped Supply,24.679507,88.111579,7.25,7.752,34.795,1.0,6.0,30.1,2.8,0.045,0.71,0.87,0.016,Lab Analysis,Agency_8,0,Safe,
Baghmara Rural,Meghalaya,2023-12-27,WS_44526,Piped Supply,27.490962,92.603095,7.23,4.593,28.452,94.0,5.4,26.6,1.15,0.005,1.02,0.97,0.007,IoT Sensor,Agency_4,1,Safe,
Ziro Village,Arunachal Pradesh,2024-02-13,WS_96464,Piped Supply,25.056662,88.602057,5.3,105.548,2618.001,3662.0,2.3,88.6,12.78,1.17,0.33,0.79,0.016,IoT Sensor,Agency_8,0,High,
Hnahthial Village,Mizoram,2023-12-09,WS_25265,Well,28.284211,91.579865,7.32,6.471,5.286,96.0,6.0,18.3,1.14,0.03,0.48,1.35,0.029,IoT Sensor,Agency_1,0,Safe,164.0
Kohima Rural,Nagaland,2024-01-29,WS_89688,Pond,23.775847,96.613226,5.3,68.465,833.951,3654.0,3.6,94.5,5.48,1.76,0.92,0.91,0.003,Water Testing Kit,Agency_1,0,High,
Pakyong Village,Sikkim,2023-06-12,WS_55877,River,26.983308,88.280718,7.11,4.832,53.757,39.0,7.2,27.3,2.83,0.033,0.32,0.06,0.038,IoT Sensor,Agency_8,1,Safe,
Zunheboto Village,Nagaland,2023-06-11,WS_94799,Piped Supply,28.316088,94.732638,6.79,2.359,54.352,49.0,6.4,6.1,1.18,0.021,1.32,0.31,0.03,Lab Analysis,Agency_3,1,Safe,
Tawang Rural,Arunachal Pradesh,2024-01-10,WS_38166,Piped Supply,24.094544,88.461907,6.21,6.012,69.471,21.0,6.1,29.2,2.46,0.032,0.01,1.39,0.029,Water Testing Kit,Agency_9,0,Safe,
Nongpoh Village,Meghalaya,2023-04-23,WS_17392,Tube Well,27.503915,89.157125,7.37,9.667,2.583,87.0,6.3,41.5,0.67,0.037,0.17,0.17,0.002,Water Testing Kit,Agency_2,0,Safe,68.0
Khowai Village,Tripura,2023-09-02,WS_98065,Piped Supply,28.118317,94.7419,5.49,113.122,2160.28,3535.0,1.2,77.7,12.1,1.87,0.78,0.01,0.048,IoT Sensor,Agency_5,0,High,
Resubelpara Rural,Meghalaya,2023-05-28,WS_15721,Piped Supply,24.456873,89.378627,7.15,5.869,2.547,89.0,6.8,8.0,0.72,0.042,1.57,1.34,0.028,IoT Sensor,Agency_2,0,Safe,
