village,state,district,date,report_time,patient_age_group,patient_gender,diarrhea_cases,fever_cases,vomiting_cases,stomach_pain_cases,dehydration_cases,nausea_cases,headache_cases,weakness_cases,asha_worker_id,clinic_reports,villager_self_reports,total_population,households_affected,severity_level
Roing Village,Arunachal Pradesh,Arunachal Pradesh_District_3,2023-09-27,2023-09-23 14:55:00,0-5,Male,10,7,4,9,6,2,2,6,ASHA_2459,2,4,2829,30,Mild
Namchi Village,Sikkim,Sikkim_District_1,2024-01-27,2023-11-26 19:31:00,0-5,Male,2,5,0,1,0,0,3,2,ASHA_7845,1,6,2285,21,Moderate
Jiribam Village,Manipur,Manipur_District_3,2023-12-09,2023-11-29 16:11:00,0-5,Male,4,9,6,3,4,4,3,4,ASHA_7777,0,0,4910,30,Moderate
Champhai Rural,Mizoram,Mizoram_District_1,2023-11-18,2023-10-28 18:38:00,6-18,Male,5,2,5,1,2,3,2,1,ASHA_1896,4,2,4576,19,Severe
Kiphire Village,Nagaland,Nagaland_District_2,2023-12-19,2023-10-22 16:28:00,0-5,Female,4,1,3,2,1,0,1,1,ASHA_4842,0,0,4616,19,Mild
Wokha Rural,Nagaland,Nagaland_District_1,2023-03-24,2023-02-13 08:09:00,6-18,Female,5,5,3,3,3,2,1,2,ASHA_9529,4,6,2630,24,Mild
Barpeta Village,Assam,Assam_District_2,2023-04-15,2023-04-04 19:11:00,0-5,Male,10,0,5,6,5,1,1,4,ASHA_4941,2,3,4764,24,Moderate
Rangpo Rural,Sikkim,Sikkim_District_1,2023-09-27,2023-06-23 10:16:00,0-5,Male,10,4,0,5,3,0,0,3,ASHA_1845,4,2,1744,26,Moderate
Kolasib Rural,Mizoram,Mizoram_District_1,2023-05-31,2023-05-06 19:28:00,6-18,Female,3,6,4,2,2,1,2,2,ASHA_8521,1,1,3319,22,Mild
Barpeta Village,Assam,Assam_District_2,2023-11-06,2023-07-25 08:07:00,0-5,Male,11,11,12,6,8,5,5,7,ASHA_6362,0,7,4067,43,Mild
Jiribam Village,Manipur,Manipur_District_1,2023-03-09,2023-02-15 16:27:00,0-5,Male,1,0,7,2,1,1,4,0,ASHA_9652,3,4,2251,24,Mild
Jorethang Rural,Sikkim,Sikkim_District_1,2023-06-26,2023-04-25 17:43:00,19-60,Female,4,4,4,1,1,0,4,3,ASHA_1987,2,4,3487,20,Mild
Itanagar Rural,Arunachal Pradesh,Arunachal Pradesh_District_1,2023-05-22,2023-02-24 16:27:00,60+,Female,1,3,4,0,0,2,2,1,ASHA_5155,1,6,745,17,Mild
Kiphire Village,Nagaland,Nagaland_District_2,2023-05-04,2023-03-07 14:21:00,0-5,Female,4,1,6,3,4,3,1,2,ASHA_4022,0,1,2257,17,Mild
Senapati Rural,Manipur,Manipur_District_2,2023-07-29,2023-06-09 15:54:00,19-60,Male,6,2,3,4,4,1,1,4,ASHA_9925,0,1,3678,26,Moderate
Bishnupur Rural,Manipur,Manipur_District_2,2023-10-28,2023-07-30 14:01:00,0-5,Male,9,15,7,4,6,6,8,8,ASHA_7200,3,5,1689,46,Mild
Teliamura Rural,Tripura,Tripura_District_1,2023-07-20,2023-07-18 17:13:00,19-60,Female,3,7,8,1,4,7,3,3,ASHA_7266,3,3,2130,32,Mild
Jowai Rural,Meghalaya,Meghalaya_District_3,2023-08-08,2023-05-01 11:57:00,0-5,Female,0,4,1,0,1,2,3,2,ASHA_6372,2,5,3900,11,Mild
Williamnagar Village,Meghalaya,Meghalaya_District_2,2023-07-03,2023-04-11 07:47:00,0-5,Female,8,6,1,4,3,1,3,4,ASHA_6835,0,2,4104,26,Mild
Jowai Rural,Meghalaya,Meghalaya_District_3,2023-05-05,2023-02-02 19:03:00,0-5,Female,4,8,0,1,1,0,2,2,ASHA_3682,3,1,4952,20,Mild
Lawngtlai Village,Mizoram,Mizoram_District_1,2023-03-11,2023-01-19 18:09:00,19-60,Male,4,7,7,2,3,3,4,2,ASHA_6693,1,1,4302,34,Mild
Lunglei Village,Mizoram,Mizoram_District_2,2024-01-08,2023-11-23 16:19:00,0-5,Male,4,3,1,1,1,1,1,1,ASHA_4311,0,7,1287,17,Moderate
Tawang Rural,Arunachal Pradesh,Arunachal Pradesh_District_1,2023-07-15,2023-05-07 11:20:00,19-60,Female,4,4,1,2,2,1,1,2,ASHA_3430,3,7,2076,19,Mild
Belonia Rural,Tripura,Tripura_District_3,2023-07-01,2023-04-15 19:35:00,19-60,Female,2,3,2,3,2,1,0,1,ASHA_7586,0,4,606,18,Moderate
Kailashahar Village,Tripura,Tripura_District_1,2024-01-02,2023-09-13 09:56:00,6-18,Male,1,5,4,1,2,1,2,2,ASHA_3786,1,3,3127,26,Mild
Bomdila Rural,Arunachal Pradesh,Arunachal Pradesh_District_1,2023-04-18,2023-01-05 06:24:00,19-60,Female,2,2,5,3,2,2,4,2,ASHA_5670,2,5,3126,24,Moderate
Dharmanagar Rural,Tripura,Tripura_District_1,2023-04-20,2023-04-13 11:33:00,19-60,Male,4,5,1,2,2,2,3,2,ASHA_7777,4,2,3838,27,Moderate
Senapati Rural,Manipur,Manipur_District_1,2023-03-06,2023-02-15 07:53:00,0-5,Male,2,4,0,2,1,0,3,2,ASHA_3648,0,4,770,16,Mild
Wokha Rural,Nagaland,Nagaland_District_1,2023-08-27,2023-05-06 14:09:00,60+,Female,4,1,4,1,1,0,0,1,ASHA_1990,0,5,1451,26,Mild
Pasighat Rural,Arunachal Pradesh,Arunachal Pradesh_District_1,2023-12-17,2023-10-31 16:38:00,6-18,Female,0,4,0,0,1,1,1,1,ASHA_3860,4,5,3257,21,Mild
Hnahthial Village,Mizoram,Mizoram_District_1,2024-02-11,2023-12-03 09:14:00,19-60,Female,0,5,3,2,1,0,2,2,ASHA_5645,2,3,1496,20,Mild
Lawngtlai Village,Mizoram,Mizoram_District_3,2023-07-27,2023-07-20 06:52:00,6-18,Female,5,6,4,3,1,0,3,3,ASHA_6022,2,7,650,29,Mild
Pasighat Rural,Arunachal Pradesh,Arunachal Pradesh_District_1,2023-11-13,2023-10-31 16:38:00,6-18,Female,0,3,7,0,1,1,1,1,ASHA_3860,4,5,3257,28,Mild
Dibrugarh Rural,Assam,Assam_District_3,2023-03-10,2023-01-20 16:08:00,6-18,Female,2,2,5,2,3,1,2,2,ASHA_4676,0,0,2717,26,Moderate
Mangan Village,Sikkim,Sikkim_District_3,2023-07-24,2023-04-29 15:32:00,6-18,Female,0,3,5,2,1,1,2,0,ASHA_8050,4,7,1823,16,Mild
Jiribam Village,Manipur,Manipur_District_2,2023-04-15,2023-01-13 12:32:00,19-60,Male,5,6,8,1,2,1,2,2,ASHA_7256,3,2,1826,34,Moderate
Jowai Rural,Meghalaya,Meghalaya_District_1,2024-03-18,2023-12-02 19:32:00,60+,Male,7,1,0,5,3,1,2,2,ASHA_6781,3,5,2432,19,Moderate
Phek Rural,Nagaland,Nagaland_District_2,2023-09-16,2023-08-23 10:07:00,6-18,Male,7,1,2,5,4,2,0,3,ASHA_7830,2,7,863,16,Mild
Tezpur Village,Arunachal Pradesh,Arunachal Pradesh_District_3,2023-02-20,2023-01-26 09:22:00,6-18,Male,4,0,6,2,3,2,1,1,ASHA_4866,2,0,4678,19,Mild
Itanagar Rural,Arunachal Pradesh,Arunachal Pradesh_District_2,2023-12-10,2023-10-06 12:36:00,6-18,Male,8,7,2,4,3,0,4,4,ASHA_5046,4,2,2693,36,Moderate
Mokokchung Rural,Nagaland,Nagaland_District_3,2023-09-07,2023-07-03 10:16:00,0-5,Female,6,1,6,5,4,2,0,3,ASHA_3158,1,7,2084,32,Mild
Amarpur Village,Tripura,Tripura_District_3,2023-11-18,2023-11-13 16:53:00,60+,Male,7,2,4,2,3,2,1,2,ASHA_4450,1,3,1459,29,Moderate
Ukhrul Village,Manipur,Manipur_District_3,2023-04-24,2023-03-01 19:36:00,19-60,Male,6,6,5,1,1,2,2,1,ASHA_3228,0,5,1449,36,Mild
Khowai Village,Tripura,Tripura_District_3,2023-06-27,2023-03-12 09:54:00,6-18,Male,5,1,2,6,4,0,3,4,ASHA_3894,4,1,4739,21,Moderate
Saitual Rural,Mizoram,Mizoram_District_3,2023-02-06,2023-01-17 09:12:00,19-60,Male,2,5,1,0,1,1,3,1,ASHA_7516,4,5,1143,24,Mild
Agartala Rural,Tripura,Tripura_District_3,2024-03-25,2023-12-18 07:52:00,0-5,Male,3,8,1,4,2,1,2,2,ASHA_8840,4,1,2142,18,Moderate
Tuensang Village,Nagaland,Nagaland_District_1,2023-06-03,2023-04-10 19:47:00,19-60,Female,6,6,3,6,3,0,3,4,ASHA_5245,0,2,4930,23,Mild
Pakyong Village,Sikkim,Sikkim_District_2,2023-11-09,2023-09-07 12:01:00,0-5,Female,2,10,9,1,6,7,5,5,ASHA_1930,1,5,3650,27,Mild
Phek Rural,Nagaland,Nagaland_District_3,2023-10-27,2023-08-11 06:40:00,0-5,Female,3,9,6,1,1,2,6,4,ASHA_6679,4,7,2734,37,Mild
Amarpur Village,Tripura,Tripura_District_2,2023-04-28,2023-02-03 15:31:00,19-60,Female,3,2,2,2,1,0,2,2,ASHA_5150,1,1,1881,20,Mild
Pakyong Village,Sikkim,Sikkim_District_3,2023-12-30,2023-10-15 14:28:00,0-5,Male,2,3,3,5,1,0,1,2,ASHA_2756,4,1,2026,26,Moderate
Namchi Village,Sikkim,Sikkim_District_3,2023-04-14,2023-04-01 16:19:00,6-18,Female,2,1,0,1,1,0,1,1,ASHA_8126,4,3,2209,13,Mild
Agartala Rural,Tripura,Tripura_District_1,2023-04-08,2023-03-03 14:52:00,6-18,Female,8,4,0,4,4,1,4,4,ASHA_3056,2,2,4091,22,Moderate
Baghmara Rural,Meghalaya,Meghalaya_District_2,2023-04-19,2023-01-08 08:10:00,6-18,Male,0,5,2,0,1,0,2,2,ASHA_8813,1,4,1015,21,Mild
Baghmara Rural,Meghalaya,Meghalaya_District_1,2023-06-22,2023-06-17 16:36:00,6-18,Female,4,1,11,5,6,3,2,3,ASHA_4043,4,4,1924,29,Mild
Ukhrul Village,Manipur,Manipur_District_2,2023-07-19,2023-04-24 18:20:00,0-5,Female,13,3,8,4,5,2,0,3,ASHA_6110,3,7,2928,33,Mild
Wokha Rural,Nagaland,Nagaland_District_3,2024-02-14,2023-12-14 09:42:00,19-60,Female,2,5,4,1,3,2,3,3,ASHA_7791,3,5,762,20,Mild
Tuensang Village,Nagaland,Nagaland_District_3,2023-09-02,2023-08-18 07:21:00,6-18,Male,12,4,9,9,9,6,2,7,ASHA_6110,4,1,2765,37,Moderate
Ukhrul Village,Manipur,Manipur_District_2,2023-07-25,2023-07-10 07:20:00,19-60,Male,4,11,9,4,6,5,8,7,ASHA_3751,3,1,2974,29,Moderate
Tezpur Rural,Assam,Assam_District_1,2023-10-28,2023-07-03 13:26:00,6-18,Female,10,1,3,5,6,3,2,3,ASHA_1768,3,7,4058,21,Mild
Lunglei Village,Mizoram,Mizoram_District_2,2023-07-24,2023-07-20 07:23:00,19-60,Female,18,7,9,8,8,3,1,6,ASHA_8973,2,5,1000,38,Moderate
Senapati Rural,Manipur,Manipur_District_1,2023-07-11,2023-07-08 14:27:00,19-60,Female,12,9,1,7,4,1,4,7,ASHA_5445,1,7,3025,28,Mild
Phek Rural,Nagaland,Nagaland_District_2,2023-06-10,2023-06-08 08:42:00,6-18,Female,2,13,3,3,3,3,10,9,ASHA_6700,4,2,4474,25,Mild
Dimapur Village,Nagaland,Nagaland_District_2,2023-10-20,2023-08-06 15:25:00,0-5,Female,1,10,7,3,3,3,4,4,ASHA_1669,2,5,2021,23,Mild
Williamnagar Village,Meghalaya,Meghalaya_District_3,2024-03-10,2023-11-20 16:01:00,19-60,Female,3,3,5,1,1,0,1,1,ASHA_7195,0,2,3203,15,Mild
Mangan Village,Sikkim,Sikkim_District_2,2023-02-19,2023-01-29 19:42:00,6-18,Male,0,3,1,0,0,1,2,1,ASHA_5603,2,0,2164,21,Mild
Dimapur Village,Nagaland,Nagaland_District_2,2023-07-08,2023-04-04 18:24:00,6-18,Female,0,1,0,0,0,0,1,1,ASHA_5053,4,2,3927,7,Mild
Lunglei Village,Mizoram,Mizoram_District_1,2023-05-05,2023-02-08 09:11:00,0-5,Male,5,7,3,2,1,0,2,2,ASHA_5491,3,5,1681,27,Mild
Ziro Village,Arunachal Pradesh,Arunachal Pradesh_District_2,2023-07-09,2023-06-11 16:33:00,0-5,Male,15,2,0,10,8,1,1,7,ASHA_4058,0,6,3092,22,Mild
Tuensang Village,Nagaland,Nagaland_District_3,2023-04-02,2023-03-24 16:59:00,60+,Male,6,4,4,1,3,4,0,1,ASHA_7348,4,2,3127,33,Mild
Khowai Village,Tripura,Tripura_District_1,2024-02-15,2023-12-18 17:17:00,19-60,Male,9,6,7,4,4,3,2,4,ASHA_4205,3,4,2084,29,Mild
Guwahati Rural,Assam,Assam_District_3,2023-05-05,2023-04-25 07:28:00,0-5,Female,1,2,4,2,1,1,0,0,ASHA_7732,4,7,3619,22,Moderate
Aizawl Rural,Mizoram,Mizoram_District_1,2023-04-28,2023-04-14 11:24:00,6-18,Male,5,6,6,4,2,1,0,1,ASHA_3590,3,0,4897,31,Mild
Aizawl Rural,Mizoram,Mizoram_District_1,2023-12-02,2023-10-07 16:37:00,0-5,Female,2,5,3,3,2,0,1,2,ASHA_8024,4,5,2459,26,Mild
Silchar Village,Assam,Assam_District_3,2023-09-03,2023-05-28 14:07:00,6-18,Female,3,1,8,1,1,1,1,1,ASHA_6433,3,2,1112,26,Mild
Senapati Rural,Manipur,Manipur_District_3,2024-01-12,2023-09-15 16:09:00,0-5,Female,4,7,0,6,2,1,2,4,ASHA_3534,2,2,3216,23,Mild
Jiribam Village,Manipur,Manipur_District_2,2023-05-08,2023-02-22 08:38:00,0-5,Female,2,1,2,1,1,0,1,1,ASHA_4718,1,1,4479,21,Mild
Namchi Village,Sikkim,Sikkim_District_1,2023-12-29,2023-11-26 19:31:00,0-5,Male,2,5,0,1,0,0,3,2,ASHA_7845,1,6,2285,24,Moderate
Ziro Village,Arunachal Pradesh,Arunachal Pradesh_District_2,2023-12-24,2023-11-14 19:03:00,60+,Female,4,0,3,2,1,0,1,2,ASHA_4109,4,0,4570,17,Moderate
Champhai Rural,Mizoram,Mizoram_District_1,2023-08-20,2023-06-08 13:29:00,0-5,Female,7,4,3,5,4,1,2,5,ASHA_4164,3,3,2341,33,Mild
Roing Village,Arunachal Pradesh,Arunachal Pradesh_District_3,2023-05-05,2023-04-14 19:35:00,19-60,Male,4,4,6,1,1,1,1,1,ASHA_9561,1,0,4555,33,Severe
Jiribam Village,Manipur,Manipur_District_1,2024-02-08,2023-12-08 11:44:00,19-60,Male,3,4,0,6,1,0,1,2,ASHA_7628,4,7,4207,22,Severe
Shillong Rural,Meghalaya,Meghalaya_District_2,2023-10-06,2023-07-06 07:22:00,0-5,Female,18,4,4,9,7,1,6,9,ASHA_9018,1,4,859,44,Moderate
Jorethang Rural,Sikkim,Sikkim_District_3,2024-02-20,2023-11-11 08:00:00,6-18,Male,4,5,3,6,3,1,5,4,ASHA_8382,2,1,1986,17,Moderate
Thoubal Village,Manipur,Manipur_District_3,2023-02-01,2023-01-24 15:45:00,60+,Male,7,1,4,3,2,1,0,1,ASHA_9185,0,1,2617,24,Mild
Bomdila Rural,Arunachal Pradesh,Arunachal Pradesh_District_3,2023-05-02,2023-03-28 11:07:00,19-60,Male,0,6,4,1,1,2,1,1,ASHA_3106,1,0,2323,24,Mild
Tuensang Village,Nagaland,Nagaland_District_1,2023-08-05,2023-07-05 19:00:00,0-5,Female,11,5,6,7,7,3,3,6,ASHA_1759,2,2,4272,40,Moderate
Shillong Rural,Meghalaya,Meghalaya_District_2,2024-02-04,2023-11-29 12:46:00,0-5,Female,1,4,2,0,0,0,4,2,ASHA_9135,4,7,948,12,Mild
Itanagar Rural,Arunachal Pradesh,Arunachal Pradesh_District_1,2023-11-06,2023-10-14 07:50:00,6-18,Male,4,4,1,3,1,0,1,2,ASHA_1629,3,0,3626,25,Mild
Ukhrul Village,Manipur,Manipur_District_2,2023-08-16,2023-04-24 18:20:00,0-5,Female,9,0,3,4,5,2,0,3,ASHA_6110,3,7,2928,17,Mild
Tura Village,Meghalaya,Meghalaya_District_2,2023-12-28,2023-09-09 14:27:00,19-60,Male,12,11,3,5,4,1,6,6,ASHA_1447,2,2,4212,35,Mild
Mokokchung Rural,Nagaland,Nagaland_District_1,2023-04-16,2023-03-07 08:40:00,6-18,Female,10,1,4,4,7,6,1,3,ASHA_3633,3,0,4582,30,Severe
Dharmanagar Rural,Tripura,Tripura_District_3,2023-05-28,2023-04-09 10:13:00,6-18,Male,4,5,5,3,3,1,3,3,ASHA_2828,1,0,4618,22,Moderate
Pakyong Village,Sikkim,Sikkim_District_1,2023-03-23,2023-01-29 11:10:00,6-18,Male,2,4,0,1,0,0,1,1,ASHA_9488,2,5,3381,23,Mild
Gangtok Rural,Sikkim,Sikkim_District_2,2023-03-06,2023-02-28 12:39:00,0-5,Male,5,3,2,5,3,0,3,3,ASHA_4759,1,3,3614,28,Mild
Namchi Village,Sikkim,Sikkim_District_1,2023-06-23,2023-03-09 12:06:00,19-60,Male,4,2,4,3,3,0,2,3,ASHA_9789,3,6,4126,16,Moderate
Jorethang Rural,Sikkim,Sikkim_District_2,2023-07-01,2023-03-30 09:44:00,6-18,Female,0,3,3,0,0,0,1,1,ASHA_7030,0,4,532,14,Mild
Saitual Rural,Mizoram,Mizoram_District_2,2023-04-09,2023-02-28 15:13:00,6-18,Female,1,1,0,2,0,0,2,1,ASHA_1324,4,7,4188,7,Mild
Naharlagun Village,Arunachal Pradesh,Arunachal Pradesh_District_2,2023-08-13,2023-06-08 07:55:00,6-18,Male,9,4,9,5,7,5,4,5,ASHA_2022,3,1,1768,37,Moderate
Thoubal Village,Manipur,Manipur_District_1,2024-01-14,2023-11-29 13:11:00,19-60,Female,0,5,2,4,1,0,1,2,ASHA_9652,2,4,795,25,Mild
Kohima Rural,Nagaland,Nagaland_District_3,2023-02-05,2023-01-08 07:27:00,19-60,Female,2,5,2,2,1,1,4,2,ASHA_6352,2,7,1540,22,Mild
Nagaon Rural,Assam,Assam_District_2,2023-11-18,2023-10-12 07:47:00,6-18,Female,8,0,5,2,2,1,1,1,ASHA_3602,4,4,4711,19,Severe
Bishnupur Rural,Manipur,Manipur_District_3,2023-03-27,2023-03-14 12:19:00,6-18,Female,5,0,2,0,1,2,1,0,ASHA_5849,0,3,4803,13,Severe
Dharmanagar Rural,Tripura,Tripura_District_3,2023-07-21,2023-04-15 16:51:00,0-5,Female,6,4,1,6,4,3,2,4,ASHA_7467,2,2,2183,15,Mild
Ukhrul Village,Manipur,Manipur_District_3,2023-12-23,2023-10-06 16:28:00,0-5,Male,1,6,3,2,1,0,0,1,ASHA_5100,3,3,1340,21,Mild
Ziro Village,Arunachal Pradesh,Arunachal Pradesh_District_1,2024-01-29,2023-10-10 08:38:00,19-60,Female,6,6,1,2,2,0,1,2,ASHA_2043,4,3,4670,28,Mild
Tamenglong Rural,Manipur,Manipur_District_2,2023-05-05,2023-05-04 10:30:00,0-5,Female,0,3,1,3,3,5,2,2,ASHA_6403,4,7,620,10,Mild
Namchi Village,Sikkim,Sikkim_District_2,2023-12-15,2023-09-30 15:36:00,6-18,Male,6,4,3,1,2,3,3,2,ASHA_9120,1,3,2275,30,Mild
Lawngtlai Village,Mizoram,Mizoram_District_3,2023-03-13,2023-01-05 09:55:00,19-60,Male,9,0,7,6,6,3,0,4,ASHA_7359,3,4,4725,24,Moderate
Teliamura Rural,Tripura,Tripura_District_3,2023-11-14,2023-08-31 10:27:00,6-18,Male,9,2,5,5,6,5,2,3,ASHA_5628,1,3,3538,28,Moderate
Ukhrul Village,Manipur,Manipur_District_2,2023-10-18,2023-06-22 16:58:00,19-60,Male,0,6,10,1,3,3,5,3,ASHA_6208,1,3,4382,30,Mild
Hnahthial Village,Mizoram,Mizoram_District_3,2023-12-07,2023-10-21 07:09:00,0-5,Female,8,3,2,3,3,2,2,2,ASHA_6811,0,0,3363,25,Mild
Kiphire Village,Nagaland,Nagaland_District_2,2023-11-08,2023-10-22 16:28:00,0-5,Female,3,2,2,2,1,0,1,1,ASHA_4842,0,0,4616,18,Mild
Khliehriat Village,Meghalaya,Meghalaya_District_1,2023-02-22,2023-02-20 14:49:00,0-5,Male,3,3,1,3,2,2,2,1,ASHA_5027,3,5,2441,16,Mild
Mangan Village,Sikkim,Sikkim_District_1,2023-11-14,2023-09-16 06:27:00,19-60,Male,9,3,5,9,8,5,1,6,ASHA_3398,2,4,3592,27,Severe
Tezpur Village,Arunachal Pradesh,Arunachal Pradesh_District_1,2023-12-23,2023-12-02 07:29:00,0-5,Female,4,4,3,2,2,1,6,2,ASHA_2449,4,6,1009,18,Mild
Namchi Village,Sikkim,Sikkim_District_1,2023-03-11,2023-02-22 16:51:00,6-18,Female,7,1,1,4,4,2,2,2,ASHA_2421,0,4,4752,17,Mild
Hnahthial Village,Mizoram,Mizoram_District_2,2023-06-17,2023-05-30 18:07:00,0-5,Male,7,0,10,3,3,2,1,1,ASHA_4131,0,6,3060,33,Mild
Baghmara Rural,Meghalaya,Meghalaya_District_1,2023-10-02,2023-08-30 13:22:00,6-18,Female,3,7,8,0,3,5,3,2,ASHA_8589,3,2,841,36,Moderate
Nagaon Rural,Assam,Assam_District_3,2023-04-09,2023-03-26 10:34:00,6-18,Female,1,3,0,1,0,1,1,1,ASHA_2570,3,0,2127,21,Mild
Udaipur Village,Tripura,Tripura_District_1,2023-03-28,2023-01-29 07:24:00,6-18,Female,2,2,6,6,3,2,2,2,ASHA_5588,2,1,3433,19,Mild
Jiribam Village,Manipur,Manipur_District_3,2023-12-19,2023-10-02 07:31:00,6-18,Male,0,2,6,3,1,1,3,2,ASHA_3166,4,0,1899,17,Mild
Jorhat Village,Assam,Assam_District_1,2023-08-02,2023-06-28 06:46:00,19-60,Male,17,0,6,9,7,1,1,5,ASHA_2143,4,4,4615,27,Mild
Amarpur Village,Tripura,Tripura_District_3,2023-11-13,2023-10-27 16:35:00,60+,Male,1,4,1,0,1,1,1,1,ASHA_1387,1,7,4753,14,Severe
Itanagar Rural,Arunachal Pradesh,Arunachal Pradesh_District_3,2023-06-26,2023-04-18 07:39:00,6-18,Female,5,5,1,2,0,0,0,1,ASHA_5754,2,6,1089,24,Mild
Champhai Rural,Mizoram,Mizoram_District_2,2023-05-27,2023-05-16 11:42:00,6-18,Male,5,4,0,3,3,4,3,2,ASHA_9152,3,3,2772,17,Mild
Tezpur Rural,Assam,Assam_District_1,2023-05-16,2023-02-17 06:55:00,6-18,Female,2,2,3,1,0,4,1,1,ASHA_4041,3,1,2131,22,Mild
Khliehriat Village,Meghalaya,Meghalaya_District_1,2023-05-27,2023-04-11 08:54:00,19-60,Male,7,3,0,5,3,0,0,3,ASHA_8433,3,3,3933,14,Mild
Wokha Rural,Nagaland,Nagaland_District_2,2023-09-07,2023-07-20 09:55:00,19-60,Female,2,1,11,1,6,9,5,1,ASHA_5780,0,7,4525,24,Mild
Kiphire Village,Nagaland,Nagaland_District_3,2023-05-20,2023-04-20 17:37:00,60+,Male,4,5,3,3,3,1,0,2,ASHA_1168,4,7,2949,20,Mild
Guwahati Rural,Assam,Assam_District_3,2023-10-30,2023-09-26 13:42:00,0-5,Female,3,12,7,3,3,3,6,5,ASHA_7090,1,2,3304,33,Mild
Mangan Village,Sikkim,Sikkim_District_1,2023-02-22,2023-02-04 08:30:00,0-5,Male,5,1,5,1,3,5,0,1,ASHA_9501,0,3,2267,15,Mild
Barpeta Village,Assam,Assam_District_1,2024-01-21,2023-11-15 18:24:00,0-5,Female,4,3,4,3,1,0,1,2,ASHA_7048,2,0,645,21,Mild
Resubelpara Rural,Meghalaya,Meghalaya_District_1,2023-12-15,2023-11-27 10:33:00,6-18,Male,2,1,4,1,1,2,1,1,ASHA_9469,0,0,2597,23,Mild
Pasighat Rural,Arunachal Pradesh,Arunachal Pradesh_District_3,2023-04-14,2023-01-23 06:00:00,19-60,Female,5,6,3,4,1,0,1,2,ASHA_3979,1,2,4704,31,Moderate
Belonia Rural,Tripura,Tripura_District_2,2023-08-13,2023-07-13 09:36:00,19-60,Male,6,1,4,5,4,4,0,2,ASHA_9571,1,3,3584,19,Mild
Bishnupur Rural,Manipur,Manipur_District_3,2023-08-25,2023-06-18 18:42:00,0-5,Female,6,5,6,3,3,3,4,4,ASHA_6210,4,7,834,27,Mild
Nongpoh Village,Meghalaya,Meghalaya_District_1,2024-01-28,2023-11-25 12:48:00,0-5,Female,1,2,1,1,1,1,2,0,ASHA_3782,2,5,3363,19,Severe
Pasighat Rural,Arunachal Pradesh,Arunachal Pradesh_District_2,2024-03-02,2023-12-17 13:24:00,6-18,Female,5,3,6,6,3,1,2,4,ASHA_1813,4,3,3269,25,Mild
Serchhip Village,Mizoram,Mizoram_District_3,2023-11-27,2023-08-28 10:40:00,19-60,Male,13,12,11,7,6,3,5,7,ASHA_3744,4,1,1399,48,Severe
Jowai Rural,Meghalaya,Meghalaya_District_1,2023-03-25,2023-01-17 06:35:00,19-60,Male,8,3,5,3,3,1,0,2,ASHA_2461,0,0,4713,25,Mild
Lunglei Village,Mizoram,Mizoram_District_3,2023-08-01,2023-04-21 15:36:00,6-18,Female,8,0,9,4,4,3,1,2,ASHA_7227,4,6,2309,34,Mild
Tawang Rural,Arunachal Pradesh,Arunachal Pradesh_District_2,2023-02-07,2023-01-07 17:50:00,60+,Male,4,5,0,2,1,0,2,3,ASHA_5203,4,3,4590,23,Mild
Tuensang Village,Nagaland,Nagaland_District_3,2023-12-15,2023-09-16 09:52:00,0-5,Female,7,8,1,4,3,0,5,6,ASHA_3661,0,6,4655,35,Moderate
Gangtok Rural,Sikkim,Sikkim_District_3,2023-12-12,2023-11-01 13:10:00,19-60,Male,7,2,3,2,1,0,1,2,ASHA_2449,3,4,3456,28,Mild
Bomdila Rural,Arunachal Pradesh,Arunachal Pradesh_District_1,2023-04-01,2023-01-16 17:04:00,0-5,Female,2,4,8,0,3,5,2,1,ASHA_3567,4,6,3711,23,Mild
Serchhip Village,Mizoram,Mizoram_District_3,2023-06-04,2023-04-06 07:25:00,19-60,Male,3,2,0,3,2,0,1,1,ASHA_4237,4,1,998,14,Mild
Kohima Rural,Nagaland,Nagaland_District_1,2024-03-10,2023-11-22 07:58:00,19-60,Female,7,5,2,1,1,0,0,1,ASHA_2016,0,2,1419,19,Moderate
Aizawl Rural,Mizoram,Mizoram_District_2,2023-06-06,2023-05-04 11:49:00,0-5,Female,2,1,0,0,2,2,2,1,ASHA_4646,3,0,916,16,Moderate
Resubelpara Rural,Meghalaya,Meghalaya_District_1,2023-05-20,2023-03-19 10:03:00,0-5,Male,9,2,4,3,3,1,4,2,ASHA_9098,1,1,2946,30,Mild
Aizawl Rural,Mizoram,Mizoram_District_2,2023-06-02,2023-05-13 11:20:00,0-5,Female,0,4,0,1,3,2,1,2,ASHA_2664,2,6,3572,13,Mild
Baghmara Rural,Meghalaya,Meghalaya_District_1,2023-04-19,2023-02-02 13:29:00,0-5,Male,6,2,6,2,3,1,4,1,ASHA_3135,0,3,3613,18,Moderate
Tawang Rural,Arunachal Pradesh,Arunachal Pradesh_District_2,2023-06-23,2023-06-18 10:58:00,6-18,Male,16,6,5,8,7,1,3,7,ASHA_6338,1,5,3474,44,Mild
Teliamura Rural,Tripura,Tripura_District_3,2024-01-22,2023-12-04 07:13:00,0-5,Female,4,9,4,3,4,5,1,2,ASHA_9252,2,3,3834,24,Moderate
Mangan Village,Sikkim,Sikkim_District_3,2023-05-11,2023-05-09 08:37:00,6-18,Female,3,4,2,1,1,0,0,1,ASHA_2641,2,5,4337,22,Moderate
Bomdila Rural,Arunachal Pradesh,Arunachal Pradesh_District_3,2023-04-14,2023-03-06 19:27:00,6-18,Male,0,10,2,0,1,0,4,3,ASHA_4517,2,3,3341,16,Moderate
Kiphire Village,Nagaland,Nagaland_District_2,2023-05-13,2023-03-16 13:39:00,19-60,Male,4,6,7,3,3,3,5,2,ASHA_1012,4,0,3723,22,Moderate
Kolasib Rural,Mizoram,Mizoram_District_3,2023-09-04,2023-07-26 13:49:00,19-60,Female,8,0,7,4,7,5,1,3,ASHA_9933,1,1,955,33,Moderate
Silchar Village,Assam,Assam_District_1,2023-05-27,2023-04-11 11:59:00,0-5,Female,5,1,3,3,3,2,0,2,ASHA_5261,0,3,3692,23,Moderate
Churachandpur Village,Manipur,Manipur_District_1,2023-09-06,2023-08-19 09:43:00,0-5,Male,9,8,6,7,8,5,3,6,ASHA_1310,4,4,4184,27,Mild
Thoubal Village,Manipur,Manipur_District_3,2023-04-20,2023-01-24 15:45:00,60+,Male,6,3,0,3,2,1,0,1,ASHA_9185,0,1,2617,14,Mild
Hnahthial Village,Mizoram,Mizoram_District_1,2023-05-12,2023-02-06 07:15:00,0-5,Female,7,2,2,4,2,0,0,1,ASHA_8633,3,7,2082,22,Mild
Bomdila Rural,Arunachal Pradesh,Arunachal Pradesh_District_3,2023-04-02,2023-02-06 19:24:00,6-18,Male,1,2,4,1,1,2,2,0,ASHA_8281,1,0,4516,21,Moderate
Serchhip Village,Mizoram,Mizoram_District_1,2023-07-21,2023-07-14 09:00:00,0-5,Female,3,2,8,5,6,6,1,3,ASHA_6913,3,6,1908,23,Severe
Kohima Rural,Nagaland,Nagaland_District_1,2023-04-07,2023-03-30 13:49:00,19-60,Male,11,7,1,4,4,1,3,5,ASHA_1148,2,1,4167,36,Moderate
Serchhip Village,Mizoram,Mizoram_District_2,2023-04-14,2023-01-23 17:43:00,0-5,Female,4,2,9,3,3,3,1,1,ASHA_1446,3,2,3377,29,Mild
Rangpo Rural,Sikkim,Sikkim_District_1,2023-07-06,2023-03-17 17:18:00,19-60,Male,0,6,1,0,0,0,3,2,ASHA_3556,0,5,3321,20,Mild
Dibrugarh Rural,Assam,Assam_District_2,2023-11-11,2023-07-31 11:11:00,0-5,Male,0,4,10,2,4,5,3,3,ASHA_6109,2,6,2252,22,Mild
Baghmara Rural,Meghalaya,Meghalaya_District_2,2023-05-22,2023-04-03 12:06:00,19-60,Male,5,5,1,3,2,1,2,3,ASHA_3403,0,5,2129,25,Moderate
Jowai Rural,Meghalaya,Meghalaya_District_3,2024-01-19,2023-11-20 07:15:00,19-60,Female,0,2,4,2,1,1,4,2,ASHA_9394,2,2,2943,23,Severe
Lawngtlai Village,Mizoram,Mizoram_District_3,2023-02-16,2023-01-27 12:13:00,0-5,Female,1,4,2,0,0,1,1,1,ASHA_5875,2,2,1971,11,Mild
Rangpo Rural,Sikkim,Sikkim_District_3,2023-11-30,2023-11-21 15:51:00,6-18,Male,5,3,7,1,4,7,2,2,ASHA_9183,4,3,2211,30,Mild
Gyalshing Rural,Sikkim,Sikkim_District_2,2023-08-29,2023-05-29 07:52:00,19-60,Male,5,5,2,5,3,6,0,3,ASHA_7844,3,5,579,30,Moderate
Kohima Rural,Nagaland,Nagaland_District_1,2023-07-31,2023-06-10 16:38:00,6-18,Male,7,5,0,4,2,0,3,4,ASHA_9298,3,0,3601,22,Mild
Khliehriat Village,Meghalaya,Meghalaya_District_3,2023-05-14,2023-03-15 12:47:00,0-5,Male,4,8,0,3,3,0,6,5,ASHA_7193,0,0,1212,28,Moderate
Lunglei Village,Mizoram,Mizoram_District_3,2023-12-19,2023-11-08 06:27:00,6-18,Male,4,3,3,2,3,2,1,2,ASHA_1851,3,5,2865,19,Moderate
Dimapur Village,Nagaland,Nagaland_District_3,2023-07-27,2023-06-19 17:00:00,19-60,Male,18,4,1,12,6,1,2,7,ASHA_8422,4,0,1109,30,Mild
Khliehriat Village,Meghalaya,Meghalaya_District_2,2023-05-08,2023-01-10 19:17:00,60+,Male,1,2,4,0,1,1,0,1,ASHA_6539,0,5,4030,24,Moderate
Dharmanagar Rural,Tripura,Tripura_District_2,2023-11-30,2023-08-24 09:39:00,0-5,Female,15,3,6,9,8,3,1,6,ASHA_1750,2,7,1816,32,Mild
Jowai Rural,Meghalaya,Meghalaya_District_1,2023-08-31,2023-06-09 19:44:00,0-5,Female,3,3,10,5,6,5,1,3,ASHA_4286,2,3,2775,32,Mild
Guwahati Rural,Assam,Assam_District_1,2023-04-29,2023-03-13 17:19:00,19-60,Female,5,1,0,1,0,0,3,1,ASHA_3779,2,0,2941,15,Mild
Tura Village,Meghalaya,Meghalaya_District_2,2023-06-11,2023-03-17 06:49:00,0-5,Female,1,4,6,1,3,4,1,1,ASHA_7704,1,5,1468,21,Moderate
Khliehriat Village,Meghalaya,Meghalaya_District_2,2023-10-10,2023-08-30 15:27:00,60+,Female,5,0,0,2,1,2,0,1,ASHA_9275,3,7,1160,19,Mild
Tawang Rural,Arunachal Pradesh,Arunachal Pradesh_District_2,2023-09-23,2023-07-23 15:20:00,6-18,Male,6,10,7,5,4,3,5,5,ASHA_3238,3,3,2886,32,Mild
Bomdila Rural,Arunachal Pradesh,Arunachal Pradesh_District_2,2023-09-13,2023-08-26 12:23:00,60+,Female,2,4,1,0,2,3,2,1,ASHA_1236,0,6,4296,23,Moderate
Tura Village,Meghalaya,Meghalaya_District_3,2023-10-27,2023-08-03 13:40:00,6-18,Male,11,0,10,8,7,5,1,3,ASHA_7993,3,4,668,25,Mild
Shillong Rural,Meghalaya,Meghalaya_District_2,2023-06-15,2023-06-07 12:12:00,0-5,Male,2,2,0,2,2,1,1,1,ASHA_9803,3,2,3762,8,Moderate
Agartala Rural,Tripura,Tripura_District_1,2023-07-03,2023-04-08 16:12:00,19-60,Male,13,0,3,7,6,1,0,4,ASHA_9667,1,0,4202,21,Mild
Udaipur Village,Tripura,Tripura_District_3,2023-07-27,2023-05-16 17:02:00,19-60,Male,3,3,5,2,3,1,0,2,ASHA_8601,1,0,3239,19,Moderate
Kolasib Rural,Mizoram,Mizoram_District_3,2023-11-09,2023-11-01 10:46:00,6-18,Male,6,2,3,4,2,0,2,2,ASHA_3252,2,0,2582,15,Mild
Churachandpur Village,Manipur,Manipur_District_1,2023-03-18,2023-01-16 14:36:00,6-18,Female,5,6,0,3,2,0,2,4,ASHA_4363,4,3,700,21,Moderate
Nongpoh Village,Meghalaya,Meghalaya_District_1,2023-10-20,2023-09-23 14:17:00,0-5,Male,4,1,2,1,2,1,1,2,ASHA_9376,4,7,4092,11,Mild
Jorhat Village,Assam,Assam_District_1,2023-08-24,2023-06-28 06:46:00,19-60,Male,14,1,1,9,7,1,1,5,ASHA_2143,4,4,4615,32,Mild
Bomdila Rural,Arunachal Pradesh,Arunachal Pradesh_District_3,2023-01-06,2023-01-04 14:22:00,60+,Male,7,3,0,4,4,0,0,3,ASHA_2906,3,7,3447,16,Moderate
Barpeta Village,Assam,Assam_District_3,2023-06-25,2023-03-31 10:33:00,19-60,Male,0,2,6,0,3,4,3,2,ASHA_5279,2,0,1187,27,Mild
Pakyong Village,Sikkim,Sikkim_District_1,2023-06-28,2023-04-28 13:45:00,0-5,Female,5,1,2,2,1,0,0,2,ASHA_7538,0,1,4838,25,Moderate
Senapati Rural,Manipur,Manipur_District_1,2023-11-24,2023-10-11 07:37:00,19-60,Male,5,4,3,2,2,2,2,2,ASHA_4338,0,5,2474,27,Moderate
Tuensang Village,Nagaland,Nagaland_District_1,2023-07-24,2023-04-10 19:47:00,19-60,Female,7,6,4,6,3,0,3,4,ASHA_5245,0,2,4930,33,Mild
Roing Village,Arunachal Pradesh,Arunachal Pradesh_District_1,2023-09-19,2023-07-04 10:33:00,19-60,Female,9,0,4,4,4,1,0,3,ASHA_1258,4,3,4442,29,Mild
Tuensang Village,Nagaland,Nagaland_District_3,2023-12-17,2023-10-05 09:14:00,0-5,Female,4,9,3,2,2,1,2,2,ASHA_3908,2,5,1802,33,Moderate
Khowai Village,Tripura,Tripura_District_3,2023-07-21,2023-07-03 12:25:00,6-18,Male,8,6,1,6,6,2,3,6,ASHA_5881,0,5,2883,27,Mild
Hnahthial Village,Mizoram,Mizoram_District_3,2023-06-26,2023-04-27 06:40:00,19-60,Male,4,6,0,3,1,3,4,3,ASHA_3562,4,5,2230,23,Mild
Resubelpara Rural,Meghalaya,Meghalaya_District_2,2024-01-03,2023-10-11 08:48:00,19-60,Female,2,1,0,2,1,0,1,1,ASHA_6066,4,3,2057,14,Moderate
Nongpoh Village,Meghalaya,Meghalaya_District_2,2023-04-27,2023-01-06 13:18:00,19-60,Female,7,0,2,1,1,1,1,1,ASHA_9477,3,0,2661,22,Moderate
Singtam Village,Sikkim,Sikkim_District_3,2023-07-15,2023-05-04 12:02:00,0-5,Male,8,5,2,3,3,0,4,3,ASHA_7775,1,0,2209,25,Mild
Jowai Rural,Meghalaya,Meghalaya_District_3,2023-07-08,2023-06-17 16:08:00,19-60,Female,12,6,3,9,7,1,6,8,ASHA_9426,2,3,1435,26,Mild
Khliehriat Village,Meghalaya,Meghalaya_District_2,2023-04-01,2023-01-10 19:17:00,60+,Male,4,3,9,0,1,1,0,1,ASHA_6539,0,5,4030,34,Moderate
Kohima Rural,Nagaland,Nagaland_District_1,2023-04-16,2023-04-07 09:24:00,6-18,Male,2,6,0,4,3,0,3,4,ASHA_2688,4,7,547,23,Mild
Tezpur Rural,Assam,Assam_District_1,2023-07-10,2023-06-02 18:32:00,0-5,Female,0,1,5,1,3,4,0,1,ASHA_2275,1,5,2840,21,Moderate
Lunglei Village,Mizoram,Mizoram_District_1,2023-09-13,2023-05-26 16:43:00,19-60,Male,3,1,0,3,1,0,3,1,ASHA_1105,0,0,3991,12,Mild
Tezpur Village,Arunachal Pradesh,Arunachal Pradesh_District_1,2024-03-02,2023-11-27 12:49:00,19-60,Male,2,5,5,2,4,3,1,2,ASHA_6563,0,1,2940,28,Moderate
Amarpur Village,Tripura,Tripura_District_3,2023-06-01,2023-02-13 08:02:00,60+,Female,5,0,1,3,3,0,0,2,ASHA_9414,2,0,2385,18,Severe
Phek Rural,Nagaland,Nagaland_District_3,2023-07-09,2023-05-28 18:52:00,60+,Male,4,9,5,1,2,1,3,2,ASHA_8728,3,0,1329,23,Mild
Baghmara Rural,Meghalaya,Meghalaya_District_1,2024-03-09,2023-12-18 11:16:00,0-5,Male,7,9,0,5,2,0,4,3,ASHA_7797,0,7,1034,35,Moderate
Aizawl Rural,Mizoram,Mizoram_District_1,2023-10-31,2023-08-08 16:37:00,0-5,Male,6,7,1,4,3,1,1,4,ASHA_6860,4,3,1683,33,Moderate
Mokokchung Rural,Nagaland,Nagaland_District_2,2023-06-27,2023-05-28 14:48:00,0-5,Female,4,6,2,2,2,2,1,2,ASHA_8659,2,1,920,29,Moderate
Mokokchung Rural,Nagaland,Nagaland_District_1,2023-10-17,2023-06-26 08:42:00,0-5,Female,6,1,6,3,6,5,0,2,ASHA_7283,3,3,2736,24,Mild
Kiphire Village,Nagaland,Nagaland_District_3,2024-03-03,2023-11-08 14:41:00,0-5,Female,3,6,1,0,1,1,1,1,ASHA_2377,0,7,804,17,Mild
Resubelpara Rural,Meghalaya,Meghalaya_District_2,2023-04-14,2023-03-31 09:58:00,0-5,Female,2,2,3,1,2,1,1,1,ASHA_3161,1,2,4316,11,Moderate
Kolasib Rural,Mizoram,Mizoram_District_3,2023-10-26,2023-07-26 13:49:00,19-60,Female,10,0,8,4,7,5,1,3,ASHA_9933,1,1,955,33,Moderate
Nongpoh Village,Meghalaya,Meghalaya_District_1,2023-12-06,2023-10-13 09:04:00,19-60,Female,9,6,6,5,6,2,1,4,ASHA_3899,4,4,3090,39,Severe
Kiphire Village,Nagaland,Nagaland_District_1,2023-04-05,2023-01-14 06:52:00,0-5,Male,10,5,4,3,4,2,0,2,ASHA_8851,2,0,1227,24,Mild
Jowai Rural,Meghalaya,Meghalaya_District_1,2023-09-08,2023-07-04 08:09:00,0-5,Female,9,3,0,6,4,2,2,5,ASHA_1029,1,7,1029,26,Mild
Khliehriat Village,Meghalaya,Meghalaya_District_1,2023-06-11,2023-05-15 19:55:00,0-5,Female,7,1,0,5,3,0,2,3,ASHA_8426,2,6,3661,12,Mild
Shillong Rural,Meghalaya,Meghalaya_District_3,2023-02-27,2023-02-15 07:02:00,6-18,Male,3,2,3,2,1,0,2,2,ASHA_3963,1,6,746,24,Moderate
Agartala Rural,Tripura,Tripura_District_3,2023-11-19,2023-09-18 17:12:00,0-5,Male,5,0,7,5,6,9,1,3,ASHA_4391,1,4,1928,16,Mild
Dharmanagar Rural,Tripura,Tripura_District_3,2023-06-27,2023-03-19 17:33:00,6-18,Male,7,4,5,3,3,1,1,2,ASHA_8141,4,1,635,35,Moderate
Ziro Village,Arunachal Pradesh,Arunachal Pradesh_District_1,2023-09-10,2023-06-04 12:04:00,0-5,Male,11,0,6,8,7,1,3,6,ASHA_7619,4,4,4536,23,Mild
Jowai Rural,Meghalaya,Meghalaya_District_1,2023-08-21,2023-07-19 11:08:00,6-18,Female,0,7,6,1,3,3,3,3,ASHA_4039,3,3,3678,23,Moderate
Guwahati Rural,Assam,Assam_District_2,2024-02-02,2023-10-22 14:14:00,6-18,Male,0,6,1,0,1,1,4,3,ASHA_9742,0,0,3146,22,Mild
Hnahthial Village,Mizoram,Mizoram_District_2,2023-07-12,2023-05-30 18:07:00,0-5,Male,6,0,4,3,3,2,1,1,ASHA_4131,0,6,3060,27,Mild
Khowai Village,Tripura,Tripura_District_2,2023-11-26,2023-09-20 14:59:00,60+,Male,12,4,4,8,6,1,1,5,ASHA_3542,4,1,2915,29,Mild
Imphal Rural,Manipur,Manipur_District_3,2023-07-21,2023-06-12 10:47:00,0-5,Male,10,8,8,3,6,5,5,5,ASHA_2713,3,2,1232,45,Mild
Amarpur Village,Tripura,Tripura_District_1,2023-11-16,2023-09-14 14:31:00,60+,Female,1,7,7,1,3,6,2,2,ASHA_2318,2,2,3026,19,Mild
Khowai Village,Tripura,Tripura_District_2,2024-01-22,2023-11-20 07:25:00,60+,Male,3,1,4,4,3,4,1,3,ASHA_5152,0,3,501,19,Mild
Tezpur Rural,Assam,Assam_District_3,2023-10-20,2023-07-28 14:28:00,0-5,Male,7,9,4,7,4,1,5,7,ASHA_7420,4,3,3600,39,Mild
Hnahthial Village,Mizoram,Mizoram_District_3,2023-06-23,2023-04-27 06:40:00,19-60,Male,5,0,0,3,1,3,4,3,ASHA_3562,4,5,2230,13,Mild
Tamenglong Rural,Manipur,Manipur_District_2,2024-01-21,2023-11-19 18:04:00,6-18,Male,3,0,1,4,4,3,1,2,ASHA_8097,1,3,3102,16,Moderate
Namchi Village,Sikkim,Sikkim_District_2,2023-12-17,2023-09-30 15:36:00,6-18,Male,7,7,5,1,2,3,3,2,ASHA_9120,1,3,2275,30,Mild
Champhai Rural,Mizoram,Mizoram_District_2,2023-08-19,2023-06-30 18:11:00,0-5,Female,5,10,2,1,1,2,2,2,ASHA_7677,2,1,1869,27,Mild
Tezpur Rural,Assam,Assam_District_1,2023-09-04,2023-07-03 13:26:00,6-18,Female,8,1,6,5,6,3,2,3,ASHA_1768,3,7,4058,31,Mild
Belonia Rural,Tripura,Tripura_District_3,2023-10-23,2023-10-12 08:08:00,6-18,Male,2,3,1,0,0,0,5,2,ASHA_5953,3,1,2350,18,Moderate
Shillong Rural,Meghalaya,Meghalaya_District_3,2023-10-22,2023-07-10 08:10:00,19-60,Male,9,0,8,9,9,8,0,4,ASHA_7353,2,1,2001,32,Mild
Karimganj Village,Assam,Assam_District_3,2023-12-16,2023-12-01 19:42:00,19-60,Male,9,4,1,5,2,1,0,2,ASHA_2915,0,3,1815,26,Moderate
Shillong Rural,Meghalaya,Meghalaya_District_2,2023-06-19,2023-03-07 11:34:00,0-5,Male,4,4,6,2,3,2,4,2,ASHA_8526,2,6,3064,33,Mild
Williamnagar Village,Meghalaya,Meghalaya_District_2,2023-07-12,2023-04-12 15:22:00,19-60,Male,3,5,3,2,1,3,2,2,ASHA_2515,4,0,4033,22,Mild
Amarpur Village,Tripura,Tripura_District_1,2023-11-21,2023-07-31 12:26:00,0-5,Female,16,1,10,11,12,8,1,6,ASHA_9748,2,7,1472,43,Severe
Saitual Rural,Mizoram,Mizoram_District_3,2023-02-15,2023-02-12 06:57:00,60+,Female,4,1,0,2,2,1,3,2,ASHA_7849,2,0,2029,18,Mild
Aizawl Rural,Mizoram,Mizoram_District_1,2023-11-12,2023-10-17 13:15:00,0-5,Female,5,0,4,5,1,0,2,1,ASHA_7355,4,3,971,25,Mild
Kailashahar Village,Tripura,Tripura_District_2,2023-11-25,2023-11-18 07:11:00,19-60,Female,1,3,4,3,3,2,0,2,ASHA_1513,4,5,1366,26,Moderate
Phek Rural,Nagaland,Nagaland_District_2,2023-04-11,2023-02-20 17:06:00,6-18,Female,6,0,2,1,3,2,1,1,ASHA_5931,4,1,3075,15,Mild
Dharmanagar Rural,Tripura,Tripura_District_2,2023-07-14,2023-03-28 08:15:00,0-5,Male,5,3,1,4,3,0,0,2,ASHA_9576,4,0,4821,17,Mild
Gangtok Rural,Sikkim,Sikkim_District_1,2023-10-09,2023-07-09 10:25:00,60+,Male,7,6,1,5,2,1,4,5,ASHA_1201,2,4,3666,22,Severe
Barpeta Village,Assam,Assam_District_1,2024-03-10,2023-12-17 09:59:00,19-60,Female,5,4,9,4,4,4,2,2,ASHA_8868,2,6,1143,29,Mild
Roing Village,Arunachal Pradesh,Arunachal Pradesh_District_3,2024-01-12,2023-10-03 06:09:00,19-60,Female,2,9,2,0,1,2,2,2,ASHA_2754,2,3,745,24,Mild
Baghmara Rural,Meghalaya,Meghalaya_District_2,2023-09-11,2023-09-10 17:22:00,19-60,Male,1,6,5,2,2,1,3,3,ASHA_9485,2,1,1991,16,Mild
Lawngtlai Village,Mizoram,Mizoram_District_3,2023-07-27,2023-04-24 19:08:00,6-18,Female,4,4,2,3,3,3,0,1,ASHA_7850,2,4,3232,28,Mild
Jorhat Village,Assam,Assam_District_3,2023-02-19,2023-01-12 09:10:00,0-5,Female,0,0,0,2,0,2,0,0,ASHA_1365,4,5,2537,17,Mild
Kailashahar Village,Tripura,Tripura_District_3,2023-12-11,2023-09-19 15:55:00,19-60,Female,7,2,0,4,4,1,1,4,ASHA_2387,3,1,4908,22,Severe
Imphal Rural,Manipur,Manipur_District_1,2024-01-30,2023-10-31 17:25:00,0-5,Male,8,4,3,5,4,2,2,3,ASHA_3563,3,5,4265,23,Severe
Teliamura Rural,Tripura,Tripura_District_2,2023-05-24,2023-03-03 13:03:00,19-60,Female,1,10,4,0,0,1,4,2,ASHA_3269,3,1,1580,32,Moderate
Wokha Rural,Nagaland,Nagaland_District_2,2023-10-08,2023-08-19 10:14:00,6-18,Male,8,0,5,6,4,0,0,4,ASHA_7957,2,6,503,21,Mild
Rangpo Rural,Sikkim,Sikkim_District_1,2023-12-30,2023-10-18 19:23:00,19-60,Female,1,1,7,2,3,4,1,0,ASHA_9226,3,0,2440,17,Mild
Lawngtlai Village,Mizoram,Mizoram_District_3,2023-02-27,2023-01-02 19:22:00,0-5,Male,8,6,1,4,3,1,1,3,ASHA_9308,0,6,3349,34,Mild
Pasighat Rural,Arunachal Pradesh,Arunachal Pradesh_District_1,2023-06-17,2023-04-03 15:49:00,19-60,Male,1,0,3,2,1,1,1,1,ASHA_1448,1,2,3316,22,Mild
Gangtok Rural,Sikkim,Sikkim_District_3,2023-12-03,2023-10-09 17:59:00,0-5,Female,3,4,2,2,1,0,3,2,ASHA_9849,4,1,723,22,Moderate
Serchhip Village,Mizoram,Mizoram_District_2,2023-02-17,2023-01-01 06:01:00,0-5,Male,2,4,0,2,1,0,1,1,ASHA_1698,0,0,3974,12,Mild
Phek Rural,Nagaland,Nagaland_District_3,2023-02-22,2023-01-28 19:12:00,0-5,Male,2,1,1,0,1,0,0,0,ASHA_6649,3,6,2726,9,Mild
Williamnagar Village,Meghalaya,Meghalaya_District_2,2023-06-27,2023-05-11 10:55:00,0-5,Female,3,7,7,2,3,3,1,2,ASHA_9579,4,7,2204,36,Mild
Naharlagun Village,Arunachal Pradesh,Arunachal Pradesh_District_3,2023-09-30,2023-07-06 14:23:00,0-5,Male,5,6,1,4,3,3,2,4,ASHA_8748,3,6,4883,20,Moderate
Rangpo Rural,Sikkim,Sikkim_District_2,2024-02-06,2023-10-25 06:24:00,0-5,Male,6,5,7,2,6,7,0,2,ASHA_8824,0,7,2534,32,Severe
Karimganj Village,Assam,Assam_District_3,2023-08-10,2023-07-28 08:49:00,19-60,Male,0,3,1,1,0,1,1,1,ASHA_8452,3,1,1765,13,Moderate
Nongpoh Village,Meghalaya,Meghalaya_District_1,2023-12-17,2023-11-25 12:48:00,0-5,Female,1,0,3,1,1,1,2,0,ASHA_3782,2,5,3363,15,Severe
Guwahati Rural,Assam,Assam_District_2,2024-01-04,2023-11-04 07:23:00,6-18,Female,1,2,7,2,4,6,0,1,ASHA_5651,4,2,2860,29,Severe
Bomdila Rural,Arunachal Pradesh,Arunachal Pradesh_District_1,2023-03-30,2023-01-05 06:24:00,19-60,Female,5,2,3,3,2,2,4,2,ASHA_5670,2,5,3126,23,Moderate
Phek Rural,Nagaland,Nagaland_District_1,2023-09-03,2023-08-13 16:55:00,19-60,Male,3,4,4,2,2,2,1,2,ASHA_3401,1,5,3412,21,Mild
Shillong Rural,Meghalaya,Meghalaya_District_3,2023-04-22,2023-03-14 18:35:00,0-5,Female,3,0,7,2,3,2,1,1,ASHA_1653,0,4,1015,20,Mild
Karimganj Village,Assam,Assam_District_1,2023-06-30,2023-06-24 11:25:00,0-5,Male,4,5,3,3,2,1,3,3,ASHA_1598,4,7,2267,19,Mild
Saitual Rural,Mizoram,Mizoram_District_1,2023-06-25,2023-06-18 12:28:00,19-60,Male,1,4,10,2,6,8,1,2,ASHA_3306,3,6,4945,27,Moderate
Ziro Village,Arunachal Pradesh,Arunachal Pradesh_District_1,2024-01-06,2023-12-19 18:45:00,60+,Female,0,1,7,1,1,3,2,1,ASHA_2439,1,3,4517,21,Moderate
Lawngtlai Village,Mizoram,Mizoram_District_1,2023-08-31,2023-06-05 17:41:00,6-18,Male,7,9,2,6,6,1,4,7,ASHA_4907,2,4,4763,23,Mild
Gangtok Rural,Sikkim,Sikkim_District_3,2024-02-27,2023-11-15 11:02:00,0-5,Female,4,1,1,4,4,1,0,3,ASHA_3585,1,1,2907,16,Severe
Imphal Rural,Manipur,Manipur_District_2,2023-07-29,2023-05-30 19:47:00,19-60,Male,9,9,2,3,2,0,2,4,ASHA_6229,3,0,4350,34,Moderate
Kailashahar Village,Tripura,Tripura_District_1,2023-04-05,2023-03-15 06:11:00,0-5,Female,3,2,4,2,2,1,1,2,ASHA_3757,2,5,2621,13,Mild
Churachandpur Village,Manipur,Manipur_District_1,2023-04-25,2023-01-05 06:19:00,60+,Female,4,6,3,1,1,0,4,3,ASHA_9915,2,6,2526,32,Mild
Namchi Village,Sikkim,Sikkim_District_2,2023-10-31,2023-09-27 13:32:00,19-60,Male,4,6,6,4,4,5,2,4,ASHA_3565,2,3,3013,33,Severe
Churachandpur Village,Manipur,Manipur_District_1,2023-07-16,2023-06-27 13:22:00,60+,Female,11,8,6,5,7,5,2,5,ASHA_4395,4,7,3674,39,Mild
Bomdila Rural,Arunachal Pradesh,Arunachal Pradesh_District_2,2023-10-12,2023-09-25 12:27:00,19-60,Female,3,6,1,4,2,2,3,4,ASHA_1712,4,3,724,14,Moderate
Naharlagun Village,Arunachal Pradesh,Arunachal Pradesh_District_3,2023-05-04,2023-03-22 16:53:00,60+,Female,4,0,5,4,2,0,0,1,ASHA_5197,1,6,2066,21,Mild
Bomdila Rural,Arunachal Pradesh,Arunachal Pradesh_District_3,2023-05-05,2023-02-06 19:24:00,6-18,Male,1,4,3,1,1,2,2,0,ASHA_8281,1,0,4516,26,Moderate
Serchhip Village,Mizoram,Mizoram_District_1,2024-01-06,2023-11-19 18:48:00,6-18,Male,9,2,4,4,3,2,3,2,ASHA_1971,3,0,2625,19,Mild
Kiphire Village,Nagaland,Nagaland_District_1,2023-05-04,2023-03-11 09:56:00,6-18,Female,6,4,0,5,1,2,2,2,ASHA_1782,0,3,1860,26,Mild
Resubelpara Rural,Meghalaya,Meghalaya_District_3,2023-08-12,2023-07-02 14:19:00,6-18,Female,10,2,2,7,6,1,0,4,ASHA_3062,0,6,4962,31,Moderate
Belonia Rural,Tripura,Tripura_District_3,2023-11-23,2023-08-02 14:27:00,19-60,Male,5,2,7,2,3,5,1,2,ASHA_3731,3,7,986,19,Mild
Agartala Rural,Tripura,Tripura_District_3,2023-10-18,2023-07-28 16:40:00,0-5,Female,12,1,13,4,9,9,1,4,ASHA_8365,0,7,978,33,Mild
Barpeta Village,Assam,Assam_District_3,2023-07-22,2023-05-03 18:31:00,0-5,Male,0,5,4,3,2,1,1,2,ASHA_4432,2,2,2463,24,Moderate
Tamenglong Rural,Manipur,Manipur_District_3,2023-07-15,2023-05-23 10:03:00,19-60,Male,1,6,0,1,1,0,5,2,ASHA_1782,4,5,3646,25,Mild
Dimapur Village,Nagaland,Nagaland_District_1,2024-01-15,2023-11-12 07:01:00,19-60,Male,8,3,0,5,4,1,1,3,ASHA_5152,2,3,2497,27,Severe
Itanagar Rural,Arunachal Pradesh,Arunachal Pradesh_District_3,2023-07-05,2023-03-21 07:11:00,19-60,Female,6,2,2,3,2,0,2,2,ASHA_6885,4,2,3107,22,Mild
Lunglei Village,Mizoram,Mizoram_District_3,2023-06-16,2023-03-29 07:35:00,0-5,Female,3,7,2,1,2,3,3,2,ASHA_4042,4,4,2029,25,Mild
Imphal Rural,Manipur,Manipur_District_3,2023-09-17,2023-06-12 10:47:00,0-5,Male,3,9,11,3,6,5,5,5,ASHA_2713,3,2,1232,35,Mild
Zunheboto Village,Nagaland,Nagaland_District_2,2023-05-19,2023-05-14 13:41:00,19-60,Male,5,3,6,2,1,0,1,1,ASHA_5628,3,2,552,27,Severe
Dimapur Village,Nagaland,Nagaland_District_1,2024-02-23,2023-11-12 07:01:00,19-60,Male,6,0,7,5,4,1,1,3,ASHA_5152,2,3,2497,29,Severe
Singtam Village,Sikkim,Sikkim_District_1,2023-05-13,2023-01-19 14:56:00,6-18,Female,6,4,0,4,3,0,2,3,ASHA_8997,1,7,3656,14,Moderate
Tura Village,Meghalaya,Meghalaya_District_3,2023-09-19,2023-07-01 17:19:00,6-18,Male,6,9,2,3,1,0,4,3,ASHA_4242,0,2,809,24,Mild
Khowai Village,Tripura,Tripura_District_2,2023-08-10,2023-04-18 11:13:00,0-5,Male,2,2,5,0,1,1,2,1,ASHA_9924,1,0,736,13,Mild
Jorhat Village,Assam,Assam_District_2,2023-08-05,2023-05-29 12:16:00,6-18,Female,3,6,5,4,3,2,2,4,ASHA_6897,2,0,1015,30,Moderate
Teliamura Rural,Tripura,Tripura_District_3,2023-10-03,2023-08-31 10:27:00,6-18,Male,3,4,8,5,6,5,2,3,ASHA_5628,1,3,3538,30,Moderate
Kolasib Rural,Mizoram,Mizoram_District_2,2024-02-22,2023-12-11 06:33:00,0-5,Female,1,5,5,2,0,1,4,1,ASHA_4247,4,1,2067,15,Mild
Resubelpara Rural,Meghalaya,Meghalaya_District_2,2023-07-15,2023-05-01 10:55:00,19-60,Male,1,4,2,1,1,0,0,0,ASHA_9338,4,0,1763,12,Mild
Bomdila Rural,Arunachal Pradesh,Arunachal Pradesh_District_1,2023-04-14,2023-03-27 07:50:00,60+,Female,4,5,1,1,1,1,1,1,ASHA_5815,0,2,1569,18,Mild
Tura Village,Meghalaya,Meghalaya_District_1,2023-12-31,2023-12-06 15:55:00,0-5,Female,6,5,0,4,4,0,3,4,ASHA_2773,2,7,584,18,Mild
Barpeta Village,Assam,Assam_District_1,2023-11-08,2023-10-04 18:33:00,6-18,Female,3,4,6,2,1,3,1,1,ASHA_5170,0,3,1520,25,Moderate
Saitual Rural,Mizoram,Mizoram_District_2,2023-03-22,2023-01-15 10:07:00,6-18,Female,4,3,2,2,1,1,3,2,ASHA_2829,0,4,1957,20,Mild
Mokokchung Rural,Nagaland,Nagaland_District_2,2023-09-08,2023-08-21 06:36:00,6-18,Female,3,3,6,1,3,3,3,2,ASHA_8608,0,4,2017,21,Mild
Kolasib Rural,Mizoram,Mizoram_District_1,2024-01-24,2023-10-24 06:43:00,60+,Female,7,3,4,2,2,1,2,1,ASHA_6308,3,5,3328,20,Moderate
Gyalshing Rural,Sikkim,Sikkim_District_1,2023-08-31,2023-08-17 18:03:00,19-60,Male,3,5,10,4,4,5,2,2,ASHA_5238,0,3,2594,32,Moderate
Tawang Rural,Arunachal Pradesh,Arunachal Pradesh_District_2,2023-12-28,2023-09-07 07:04:00,6-18,Female,7,2,13,6,9,11,2,3,ASHA_7906,3,2,4133,38,Severe
Bomdila Rural,Arunachal Pradesh,Arunachal Pradesh_District_2,2023-09-26,2023-07-07 14:09:00,0-5,Male,5,11,3,3,2,0,8,7,ASHA_1660,4,6,2537,33,Mild
Tuensang Village,Nagaland,Nagaland_District_3,2023-12-15,2023-11-04 11:40:00,0-5,Male,5,5,5,3,4,5,2,3,ASHA_4071,2,3,1735,31,Mild
Khowai Village,Tripura,Tripura_District_3,2023-03-23,2023-02-06 12:57:00,0-5,Male,2,3,0,1,0,1,1,1,ASHA_5025,2,4,4165,23,Mild
Karimganj Village,Assam,Assam_District_2,2024-02-05,2023-11-14 11:45:00,19-60,Female,0,0,4,0,1,2,3,0,ASHA_7474,2,5,898,21,Mild
Imphal Rural,Manipur,Manipur_District_3,2023-10-18,2023-10-07 09:38:00,19-60,Female,1,4,3,2,3,2,0,1,ASHA_1887,3,6,1741,22,Mild
Nagaon Rural,Assam,Assam_District_2,2023-11-14,2023-08-20 13:41:00,0-5,Female,6,10,2,7,6,3,5,6,ASHA_9269,3,5,791,22,Moderate
Dimapur Village,Nagaland,Nagaland_District_2,2023-10-11,2023-08-06 15:25:00,0-5,Female,4,9,4,3,3,3,4,4,ASHA_1669,2,5,2021,26,Mild
Kohima Rural,Nagaland,Nagaland_District_2,2023-06-10,2023-05-14 08:13:00,19-60,Female,5,4,2,2,1,1,0,2,ASHA_1140,4,1,3683,21,Mild
Williamnagar Village,Meghalaya,Meghalaya_District_1,2023-08-01,2023-04-16 19:22:00,0-5,Female,8,4,2,4,3,1,0,2,ASHA_7669,0,2,4653,29,Severe
Ziro Village,Arunachal Pradesh,Arunachal Pradesh_District_1,2023-04-25,2023-02-09 13:53:00,0-5,Female,9,5,0,2,1,0,0,2,ASHA_7528,4,3,2393,31,Moderate
Lunglei Village,Mizoram,Mizoram_District_1,2023-08-24,2023-08-04 06:10:00,19-60,Female,9,7,9,6,8,7,2,5,ASHA_1768,4,4,2109,39,Moderate
Ziro Village,Arunachal Pradesh,Arunachal Pradesh_District_1,2023-07-06,2023-04-19 07:22:00,19-60,Male,8,1,5,7,3,0,1,3,ASHA_9010,0,5,4711,23,Mild
Amarpur Village,Tripura,Tripura_District_3,2024-01-01,2023-11-13 16:53:00,60+,Male,5,8,4,2,3,2,1,2,ASHA_4450,1,3,1459,33,Moderate
Tawang Rural,Arunachal Pradesh,Arunachal Pradesh_District_3,2023-04-14,2023-01-13 15:34:00,6-18,Female,8,6,4,3,3,3,1,2,ASHA_5666,3,1,1591,33,Moderate
Silchar Village,Assam,Assam_District_3,2024-01-09,2023-11-11 12:35:00,60+,Female,8,2,5,4,3,1,1,2,ASHA_9725,1,7,873,31,Mild
Mokokchung Rural,Nagaland,Nagaland_District_2,2024-02-17,2023-10-21 08:38:00,19-60,Male,4,1,4,2,1,0,1,1,ASHA_2746,0,2,528,22,Severe
Champhai Rural,Mizoram,Mizoram_District_3,2023-10-23,2023-07-04 14:10:00,19-60,Female,7,13,5,4,3,2,7,7,ASHA_3795,0,6,2333,39,Mild
Mokokchung Rural,Nagaland,Nagaland_District_2,2023-01-11,2023-01-06 16:39:00,19-60,Female,4,4,0,2,1,0,3,3,ASHA_1645,4,0,3469,17,Mild
Baghmara Rural,Meghalaya,Meghalaya_District_3,2023-06-09,2023-04-21 19:23:00,19-60,Male,5,5,6,5,2,1,5,3,ASHA_2028,2,7,631,26,Mild
Tuensang Village,Nagaland,Nagaland_District_2,2024-01-01,2023-12-07 14:49:00,6-18,Male,1,3,2,2,0,0,1,1,ASHA_6388,1,0,3795,14,Mild
Pakyong Village,Sikkim,Sikkim_District_1,2024-02-02,2023-12-10 11:56:00,60+,Male,5,4,7,1,1,0,4,2,ASHA_5042,1,2,929,24,Mild
Phek Rural,Nagaland,Nagaland_District_3,2023-08-29,2023-08-11 06:40:00,0-5,Female,0,9,2,1,1,2,6,4,ASHA_6679,4,7,2734,25,Mild
Ukhrul Village,Manipur,Manipur_District_3,2023-12-09,2023-10-06 16:28:00,0-5,Male,3,3,0,2,1,0,0,1,ASHA_5100,3,3,1340,16,Mild
Khliehriat Village,Meghalaya,Meghalaya_District_1,2023-03-20,2023-03-01 18:21:00,0-5,Female,0,4,3,4,3,2,2,4,ASHA_3415,1,6,2826,13,Mild
Bishnupur Rural,Manipur,Manipur_District_2,2023-10-12,2023-07-29 12:58:00,19-60,Male,4,4,7,1,3,5,1,1,ASHA_7532,3,6,1006,19,Mild
Tura Village,Meghalaya,Meghalaya_District_3,2023-07-25,2023-05-31 14:07:00,19-60,Male,5,0,3,5,3,0,2,2,ASHA_4223,4,7,1828,25,Moderate
Jorhat Village,Assam,Assam_District_2,2023-05-25,2023-01-26 11:35:00,6-18,Female,4,4,4,1,1,0,3,2,ASHA_8108,4,3,3081,22,Mild
Pakyong Village,Sikkim,Sikkim_District_1,2023-10-07,2023-06-24 15:21:00,0-5,Female,9,7,1,5,2,0,4,4,ASHA_9075,0,6,4763,30,Mild
Belonia Rural,Tripura,Tripura_District_2,2023-04-24,2023-02-11 18:51:00,0-5,Female,7,4,3,6,4,1,2,3,ASHA_6322,1,1,1895,32,Mild
Jorethang Rural,Sikkim,Sikkim_District_1,2023-08-18,2023-06-25 16:33:00,0-5,Male,8,6,6,3,4,3,6,5,ASHA_1025,1,4,4604,25,Moderate
Guwahati Rural,Assam,Assam_District_3,2023-05-03,2023-02-06 09:01:00,60+,Male,1,1,3,2,2,2,1,2,ASHA_3032,3,5,4873,23,Mild
Dharmanagar Rural,Tripura,Tripura_District_3,2023-06-07,2023-03-19 17:33:00,6-18,Male,10,2,3,3,3,1,1,2,ASHA_8141,4,1,635,30,Moderate
Ziro Village,Arunachal Pradesh,Arunachal Pradesh_District_3,2023-06-29,2023-06-12 12:46:00,6-18,Male,8,5,3,3,2,1,5,3,ASHA_1000,3,3,1060,30,Mild
Barpeta Village,Assam,Assam_District_3,2024-01-22,2023-12-08 06:29:00,60+,Male,2,3,4,5,0,1,2,1,ASHA_1158,2,4,1232,19,Moderate
Lawngtlai Village,Mizoram,Mizoram_District_1,2023-05-18,2023-01-19 18:09:00,19-60,Male,5,4,8,2,3,3,4,2,ASHA_6693,1,1,4302,32,Mild
Kailashahar Village,Tripura,Tripura_District_2,2023-09-20,2023-08-12 15:44:00,6-18,Male,10,6,3,8,7,1,2,7,ASHA_9462,1,3,4957,26,Mild
Khowai Village,Tripura,Tripura_District_2,2023-04-20,2023-04-18 06:19:00,19-60,Male,6,8,0,4,2,0,2,3,ASHA_8908,4,4,3161,22,Mild
Udaipur Village,Tripura,Tripura_District_2,2024-03-26,2023-12-17 11:08:00,0-5,Female,12,5,2,6,4,0,3,4,ASHA_4554,3,2,3423,38,Mild
Tura Village,Meghalaya,Meghalaya_District_1,2023-10-14,2023-06-24 16:32:00,0-5,Female,2,0,4,3,4,3,1,3,ASHA_1557,3,6,3472,14,Mild
Silchar Village,Assam,Assam_District_2,2023-04-14,2023-01-25 18:22:00,19-60,Female,8,5,4,7,4,2,3,4,ASHA_4075,0,4,1725,32,Mild
Wokha Rural,Nagaland,Nagaland_District_1,2023-09-27,2023-07-13 19:49:00,60+,Female,6,9,0,6,2,0,2,4,ASHA_7270,2,6,668,33,Severe
Thoubal Village,Manipur,Manipur_District_2,2023-11-07,2023-09-26 09:16:00,0-5,Female,7,3,3,3,2,1,5,3,ASHA_2268,0,4,3078,26,Moderate
Tamenglong Rural,Manipur,Manipur_District_1,2023-11-01,2023-09-19 19:55:00,0-5,Female,8,5,1,10,7,1,4,7,ASHA_3949,1,4,3079,22,Mild
Dimapur Village,Nagaland,Nagaland_District_1,2023-11-02,2023-07-16 14:34:00,60+,Male,11,5,1,5,4,1,3,5,ASHA_7401,4,0,3322,34,Mild
Zunheboto Village,Nagaland,Nagaland_District_1,2024-02-14,2023-11-03 06:12:00,19-60,Female,3,3,6,3,3,2,1,2,ASHA_8903,0,3,4545,29,Moderate
Kiphire Village,Nagaland,Nagaland_District_1,2023-04-17,2023-02-16 14:58:00,60+,Female,1,4,0,3,1,0,1,1,ASHA_7957,4,1,3534,17,Severe
Serchhip Village,Mizoram,Mizoram_District_1,2023-09-24,2023-08-17 14:07:00,0-5,Male,6,6,3,4,4,1,2,4,ASHA_4983,4,5,3930,20,Mild
Pasighat Rural,Arunachal Pradesh,Arunachal Pradesh_District_1,2023-12-20,2023-11-27 10:43:00,6-18,Male,3,6,5,2,3,1,2,3,ASHA_5972,3,3,3745,25,Mild
Khowai Village,Tripura,Tripura_District_3,2023-04-30,2023-04-28 19:55:00,0-5,Male,3,5,4,0,1,2,0,1,ASHA_1814,4,1,1909,22,Severe
Senapati Rural,Manipur,Manipur_District_2,2023-08-06,2023-06-09 15:54:00,19-60,Male,5,3,5,4,4,1,1,4,ASHA_9925,0,1,3678,20,Moderate
Aizawl Rural,Mizoram,Mizoram_District_2,2023-07-09,2023-05-04 11:49:00,0-5,Female,4,2,5,0,2,2,2,1,ASHA_4646,3,0,916,21,Moderate
Kiphire Village,Nagaland,Nagaland_District_3,2023-06-25,2023-04-05 07:41:00,6-18,Male,4,1,4,3,2,0,2,2,ASHA_8859,1,7,4326,15,Moderate
Imphal Rural,Manipur,Manipur_District_3,2024-01-11,2023-10-07 09:38:00,19-60,Female,3,0,8,2,3,2,0,1,ASHA_1887,3,6,1741,26,Mild
Kohima Rural,Nagaland,Nagaland_District_1,2023-05-04,2023-03-21 16:41:00,0-5,Female,3,5,5,4,3,3,3,3,ASHA_8928,2,2,2337,23,Mild
Phek Rural,Nagaland,Nagaland_District_2,2023-09-06,2023-08-17 17:12:00,6-18,Female,4,21,0,2,1,1,9,7,ASHA_4200,0,4,2452,40,Moderate
Kiphire Village,Nagaland,Nagaland_District_3,2023-11-22,2023-08-13 15:38:00,0-5,Male,12,9,7,9,9,5,4,8,ASHA_3958,4,6,1456,39,Moderate
Nagaon Rural,Assam,Assam_District_2,2023-07-30,2023-04-30 13:28:00,19-60,Male,1,2,8,1,3,6,1,0,ASHA_8554,1,0,3104,26,Mild
Tezpur Rural,Assam,Assam_District_1,2024-02-19,2023-12-17 11:08:00,0-5,Female,2,3,2,2,1,3,1,1,ASHA_9766,1,7,4338,22,Mild
Pasighat Rural,Arunachal Pradesh,Arunachal Pradesh_District_1,2023-06-05,2023-05-31 19:36:00,0-5,Female,4,4,4,1,0,1,3,2,ASHA_3168,2,0,3399,18,Mild
Champhai Rural,Mizoram,Mizoram_District_2,2023-02-26,2023-01-01 10:23:00,6-18,Male,1,7,2,3,1,1,2,2,ASHA_1878,4,6,4384,21,Mild
Agartala Rural,Tripura,Tripura_District_3,2023-10-09,2023-07-27 09:46:00,0-5,Male,7,10,1,4,3,1,3,5,ASHA_9057,0,7,4423,33,Moderate
Amarpur Village,Tripura,Tripura_District_3,2023-12-21,2023-09-09 14:26:00,6-18,Female,1,13,3,1,0,1,6,4,ASHA_4975,4,6,2602,30,Moderate
Tezpur Rural,Assam,Assam_District_2,2023-07-22,2023-05-22 16:06:00,19-60,Male,5,4,1,2,1,1,0,1,ASHA_1595,4,3,4644,17,Mild
Bomdila Rural,Arunachal Pradesh,Arunachal Pradesh_District_2,2023-11-08,2023-09-13 11:15:00,6-18,Female,8,4,6,7,7,3,1,5,ASHA_4023,4,0,739,35,Moderate
Champhai Rural,Mizoram,Mizoram_District_1,2023-05-05,2023-03-20 18:22:00,0-5,Male,0,5,5,2,1,2,4,1,ASHA_9741,0,6,1945,17,Moderate
Pasighat Rural,Arunachal Pradesh,Arunachal Pradesh_District_1,2023-03-24,2023-02-02 09:28:00,60+,Female,0,2,3,1,2,3,1,1,ASHA_2997,3,1,3907,24,Mild
Pasighat Rural,Arunachal Pradesh,Arunachal Pradesh_District_2,2023-01-30,2023-01-28 12:37:00,19-60,Male,2,0,4,1,2,2,1,0,ASHA_3062,0,1,2014,21,Moderate
Zunheboto Village,Nagaland,Nagaland_District_1,2023-02-07,2023-01-25 15:11:00,19-60,Female,1,0,5,1,1,1,0,0,ASHA_5586,1,2,2830,15,Mild
Gyalshing Rural,Sikkim,Sikkim_District_1,2023-04-29,2023-01-29 15:29:00,0-5,Male,4,5,1,0,0,0,2,2,ASHA_2001,3,4,978,17,Mild
Shillong Rural,Meghalaya,Meghalaya_District_3,2023-04-27,2023-03-14 18:35:00,0-5,Female,1,0,6,2,3,2,1,1,ASHA_1653,0,4,1015,25,Mild
Champhai Rural,Mizoram,Mizoram_District_1,2024-03-15,2023-12-04 14:34:00,0-5,Male,0,0,0,2,1,0,1,1,ASHA_8209,4,1,880,12,Mild
Tezpur Village,Arunachal Pradesh,Arunachal Pradesh_District_3,2023-12-24,2023-11-06 09:00:00,60+,Female,8,3,0,5,4,1,2,4,ASHA_5109,1,6,1207,27,Mild
Agartala Rural,Tripura,Tripura_District_1,2024-01-01,2023-09-04 14:13:00,19-60,Male,3,5,10,2,4,6,2,3,ASHA_4169,4,7,3132,35,Moderate
Amarpur Village,Tripura,Tripura_District_1,2023-10-06,2023-09-14 14:31:00,60+,Female,0,4,11,1,3,6,2,2,ASHA_2318,2,2,3026,20,Mild
Kailashahar Village,Tripura,Tripura_District_1,2023-09-07,2023-08-15 12:42:00,19-60,Male,2,5,5,2,3,3,3,3,ASHA_8362,0,0,4971,26,Moderate
Shillong Rural,Meghalaya,Meghalaya_District_3,2023-07-04,2023-04-25 06:49:00,0-5,Male,3,2,3,1,1,1,0,1,ASHA_7145,2,5,2606,17,Severe
Singtam Village,Sikkim,Sikkim_District_1,2023-04-25,2023-01-19 14:56:00,6-18,Female,6,2,4,4,3,0,2,3,ASHA_8997,1,7,3656,30,Moderate
Serchhip Village,Mizoram,Mizoram_District_2,2023-08-02,2023-07-15 16:24:00,0-5,Female,12,11,2,9,7,1,6,9,ASHA_8177,0,2,1775,32,Mild
Senapati Rural,Manipur,Manipur_District_3,2023-04-18,2023-02-17 10:44:00,19-60,Female,3,0,2,2,3,3,1,2,ASHA_1527,1,3,3388,9,Mild
Tawang Rural,Arunachal Pradesh,Arunachal Pradesh_District_2,2023-07-17,2023-06-20 07:42:00,6-18,Male,13,4,6,7,7,3,4,7,ASHA_1148,3,6,4185,37,Severe
Mokokchung Rural,Nagaland,Nagaland_District_3,2023-04-18,2023-01-20 17:18:00,0-5,Male,4,4,3,2,1,1,2,2,ASHA_3195,2,5,2242,23,Mild
Resubelpara Rural,Meghalaya,Meghalaya_District_1,2023-06-01,2023-03-26 10:26:00,19-60,Male,0,4,2,1,2,3,3,2,ASHA_2321,1,1,1448,18,Moderate
Barpeta Village,Assam,Assam_District_1,2023-06-20,2023-04-03 10:42:00,60+,Female,6,2,3,5,3,1,0,2,ASHA_9131,0,4,4217,19,Severe
Jiribam Village,Manipur,Manipur_District_3,2023-09-18,2023-08-16 12:28:00,6-18,Female,4,3,3,1,2,1,2,2,ASHA_9963,4,6,1501,21,Mild
Zunheboto Village,Nagaland,Nagaland_District_1,2023-12-08,2023-11-03 11:12:00,19-60,Female,6,2,2,1,1,0,3,2,ASHA_1961,1,1,1362,29,Mild
Champhai Rural,Mizoram,Mizoram_District_1,2024-01-13,2023-10-28 18:38:00,6-18,Male,1,3,5,1,2,3,2,1,ASHA_1896,4,2,4576,25,Severe
Barpeta Village,Assam,Assam_District_1,2023-04-23,2023-03-12 15:14:00,19-60,Male,4,2,1,1,1,2,3,1,ASHA_9191,4,0,738,26,Moderate
Aizawl Rural,Mizoram,Mizoram_District_3,2023-09-29,2023-07-08 19:44:00,19-60,Male,13,7,8,8,8,3,2,6,ASHA_6440,3,5,1058,37,Mild
Jiribam Village,Manipur,Manipur_District_1,2023-01-27,2023-01-08 13:40:00,0-5,Male,8,3,4,6,3,2,2,2,ASHA_4762,3,3,3220,32,Moderate
Tamenglong Rural,Manipur,Manipur_District_3,2023-12-01,2023-10-26 14:52:00,0-5,Female,7,1,3,3,3,1,1,1,ASHA_4615,0,1,2870,21,Mild
Tezpur Rural,Assam,Assam_District_1,2023-12-25,2023-12-12 16:32:00,19-60,Female,3,10,2,0,3,5,3,2,ASHA_4874,1,4,1742,33,Mild
Agartala Rural,Tripura,Tripura_District_3,2023-10-31,2023-10-20 08:02:00,60+,Female,3,4,1,2,1,1,2,2,ASHA_1398,1,0,3434,25,Mild
Jiribam Village,Manipur,Manipur_District_3,2023-04-30,2023-03-29 07:12:00,0-5,Female,2,5,5,1,1,1,2,1,ASHA_3040,4,1,1089,18,Mild
Rangpo Rural,Sikkim,Sikkim_District_1,2023-08-05,2023-06-07 16:56:00,19-60,Female,9,5,12,7,8,7,2,4,ASHA_4658,2,6,2309,45,Mild
Ziro Village,Arunachal Pradesh,Arunachal Pradesh_District_2,2023-05-05,2023-04-17 15:39:00,60+,Female,9,5,3,6,3,1,3,3,ASHA_5142,1,2,1913,30,Moderate
Tezpur Rural,Assam,Assam_District_2,2023-09-09,2023-08-28 18:21:00,19-60,Female,4,4,13,2,6,7,1,2,ASHA_6290,0,7,3395,37,Mild
Aizawl Rural,Mizoram,Mizoram_District_1,2024-01-24,2023-10-11 14:10:00,6-18,Female,7,5,5,8,4,0,4,5,ASHA_2570,4,6,3882,30,Mild
Thoubal Village,Manipur,Manipur_District_2,2023-10-27,2023-08-26 14:42:00,19-60,Male,4,1,4,3,4,3,0,2,ASHA_4965,1,2,2213,16,Mild
Teliamura Rural,Tripura,Tripura_District_2,2023-11-17,2023-08-23 13:11:00,0-5,Male,1,5,6,3,4,5,3,3,ASHA_3766,0,5,1633,31,Moderate
Tamenglong Rural,Manipur,Manipur_District_3,2023-12-06,2023-09-10 07:56:00,19-60,Male,5,7,6,3,4,7,3,3,ASHA_7118,2,5,1625,23,Mild
Jorethang Rural,Sikkim,Sikkim_District_3,2023-03-07,2023-02-22 11:50:00,19-60,Male,5,5,2,4,4,2,2,2,ASHA_1661,1,1,4918,28,Moderate
Dharmanagar Rural,Tripura,Tripura_District_1,2023-06-10,2023-03-28 06:22:00,19-60,Male,5,8,0,0,1,1,5,2,ASHA_3301,0,2,4674,20,Mild
Khliehriat Village,Meghalaya,Meghalaya_District_2,2023-08-25,2023-05-14 09:54:00,19-60,Female,2,3,4,4,3,1,0,2,ASHA_2185,3,5,2925,25,Mild
Nongpoh Village,Meghalaya,Meghalaya_District_3,2023-09-03,2023-07-11 14:14:00,0-5,Female,7,5,8,4,6,4,3,4,ASHA_1259,3,1,3749,30,Moderate
Kailashahar Village,Tripura,Tripura_District_3,2024-03-12,2023-11-30 18:55:00,6-18,Male,7,4,7,4,3,2,3,3,ASHA_1521,1,4,4283,25,Mild
Dharmanagar Rural,Tripura,Tripura_District_3,2023-08-17,2023-04-26 17:19:00,60+,Male,2,3,3,5,3,1,1,3,ASHA_4139,4,0,1102,15,Mild
Lunglei Village,Mizoram,Mizoram_District_1,2023-03-18,2023-01-11 12:36:00,19-60,Male,10,7,8,3,3,2,2,3,ASHA_2549,2,4,2793,34,Mild
Namchi Village,Sikkim,Sikkim_District_2,2023-02-12,2023-01-30 10:52:00,0-5,Male,4,7,4,3,3,2,3,2,ASHA_5435,0,7,941,33,Severe
Nagaon Rural,Assam,Assam_District_1,2023-10-25,2023-08-12 12:58:00,19-60,Male,17,7,3,9,9,3,4,9,ASHA_7152,3,7,1207,43,Mild
Nongpoh Village,Meghalaya,Meghalaya_District_1,2024-03-03,2023-11-19 07:49:00,0-5,Female,4,0,4,1,1,0,1,1,ASHA_4893,3,7,4680,22,Mild
Kolasib Rural,Mizoram,Mizoram_District_3,2024-01-13,2023-11-05 08:36:00,0-5,Male,4,6,0,3,0,0,2,1,ASHA_4360,3,6,3588,24,Moderate
Dibrugarh Rural,Assam,Assam_District_3,2024-02-13,2023-11-09 19:21:00,60+,Male,4,7,5,1,3,3,4,3,ASHA_8354,2,7,1704,26,Severe
Tuensang Village,Nagaland,Nagaland_District_3,2024-01-07,2023-11-04 11:40:00,0-5,Male,9,7,8,3,4,5,2,3,ASHA_4071,2,3,1735,42,Mild
Dimapur Village,Nagaland,Nagaland_District_2,2023-03-16,2023-01-25 19:34:00,0-5,Male,4,2,3,2,2,1,0,1,ASHA_2048,4,4,3450,17,Mild
Saitual Rural,Mizoram,Mizoram_District_1,2023-08-23,2023-05-02 10:29:00,0-5,Male,8,4,4,3,3,2,1,2,ASHA_5075,4,0,631,35,Mild
Tawang Rural,Arunachal Pradesh,Arunachal Pradesh_District_1,2023-12-13,2023-11-24 11:03:00,0-5,Female,6,2,0,4,1,0,1,2,ASHA_8027,4,7,3708,18,Moderate
Mangan Village,Sikkim,Sikkim_District_2,2023-03-27,2023-02-01 11:43:00,19-60,Male,6,5,2,3,1,0,2,1,ASHA_6413,0,2,741,22,Mild
Dharmanagar Rural,Tripura,Tripura_District_1,2023-12-09,2023-11-20 14:47:00,6-18,Male,4,5,5,2,1,1,2,1,ASHA_6865,3,6,3553,25,Mild
Serchhip Village,Mizoram,Mizoram_District_1,2024-02-05,2023-11-19 18:48:00,6-18,Male,1,0,5,4,3,2,3,2,ASHA_1971,3,0,2625,21,Mild
Mokokchung Rural,Nagaland,Nagaland_District_2,2024-01-26,2023-10-08 12:35:00,6-18,Male,9,4,2,2,2,2,4,2,ASHA_8398,0,2,4912,30,Mild
Singtam Village,Sikkim,Sikkim_District_1,2023-08-04,2023-04-07 08:17:00,60+,Female,1,6,0,2,1,0,2,1,ASHA_9414,0,1,3058,23,Moderate
Serchhip Village,Mizoram,Mizoram_District_1,2023-04-04,2023-03-07 09:37:00,0-5,Female,5,3,6,1,3,4,3,1,ASHA_1461,2,2,3106,19,Mild
Bishnupur Rural,Manipur,Manipur_District_3,2023-12-22,2023-09-26 18:45:00,6-18,Female,6,2,4,3,3,1,1,3,ASHA_9988,4,1,2808,18,Mild
Jorhat Village,Assam,Assam_District_2,2023-04-24,2023-01-09 18:51:00,6-18,Female,7,7,3,3,2,0,4,3,ASHA_6757,4,7,2018,34,Moderate
Lawngtlai Village,Mizoram,Mizoram_District_1,2023-09-04,2023-05-27 15:22:00,6-18,Female,6,4,0,4,3,0,0,3,ASHA_7479,1,5,3184,29,Moderate
Gangtok Rural,Sikkim,Sikkim_District_3,2023-12-08,2023-10-09 17:59:00,0-5,Female,4,3,0,2,1,0,3,2,ASHA_9849,4,1,723,13,Moderate
Hnahthial Village,Mizoram,Mizoram_District_2,2023-08-09,2023-07-19 07:08:00,6-18,Female,6,4,5,3,3,1,1,3,ASHA_3342,4,7,1462,33,Moderate
Shillong Rural,Meghalaya,Meghalaya_District_1,2023-11-08,2023-09-14 15:06:00,0-5,Male,14,4,4,8,7,3,4,6,ASHA_8452,1,6,813,30,Severe
Jiribam Village,Manipur,Manipur_District_3,2023-05-04,2023-01-31 16:19:00,0-5,Male,3,3,2,1,0,1,2,2,ASHA_8505,3,4,2794,27,Mild
Tamenglong Rural,Manipur,Manipur_District_1,2023-12-31,2023-10-18 19:06:00,0-5,Male,3,2,0,0,0,0,0,0,ASHA_2849,0,5,790,24,Moderate
Khowai Village,Tripura,Tripura_District_2,2024-01-10,2023-11-24 19:33:00,0-5,Male,0,2,0,0,0,0,1,0,ASHA_3986,1,7,4706,16,Moderate
Tura Village,Meghalaya,Meghalaya_District_3,2023-05-03,2023-04-07 19:52:00,0-5,Female,5,2,3,2,2,0,2,2,ASHA_6609,1,6,4788,17,Mild
Jowai Rural,Meghalaya,Meghalaya_District_1,2023-08-26,2023-06-09 19:44:00,0-5,Female,7,2,13,5,6,5,1,3,ASHA_4286,2,3,2775,38,Mild
Aizawl Rural,Mizoram,Mizoram_District_1,2023-06-04,2023-04-14 11:24:00,6-18,Male,4,0,5,4,2,1,0,1,ASHA_3590,3,0,4897,14,Mild
Agartala Rural,Tripura,Tripura_District_3,2024-02-13,2023-12-18 07:52:00,0-5,Male,6,4,2,4,2,1,2,2,ASHA_8840,4,1,2142,21,Moderate
Barpeta Village,Assam,Assam_District_2,2023-07-25,2023-04-04 19:11:00,0-5,Male,9,0,4,6,5,1,1,4,ASHA_4941,2,3,4764,27,Moderate
Champhai Rural,Mizoram,Mizoram_District_2,2023-07-23,2023-07-21 16:48:00,6-18,Female,6,1,0,4,3,1,4,3,ASHA_6568,2,6,4295,12,Mild
Thoubal Village,Manipur,Manipur_District_2,2023-10-16,2023-09-17 12:50:00,0-5,Male,9,0,1,4,3,2,2,3,ASHA_6762,3,7,4015,20,Moderate
Pakyong Village,Sikkim,Sikkim_District_2,2023-09-16,2023-05-29 16:57:00,6-18,Male,1,7,0,2,1,0,2,3,ASHA_5978,4,4,4185,24,Mild
Itanagar Rural,Arunachal Pradesh,Arunachal Pradesh_District_1,2023-05-14,2023-01-24 10:57:00,0-5,Male,3,1,7,0,1,1,2,2,ASHA_5287,2,4,4432,16,Mild
Serchhip Village,Mizoram,Mizoram_District_1,2023-10-16,2023-09-10 14:39:00,19-60,Male,4,3,6,5,3,1,3,3,ASHA_4138,2,2,2753,22,Severe
Belonia Rural,Tripura,Tripura_District_1,2023-05-24,2023-01-25 09:16:00,0-5,Female,1,5,3,1,1,1,0,1,ASHA_7289,2,6,1503,13,Mild
Champhai Rural,Mizoram,Mizoram_District_1,2023-08-23,2023-07-28 09:34:00,6-18,Female,7,4,4,3,3,1,1,2,ASHA_2383,4,4,941,29,Severe
Nagaon Rural,Assam,Assam_District_2,2023-11-08,2023-11-01 15:25:00,0-5,Male,6,0,0,2,1,0,1,1,ASHA_4358,1,1,4463,11,Moderate
Bomdila Rural,Arunachal Pradesh,Arunachal Pradesh_District_3,2023-02-10,2023-01-04 14:22:00,60+,Male,11,2,2,4,4,0,0,3,ASHA_2906,3,7,3447,23,Moderate
Gyalshing Rural,Sikkim,Sikkim_District_3,2023-08-30,2023-06-27 09:07:00,19-60,Male,3,3,5,2,1,0,3,3,ASHA_7521,1,3,2919,23,Mild
Imphal Rural,Manipur,Manipur_District_2,2023-05-29,2023-05-28 12:48:00,0-5,Male,4,1,2,0,1,1,1,1,ASHA_5176,2,0,3534,14,Moderate
Zunheboto Village,Nagaland,Nagaland_District_2,2023-12-26,2023-12-05 18:51:00,19-60,Male,4,3,0,0,0,1,1,1,ASHA_4731,0,7,2298,14,Moderate
Agartala Rural,Tripura,Tripura_District_1,2023-07-12,2023-04-08 16:12:00,19-60,Male,11,3,0,7,6,1,0,4,ASHA_9667,1,0,4202,31,Mild
Naharlagun Village,Arunachal Pradesh,Arunachal Pradesh_District_3,2023-05-15,2023-03-02 19:17:00,0-5,Male,3,3,7,2,3,2,0,2,ASHA_6803,1,1,4379,29,Mild
Rangpo Rural,Sikkim,Sikkim_District_1,2023-08-30,2023-06-18 13:18:00,19-60,Female,2,10,1,3,1,2,9,5,ASHA_4566,2,0,3056,18,Mild
Udaipur Village,Tripura,Tripura_District_3,2023-07-17,2023-03-21 18:19:00,0-5,Male,7,3,0,4,3,2,2,2,ASHA_8775,0,0,925,27,Moderate
Barpeta Village,Assam,Assam_District_2,2023-02-20,2023-01-23 17:47:00,0-5,Female,5,0,3,4,3,3,2,2,ASHA_8522,1,4,725,19,Mild
Shillong Rural,Meghalaya,Meghalaya_District_2,2024-03-10,2023-11-24 08:45:00,0-5,Female,2,2,2,2,3,2,2,2,ASHA_8439,2,2,3494,12,Mild
Singtam Village,Sikkim,Sikkim_District_3,2024-01-05,2023-11-23 12:49:00,0-5,Female,0,4,4,1,3,2,4,3,ASHA_4929,3,1,1776,26,Mild
Tuensang Village,Nagaland,Nagaland_District_1,2023-12-13,2023-08-24 10:08:00,6-18,Male,15,5,6,9,9,3,3,8,ASHA_4791,3,7,1915,35,Mild
Saitual Rural,Mizoram,Mizoram_District_3,2023-08-28,2023-05-26 19:05:00,6-18,Male,1,5,3,0,1,2,3,2,ASHA_2845,0,4,4836,18,Moderate
Tezpur Village,Arunachal Pradesh,Arunachal Pradesh_District_1,2023-12-28,2023-12-02 07:29:00,0-5,Female,4,5,5,2,2,1,6,2,ASHA_2449,4,6,1009,20,Mild
Saitual Rural,Mizoram,Mizoram_District_3,2023-03-09,2023-02-12 06:57:00,60+,Female,8,2,3,2,2,1,3,2,ASHA_7849,2,0,2029,31,Mild
Roing Village,Arunachal Pradesh,Arunachal Pradesh_District_3,2023-04-29,2023-02-23 13:28:00,6-18,Female,1,1,7,2,3,3,1,1,ASHA_4680,4,5,4904,17,Mild
Williamnagar Village,Meghalaya,Meghalaya_District_1,2023-06-07,2023-04-08 12:46:00,60+,Female,4,3,1,2,2,0,2,2,ASHA_9863,2,0,3471,21,Mild
Naharlagun Village,Arunachal Pradesh,Arunachal Pradesh_District_2,2023-09-30,2023-09-02 17:22:00,6-18,Female,8,6,12,4,6,3,2,5,ASHA_6242,3,0,1750,33,Mild
Amarpur Village,Tripura,Tripura_District_2,2023-10-03,2023-09-02 18:03:00,6-18,Male,9,10,5,4,6,4,5,7,ASHA_2821,0,1,2424,42,Mild
Tamenglong Rural,Manipur,Manipur_District_2,2023-10-22,2023-07-06 06:04:00,6-18,Female,8,11,4,4,4,3,5,6,ASHA_3485,0,6,2801,39,Moderate
Kohima Rural,Nagaland,Nagaland_District_2,2023-08-12,2023-05-14 08:13:00,19-60,Female,2,4,0,2,1,1,0,2,ASHA_1140,4,1,3683,18,Mild
Bomdila Rural,Arunachal Pradesh,Arunachal Pradesh_District_2,2023-07-02,2023-06-09 12:20:00,0-5,Female,5,0,6,1,3,3,0,1,ASHA_5436,3,1,2081,20,Mild
Itanagar Rural,Arunachal Pradesh,Arunachal Pradesh_District_2,2024-02-26,2023-12-01 10:09:00,6-18,Female,6,5,0,5,1,0,2,2,ASHA_2341,0,6,4814,25,Mild
Resubelpara Rural,Meghalaya,Meghalaya_District_2,2023-03-07,2023-02-16 18:57:00,0-5,Female,4,4,3,2,2,0,0,2,ASHA_5284,2,0,2723,22,Moderate
Hnahthial Village,Mizoram,Mizoram_District_2,2023-08-02,2023-06-10 10:24:00,6-18,Female,6,8,0,4,2,0,7,6,ASHA_9986,2,1,2609,33,Mild
Khliehriat Village,Meghalaya,Meghalaya_District_3,2023-07-15,2023-07-13 17:58:00,60+,Male,15,5,6,10,9,6,1,6,ASHA_5833,3,6,3020,40,Mild
Itanagar Rural,Arunachal Pradesh,Arunachal Pradesh_District_2,2024-03-09,2023-12-22 13:57:00,0-5,Male,4,1,0,3,1,0,2,2,ASHA_7227,0,5,4788,9,Moderate
Guwahati Rural,Assam,Assam_District_1,2023-09-28,2023-09-06 11:38:00,0-5,Female,5,3,8,2,4,5,2,2,ASHA_9732,2,0,2166,33,Mild
Teliamura Rural,Tripura,Tripura_District_1,2023-08-16,2023-07-18 17:13:00,19-60,Female,5,4,10,1,4,7,3,3,ASHA_7266,3,3,2130,26,Mild
Naharlagun Village,Arunachal Pradesh,Arunachal Pradesh_District_2,2023-10-19,2023-09-26 12:31:00,0-5,Male,4,11,16,5,7,8,2,4,ASHA_6051,0,6,2666,39,Mild
Lawngtlai Village,Mizoram,Mizoram_District_3,2023-04-17,2023-03-26 08:52:00,19-60,Male,9,2,0,6,3,0,2,4,ASHA_8848,2,2,1896,21,Mild
Silchar Village,Assam,Assam_District_1,2023-06-13,2023-06-03 14:39:00,19-60,Male,6,3,1,2,1,1,2,2,ASHA_3552,1,6,4097,17,Moderate
Aizawl Rural,Mizoram,Mizoram_District_1,2023-12-16,2023-10-11 14:10:00,6-18,Female,11,4,0,8,4,0,4,5,ASHA_2570,4,6,3882,34,Mild
Silchar Village,Assam,Assam_District_3,2023-12-07,2023-08-25 12:59:00,0-5,Male,10,15,4,11,8,3,8,11,ASHA_9870,2,5,1405,48,Mild
Phek Rural,Nagaland,Nagaland_District_2,2023-09-28,2023-08-23 10:07:00,6-18,Male,9,0,2,5,4,2,0,3,ASHA_7830,2,7,863,17,Mild
Thoubal Village,Manipur,Manipur_District_1,2023-06-08,2023-03-07 09:15:00,6-18,Male,5,2,5,2,3,2,1,2,ASHA_7512,2,5,2092,21,Mild
Jowai Rural,Meghalaya,Meghalaya_District_2,2023-12-31,2023-10-27 13:53:00,0-5,Male,0,0,0,1,0,0,3,2,ASHA_2724,4,7,2175,9,Moderate
Tura Village,Meghalaya,Meghalaya_District_3,2023-08-03,2023-07-03 07:07:00,6-18,Male,6,9,5,5,2,0,5,5,ASHA_2596,2,4,2731,34,Mild
Mangan Village,Sikkim,Sikkim_District_3,2023-12-21,2023-12-13 08:01:00,6-18,Female,0,4,3,1,1,1,2,1,ASHA_6182,0,0,3352,20,Mild
Dibrugarh Rural,Assam,Assam_District_3,2024-02-11,2023-11-09 19:21:00,60+,Male,5,8,4,1,3,3,4,3,ASHA_8354,2,7,1704,31,Severe
Itanagar Rural,Arunachal Pradesh,Arunachal Pradesh_District_1,2023-12-17,2023-12-14 15:09:00,19-60,Female,6,5,4,4,4,2,0,2,ASHA_5489,3,2,3290,19,Mild
Khliehriat Village,Meghalaya,Meghalaya_District_1,2023-12-12,2023-10-22 14:03:00,0-5,Male,4,5,2,4,4,1,2,4,ASHA_3842,0,5,1189,23,Mild
Tura Village,Meghalaya,Meghalaya_District_1,2023-01-06,2023-01-01 19:23:00,6-18,Male,3,5,9,0,3,5,2,1,ASHA_3454,4,6,3190,24,Moderate
Teliamura Rural,Tripura,Tripura_District_1,2024-03-12,2023-12-10 18:16:00,60+,Male,2,0,0,1,1,1,1,1,ASHA_6071,1,2,2304,9,Mild
Tezpur Rural,Assam,Assam_District_2,2023-09-05,2023-05-10 16:31:00,0-5,Male,7,3,0,7,4,1,1,2,ASHA_2475,4,6,1050,26,Mild
Tezpur Village,Arunachal Pradesh,Arunachal Pradesh_District_3,2023-11-21,2023-10-13 18:43:00,19-60,Male,4,2,2,2,3,2,1,2,ASHA_7780,2,7,3559,14,Mild
Tuensang Village,Nagaland,Nagaland_District_3,2023-05-01,2023-03-24 16:59:00,60+,Male,2,0,6,1,3,4,0,1,ASHA_7348,4,2,3127,12,Mild
Barpeta Village,Assam,Assam_District_1,2024-02-23,2023-12-17 09:59:00,19-60,Female,3,3,10,4,4,4,2,2,ASHA_8868,2,6,1143,27,Mild
Agartala Rural,Tripura,Tripura_District_2,2023-03-12,2023-01-11 12:52:00,19-60,Male,3,9,4,2,1,0,3,3,ASHA_3355,1,7,4304,31,Mild
Gyalshing Rural,Sikkim,Sikkim_District_1,2023-10-06,2023-08-21 13:33:00,19-60,Male,6,6,2,3,2,0,2,4,ASHA_3090,1,3,1263,26,Moderate
Churachandpur Village,Manipur,Manipur_District_1,2023-10-02,2023-08-19 09:43:00,0-5,Male,11,9,8,7,8,5,3,6,ASHA_1310,4,4,4184,34,Mild
Saitual Rural,Mizoram,Mizoram_District_1,2023-03-29,2023-03-06 10:51:00,6-18,Male,1,2,7,2,2,4,2,1,ASHA_8529,3,6,3993,26,Mild
Tuensang Village,Nagaland,Nagaland_District_1,2023-05-10,2023-04-10 19:47:00,19-60,Female,6,7,0,6,3,0,3,4,ASHA_5245,0,2,4930,23,Mild
Phek Rural,Nagaland,Nagaland_District_2,2023-10-23,2023-08-14 08:13:00,6-18,Male,0,0,5,0,3,6,1,0,ASHA_3743,0,0,3380,20,Mild
Nongpoh Village,Meghalaya,Meghalaya_District_2,2024-02-05,2023-11-09 18:43:00,6-18,Female,13,3,3,4,4,0,0,3,ASHA_1887,1,4,3443,26,Moderate
Tezpur Village,Arunachal Pradesh,Arunachal Pradesh_District_1,2024-02-25,2023-11-27 12:49:00,19-60,Male,3,4,4,2,4,3,1,2,ASHA_6563,0,1,2940,29,Moderate
Pakyong Village,Sikkim,Sikkim_District_2,2023-08-31,2023-06-30 09:53:00,6-18,Female,0,5,3,2,1,1,1,1,ASHA_2205,1,0,3450,16,Mild
Kailashahar Village,Tripura,Tripura_District_1,2024-01-19,2023-10-21 08:15:00,19-60,Male,9,4,1,1,0,0,2,1,ASHA_3419,0,5,4918,33,Mild
Gyalshing Rural,Sikkim,Sikkim_District_2,2023-12-20,2023-10-10 06:37:00,6-18,Female,9,1,1,4,3,0,0,3,ASHA_3029,1,5,4246,21,Severe
Kailashahar Village,Tripura,Tripura_District_1,2023-03-02,2023-01-18 08:43:00,6-18,Female,0,5,4,0,1,0,2,1,ASHA_5444,2,1,2676,24,Mild
Jorethang Rural,Sikkim,Sikkim_District_3,2024-01-31,2023-12-19 18:09:00,60+,Male,8,6,5,6,3,1,1,2,ASHA_5661,4,0,3386,31,Mild
Jorhat Village,Assam,Assam_District_3,2023-11-06,2023-09-05 09:13:00,6-18,Male,9,9,11,7,9,7,5,8,ASHA_4338,3,3,4311,34,Mild
Tawang Rural,Arunachal Pradesh,Arunachal Pradesh_District_2,2023-10-10,2023-09-03 17:48:00,19-60,Male,11,0,2,8,6,1,0,4,ASHA_5052,2,3,3032,18,Mild
Imphal Rural,Manipur,Manipur_District_1,2024-02-07,2023-11-08 07:05:00,6-18,Male,3,5,2,5,1,0,1,2,ASHA_9178,3,0,2989,20,Severe
Lunglei Village,Mizoram,Mizoram_District_3,2023-03-03,2023-02-08 17:10:00,19-60,Male,7,2,0,6,3,0,3,3,ASHA_8095,3,3,1674,16,Moderate
Lawngtlai Village,Mizoram,Mizoram_District_3,2023-02-03,2023-01-27 12:13:00,0-5,Female,5,3,1,0,0,1,1,1,ASHA_5875,2,2,1971,22,Mild
Tuensang Village,Nagaland,Nagaland_District_3,2023-12-13,2023-10-15 06:06:00,0-5,Female,10,3,6,7,3,0,2,3,ASHA_8048,2,5,707,25,Mild
Tawang Rural,Arunachal Pradesh,Arunachal Pradesh_District_1,2023-10-02,2023-09-23 11:56:00,0-5,Female,10,2,6,6,6,4,1,4,ASHA_2557,2,7,4778,31,Moderate
Belonia Rural,Tripura,Tripura_District_2,2023-02-02,2023-01-10 07:49:00,19-60,Female,7,4,4,4,4,1,5,4,ASHA_4291,0,2,1847,22,Mild
Rangpo Rural,Sikkim,Sikkim_District_1,2023-08-07,2023-06-23 10:16:00,0-5,Male,7,1,0,5,3,0,0,3,ASHA_1845,4,2,1744,14,Moderate
Wokha Rural,Nagaland,Nagaland_District_3,2023-09-22,2023-09-21 15:08:00,60+,Female,9,6,12,6,8,8,1,4,ASHA_7156,1,5,1272,36,Mild
Kailashahar Village,Tripura,Tripura_District_3,2023-04-06,2023-03-10 07:28:00,60+,Male,7,4,5,3,3,1,2,2,ASHA_7642,3,2,1643,29,Mild
Silchar Village,Assam,Assam_District_2,2024-02-13,2023-12-10 10:49:00,0-5,Female,9,1,7,6,5,2,1,4,ASHA_5581,2,0,726,27,Mild
Kolasib Rural,Mizoram,Mizoram_District_1,2023-06-20,2023-05-06 19:28:00,6-18,Female,7,1,4,2,2,1,2,2,ASHA_8521,1,1,3319,21,Mild
Williamnagar Village,Meghalaya,Meghalaya_District_3,2023-09-23,2023-06-08 13:35:00,0-5,Female,7,8,7,5,4,3,5,5,ASHA_8458,4,2,2063,31,Mild
Namchi Village,Sikkim,Sikkim_District_1,2023-03-21,2023-03-09 12:06:00,19-60,Male,6,2,5,3,3,0,2,3,ASHA_9789,3,6,4126,22,Moderate
Tawang Rural,Arunachal Pradesh,Arunachal Pradesh_District_2,2023-10-17,2023-07-23 15:20:00,6-18,Male,6,4,6,5,4,3,5,5,ASHA_3238,3,3,2886,26,Mild
Mangan Village,Sikkim,Sikkim_District_2,2023-05-22,2023-03-12 10:49:00,19-60,Female,5,4,3,3,3,1,0,2,ASHA_9367,1,1,2890,29,Moderate
Gangtok Rural,Sikkim,Sikkim_District_2,2023-06-16,2023-03-31 08:41:00,6-18,Male,3,9,5,4,3,3,4,5,ASHA_7792,3,7,3321,30,Moderate
Bishnupur Rural,Manipur,Manipur_District_2,2023-08-01,2023-05-13 11:00:00,6-18,Male,2,0,3,0,2,2,0,0,ASHA_5808,4,6,4716,15,Mild
Serchhip Village,Mizoram,Mizoram_District_1,2023-11-29,2023-11-22 13:30:00,0-5,Male,9,9,1,5,4,2,5,6,ASHA_4875,2,0,1348,34,Mild
Tezpur Rural,Assam,Assam_District_1,2023-05-23,2023-02-17 06:55:00,6-18,Female,0,4,1,1,0,4,1,1,ASHA_4041,3,1,2131,17,Mild
Ukhrul Village,Manipur,Manipur_District_2,2023-08-01,2023-06-22 16:58:00,19-60,Male,4,7,2,1,3,3,5,3,ASHA_6208,1,3,4382,32,Mild
Tamenglong Rural,Manipur,Manipur_District_3,2023-04-03,2023-01-15 19:11:00,60+,Female,4,8,4,3,2,0,3,4,ASHA_5008,1,4,1736,29,Mild
Bishnupur Rural,Manipur,Manipur_District_3,2023-11-09,2023-10-05 18:47:00,60+,Female,11,0,2,5,5,2,3,4,ASHA_5416,0,5,2950,20,Severe
Gangtok Rural,Sikkim,Sikkim_District_2,2023-04-27,2023-03-10 10:48:00,19-60,Male,5,3,1,3,1,0,4,2,ASHA_6834,0,7,4612,22,Mild
Lunglei Village,Mizoram,Mizoram_District_3,2023-07-14,2023-04-21 15:36:00,6-18,Female,5,2,5,4,4,3,1,2,ASHA_7227,4,6,2309,28,Mild
Tamenglong Rural,Manipur,Manipur_District_1,2023-12-20,2023-08-30 13:21:00,60+,Female,9,0,6,6,7,4,1,4,ASHA_3739,4,6,2489,22,Mild
Shillong Rural,Meghalaya,Meghalaya_District_1,2023-12-24,2023-09-10 14:35:00,0-5,Male,12,3,0,5,3,0,1,4,ASHA_8079,4,7,1512,22,Mild
Namchi Village,Sikkim,Sikkim_District_1,2023-11-01,2023-08-06 08:20:00,19-60,Female,13,5,3,9,7,1,3,6,ASHA_6060,3,5,1586,34,Moderate
Imphal Rural,Manipur,Manipur_District_3,2023-11-26,2023-09-22 07:56:00,6-18,Female,7,10,3,5,4,1,6,7,ASHA_7217,3,4,702,38,Mild
Amarpur Village,Tripura,Tripura_District_2,2023-11-04,2023-09-02 18:03:00,6-18,Male,7,13,5,4,6,4,5,7,ASHA_2821,0,1,2424,34,Mild
Champhai Rural,Mizoram,Mizoram_District_3,2023-05-26,2023-01-31 12:59:00,19-60,Male,1,4,1,0,1,0,0,1,ASHA_4768,2,3,2673,18,Mild
Tezpur Rural,Assam,Assam_District_2,2023-05-30,2023-05-05 06:24:00,0-5,Male,5,1,4,0,1,0,1,0,ASHA_3803,3,3,1603,24,Moderate
Jowai Rural,Meghalaya,Meghalaya_District_1,2023-07-09,2023-03-17 12:42:00,19-60,Male,5,4,0,1,1,1,2,2,ASHA_4839,1,7,1384,23,Mild
Karimganj Village,Assam,Assam_District_2,2023-11-10,2023-08-24 19:55:00,19-60,Female,9,7,1,5,3,3,7,8,ASHA_4301,0,4,4510,23,Mild
Pakyong Village,Sikkim,Sikkim_District_2,2023-05-11,2023-02-26 11:04:00,0-5,Male,6,4,3,4,3,1,3,3,ASHA_6289,2,0,2142,23,Mild
Lawngtlai Village,Mizoram,Mizoram_District_1,2023-08-15,2023-06-05 17:41:00,6-18,Male,13,7,5,6,6,1,4,7,ASHA_4907,2,4,4763,44,Mild
Teliamura Rural,Tripura,Tripura_District_2,2023-11-28,2023-08-23 13:11:00,0-5,Male,3,6,5,3,4,5,3,3,ASHA_3766,0,5,1633,32,Moderate
Guwahati Rural,Assam,Assam_District_3,2023-04-29,2023-02-06 09:01:00,60+,Male,3,3,2,2,2,2,1,2,ASHA_3032,3,5,4873,24,Mild
Gyalshing Rural,Sikkim,Sikkim_District_2,2023-11-08,2023-10-27 10:16:00,6-18,Male,6,8,6,2,4,5,2,3,ASHA_7084,3,5,3256,24,Mild
Dibrugarh Rural,Assam,Assam_District_3,2024-02-10,2023-11-09 19:21:00,60+,Male,3,9,9,1,3,3,4,3,ASHA_8354,2,7,1704,31,Severe
Barpeta Village,Assam,Assam_District_1,2023-05-26,2023-02-28 19:17:00,6-18,Male,2,5,7,0,2,3,7,1,ASHA_7540,3,0,648,18,Mild
Bishnupur Rural,Manipur,Manipur_District_1,2023-11-26,2023-08-09 16:13:00,19-60,Female,7,6,7,5,8,7,1,3,ASHA_2667,0,0,4969,28,Mild
Jiribam Village,Manipur,Manipur_District_3,2024-01-22,2023-10-02 15:48:00,19-60,Male,6,3,1,4,2,0,1,2,ASHA_6699,4,4,2683,27,Mild
Khowai Village,Tripura,Tripura_District_3,2024-02-23,2023-11-02 16:07:00,6-18,Male,3,0,4,2,2,1,2,2,ASHA_7173,1,5,2249,17,Mild
Imphal Rural,Manipur,Manipur_District_3,2023-04-07,2023-04-01 17:52:00,19-60,Male,5,0,4,1,3,5,0,1,ASHA_1994,1,7,1048,15,Mild
Kolasib Rural,Mizoram,Mizoram_District_3,2023-11-05,2023-08-22 11:14:00,6-18,Male,2,5,6,1,3,4,3,3,ASHA_2540,0,5,1860,28,Moderate
Singtam Village,Sikkim,Sikkim_District_3,2023-09-09,2023-05-20 13:30:00,19-60,Male,3,5,5,2,3,2,3,2,ASHA_9629,4,4,1103,29,Moderate
Silchar Village,Assam,Assam_District_3,2023-12-29,2023-09-05 13:44:00,19-60,Female,5,9,3,4,3,1,6,6,ASHA_1723,2,2,2458,31,Mild
Baghmara Rural,Meghalaya,Meghalaya_District_1,2023-11-04,2023-08-30 13:22:00,6-18,Female,0,5,13,0,3,5,3,2,ASHA_8589,3,2,841,34,Moderate
Ziro Village,Arunachal Pradesh,Arunachal Pradesh_District_2,2023-06-27,2023-03-10 11:36:00,60+,Female,4,2,3,0,1,2,0,1,ASHA_7818,4,7,691,24,Mild
Thoubal Village,Manipur,Manipur_District_1,2023-09-20,2023-06-07 13:14:00,19-60,Male,5,4,4,5,4,4,2,5,ASHA_9366,1,4,946,27,Mild
Saitual Rural,Mizoram,Mizoram_District_3,2023-02-13,2023-02-12 06:57:00,60+,Female,3,4,1,2,2,1,3,2,ASHA_7849,2,0,2029,26,Mild
Silchar Village,Assam,Assam_District_2,2023-06-11,2023-02-25 19:39:00,19-60,Male,5,4,5,0,1,1,0,1,ASHA_9776,3,3,1037,23,Mild
Roing Village,Arunachal Pradesh,Arunachal Pradesh_District_1,2023-06-27,2023-04-12 13:03:00,19-60,Female,2,7,5,3,2,1,3,2,ASHA_4763,1,6,1958,25,Severe
Ziro Village,Arunachal Pradesh,Arunachal Pradesh_District_1,2023-12-25,2023-10-17 18:33:00,0-5,Female,5,3,2,3,3,2,3,3,ASHA_7788,1,5,3606,23,Mild
Mangan Village,Sikkim,Sikkim_District_2,2023-11-25,2023-11-03 14:21:00,19-60,Male,3,5,4,2,3,1,0,2,ASHA_1751,1,5,3579,26,Mild
Lawngtlai Village,Mizoram,Mizoram_District_2,2024-01-09,2023-09-21 07:53:00,0-5,Female,16,11,2,8,7,1,8,10,ASHA_4206,3,6,3991,40,Mild
Jiribam Village,Manipur,Manipur_District_2,2023-02-10,2023-01-05 10:59:00,0-5,Male,3,1,2,1,1,2,4,1,ASHA_8984,2,0,3891,17,Moderate
Barpeta Village,Assam,Assam_District_3,2023-12-12,2023-10-23 13:12:00,0-5,Male,4,0,3,1,0,1,0,1,ASHA_9365,1,5,3776,13,Mild
Barpeta Village,Assam,Assam_District_1,2023-03-17,2023-02-09 15:56:00,60+,Male,5,2,1,3,1,1,0,1,ASHA_4174,3,6,1985,22,Severe
Silchar Village,Assam,Assam_District_3,2023-12-30,2023-09-05 13:44:00,19-60,Female,6,12,0,4,3,1,6,6,ASHA_1723,2,2,2458,23,Mild
Agartala Rural,Tripura,Tripura_District_3,2023-11-15,2023-09-18 17:12:00,0-5,Male,4,2,11,5,6,9,1,3,ASHA_4391,1,4,1928,28,Mild
Hnahthial Village,Mizoram,Mizoram_District_1,2023-02-20,2023-02-06 07:15:00,0-5,Female,3,0,0,4,2,0,0,1,ASHA_8633,3,7,2082,13,Mild
Nagaon Rural,Assam,Assam_District_1,2023-08-14,2023-08-12 12:58:00,19-60,Male,16,7,5,9,9,3,4,9,ASHA_7152,3,7,1207,44,Mild
Pasighat Rural,Arunachal Pradesh,Arunachal Pradesh_District_2,2023-10-16,2023-06-21 15:56:00,0-5,Female,5,9,7,2,2,1,4,4,ASHA_4147,1,7,816,32,Moderate
Hnahthial Village,Mizoram,Mizoram_District_1,2023-05-04,2023-04-05 15:02:00,0-5,Male,3,3,6,4,4,3,1,2,ASHA_4724,3,0,1385,16,Mild
Lunglei Village,Mizoram,Mizoram_District_2,2023-12-08,2023-09-07 06:09:00,0-5,Male,10,8,3,10,6,2,8,8,ASHA_4445,1,2,3891,33,Mild
Khliehriat Village,Meghalaya,Meghalaya_District_2,2023-09-10,2023-09-06 09:36:00,0-5,Male,8,3,1,4,4,2,4,5,ASHA_7311,4,7,1488,19,Severe
Saitual Rural,Mizoram,Mizoram_District_2,2023-10-07,2023-06-22 08:49:00,6-18,Male,1,2,0,1,1,0,1,2,ASHA_9124,1,4,1552,13,Moderate
Lawngtlai Village,Mizoram,Mizoram_District_1,2023-08-14,2023-05-28 14:10:00,19-60,Female,4,6,4,1,3,2,1,2,ASHA_5876,1,4,1730,22,Mild
Guwahati Rural,Assam,Assam_District_1,2023-12-09,2023-11-12 07:50:00,19-60,Male,2,2,2,1,1,3,2,1,ASHA_3265,2,4,918,12,Mild
Naharlagun Village,Arunachal Pradesh,Arunachal Pradesh_District_3,2023-04-19,2023-01-03 13:40:00,60+,Female,0,5,3,1,1,1,3,2,ASHA_7619,0,0,1323,27,Mild
Ukhrul Village,Manipur,Manipur_District_1,2023-07-09,2023-06-03 18:57:00,0-5,Female,0,12,3,0,1,1,4,3,ASHA_6789,1,7,2305,23,Moderate
Jiribam Village,Manipur,Manipur_District_2,2024-04-06,2023-12-09 09:01:00,6-18,Male,0,2,1,2,0,0,2,1,ASHA_8949,2,7,1888,15,Moderate
Khliehriat Village,Meghalaya,Meghalaya_District_2,2023-04-19,2023-02-06 17:46:00,19-60,Male,1,7,0,0,2,2,2,2,ASHA_7719,4,1,1629,25,Moderate
Jowai Rural,Meghalaya,Meghalaya_District_3,2023-04-09,2023-02-14 15:34:00,0-5,Male,5,4,3,4,3,0,0,2,ASHA_2306,3,5,872,21,Moderate
Aizawl Rural,Mizoram,Mizoram_District_1,2023-10-18,2023-10-11 14:10:00,6-18,Female,7,4,1,8,4,0,4,5,ASHA_2570,4,6,3882,30,Mild
Rangpo Rural,Sikkim,Sikkim_District_3,2023-12-22,2023-11-21 15:51:00,6-18,Male,5,1,12,1,4,7,2,2,ASHA_9183,4,3,2211,28,Mild
Dibrugarh Rural,Assam,Assam_District_2,2023-02-04,2023-01-28 07:46:00,19-60,Female,1,7,4,1,1,3,1,0,ASHA_2141,4,1,3682,31,Moderate
Aizawl Rural,Mizoram,Mizoram_District_2,2023-07-25,2023-04-14 18:14:00,6-18,Female,8,7,1,5,3,0,2,4,ASHA_7299,2,5,4052,27,Moderate
Namchi Village,Sikkim,Sikkim_District_2,2023-09-19,2023-09-07 13:18:00,0-5,Female,1,3,8,1,3,7,2,1,ASHA_6411,0,2,4327,16,Mild
Williamnagar Village,Meghalaya,Meghalaya_District_1,2023-06-19,2023-06-05 12:09:00,19-60,Female,2,8,3,1,2,1,3,3,ASHA_8840,0,7,3359,30,Mild
Naharlagun Village,Arunachal Pradesh,Arunachal Pradesh_District_3,2023-03-17,2023-03-02 19:17:00,0-5,Male,5,4,6,2,3,2,0,2,ASHA_6803,1,1,4379,32,Mild
Singtam Village,Sikkim,Sikkim_District_2,2023-11-18,2023-07-25 13:40:00,6-18,Male,15,8,11,13,15,9,2,10,ASHA_5450,1,0,3478,53,Mild
Ziro Village,Arunachal Pradesh,Arunachal Pradesh_District_3,2023-07-12,2023-03-18 12:32:00,0-5,Female,5,2,1,2,2,1,1,2,ASHA_3076,0,1,3081,13,Severe
Nongpoh Village,Meghalaya,Meghalaya_District_1,2023-10-02,2023-07-08 16:15:00,6-18,Female,7,8,0,7,4,0,5,7,ASHA_9982,3,1,3348,32,Mild
Resubelpara Rural,Meghalaya,Meghalaya_District_1,2023-12-22,2023-12-13 16:01:00,0-5,Female,6,0,3,2,1,0,1,1,ASHA_2256,4,3,1567,18,Moderate
Amarpur Village,Tripura,Tripura_District_3,2024-01-23,2023-11-24 12:42:00,19-60,Female,2,4,4,1,0,1,1,1,ASHA_3756,3,5,4560,27,Mild
Kolasib Rural,Mizoram,Mizoram_District_2,2024-04-02,2023-12-11 06:33:00,0-5,Female,3,4,2,2,0,1,4,1,ASHA_4247,4,1,2067,28,Mild
Gangtok Rural,Sikkim,Sikkim_District_2,2023-12-08,2023-11-26 08:53:00,19-60,Male,3,3,4,4,2,2,1,2,ASHA_2812,2,6,790,17,Mild
Bomdila Rural,Arunachal Pradesh,Arunachal Pradesh_District_1,2024-01-02,2023-09-29 12:48:00,19-60,Male,10,3,9,9,9,5,2,6,ASHA_3260,2,2,2551,31,Moderate
Kailashahar Village,Tripura,Tripura_District_1,2023-09-16,2023-09-13 09:56:00,6-18,Male,4,3,4,1,2,1,2,2,ASHA_3786,1,3,3127,19,Mild
Singtam Village,Sikkim,Sikkim_District_2,2023-08-31,2023-05-27 06:55:00,19-60,Male,5,2,1,1,1,1,3,1,ASHA_8527,2,2,3098,16,Moderate
Singtam Village,Sikkim,Sikkim_District_2,2024-02-26,2023-12-23 17:07:00,6-18,Male,6,10,3,4,1,0,7,3,ASHA_9552,0,2,3127,32,Severe
Udaipur Village,Tripura,Tripura_District_2,2024-04-01,2023-12-17 11:08:00,0-5,Female,9,8,5,6,4,0,3,4,ASHA_4554,3,2,3423,32,Mild
Tura Village,Meghalaya,Meghalaya_District_1,2023-02-20,2023-01-01 19:23:00,6-18,Male,6,2,8,0,3,5,2,1,ASHA_3454,4,6,3190,30,Moderate
Nongpoh Village,Meghalaya,Meghalaya_District_3,2024-01-10,2023-10-08 10:51:00,19-60,Male,7,8,4,5,3,1,3,5,ASHA_5832,1,7,3183,33,Mild
Silchar Village,Assam,Assam_District_1,2023-08-09,2023-04-30 13:30:00,60+,Female,4,7,2,2,1,1,4,3,ASHA_2489,2,0,3191,20,Mild
Tamenglong Rural,Manipur,Manipur_District_2,2023-08-14,2023-07-06 06:04:00,6-18,Female,3,9,5,4,4,3,5,6,ASHA_3485,0,6,2801,21,Moderate
Naharlagun Village,Arunachal Pradesh,Arunachal Pradesh_District_1,2023-11-03,2023-08-18 14:20:00,19-60,Male,5,3,1,1,1,0,3,3,ASHA_4539,0,3,3616,24,Mild
Aizawl Rural,Mizoram,Mizoram_District_3,2024-02-02,2023-12-09 18:00:00,60+,Female,0,2,4,3,3,2,3,3,ASHA_3101,2,3,988,12,Moderate
Mangan Village,Sikkim,Sikkim_District_3,2023-06-20,2023-04-29 15:32:00,6-18,Female,0,0,6,2,1,1,2,0,ASHA_8050,4,7,1823,13,Mild
Ukhrul Village,Manipur,Manipur_District_2,2023-07-24,2023-04-19 16:49:00,19-60,Female,3,0,0,0,0,0,0,0,ASHA_8971,0,5,3089,16,Mild
Jiribam Village,Manipur,Manipur_District_2,2023-02-09,2023-01-13 12:32:00,19-60,Male,1,7,3,1,2,1,2,2,ASHA_7256,3,2,1826,19,Moderate
Hnahthial Village,Mizoram,Mizoram_District_3,2023-05-12,2023-04-27 06:40:00,19-60,Male,6,5,1,3,1,3,4,3,ASHA_3562,4,5,2230,19,Mild
Ziro Village,Arunachal Pradesh,Arunachal Pradesh_District_1,2023-06-02,2023-04-05 13:17:00,19-60,Female,5,2,1,1,2,1,1,1,ASHA_2057,3,7,2385,16,Mild
Jorethang Rural,Sikkim,Sikkim_District_1,2023-08-01,2023-04-25 17:43:00,19-60,Female,3,2,4,1,1,0,4,3,ASHA_1987,2,4,3487,21,Mild
Kiphire Village,Nagaland,Nagaland_District_1,2023-04-12,2023-03-23 12:09:00,6-18,Female,6,0,0,4,3,0,0,2,ASHA_9000,0,0,2902,23,Mild
Kiphire Village,Nagaland,Nagaland_District_2,2023-12-15,2023-11-04 19:03:00,6-18,Female,2,3,3,1,2,2,2,2,ASHA_9035,2,5,1218,27,Mild
Ziro Village,Arunachal Pradesh,Arunachal Pradesh_District_2,2023-06-22,2023-04-03 18:51:00,6-18,Male,6,7,9,5,6,3,1,4,ASHA_9519,2,5,1768,37,Mild
Belonia Rural,Tripura,Tripura_District_2,2023-07-02,2023-05-06 07:27:00,0-5,Male,2,1,5,1,1,1,1,1,ASHA_6736,0,4,3253,26,Mild
Roing Village,Arunachal Pradesh,Arunachal Pradesh_District_3,2023-11-24,2023-09-12 07:00:00,19-60,Male,14,3,18,8,13,10,2,5,ASHA_4982,4,5,4029,47,Mild
Baghmara Rural,Meghalaya,Meghalaya_District_2,2023-06-24,2023-04-22 15:34:00,19-60,Female,6,2,4,6,4,1,4,3,ASHA_3864,0,4,762,22,Mild
Nagaon Rural,Assam,Assam_District_2,2023-08-15,2023-05-10 17:40:00,60+,Female,8,1,3,3,3,1,0,1,ASHA_5604,4,0,1632,29,Mild
Lunglei Village,Mizoram,Mizoram_District_2,2023-05-30,2023-02-14 09:16:00,0-5,Male,1,6,7,0,1,2,3,1,ASHA_6938,2,3,2145,22,Mild
Pasighat Rural,Arunachal Pradesh,Arunachal Pradesh_District_1,2023-05-27,2023-04-03 15:49:00,19-60,Male,5,2,5,2,1,1,1,1,ASHA_1448,1,2,3316,29,Mild
Mangan Village,Sikkim,Sikkim_District_1,2023-06-11,2023-04-20 17:50:00,0-5,Male,2,2,2,1,2,1,1,2,ASHA_6827,0,2,1883,25,Mild
Nongpoh Village,Meghalaya,Meghalaya_District_1,2023-10-26,2023-09-22 10:00:00,0-5,Male,7,9,1,8,3,1,2,4,ASHA_5101,2,1,1479,27,Moderate
Shillong Rural,Meghalaya,Meghalaya_District_2,2023-06-11,2023-04-19 15:10:00,19-60,Female,9,1,2,5,3,0,1,3,ASHA_8445,3,3,1018,26,Mild
Belonia Rural,Tripura,Tripura_District_1,2023-09-06,2023-05-29 19:21:00,0-5,Male,13,5,2,5,4,0,1,4,ASHA_2028,2,4,507,36,Mild
Jorethang Rural,Sikkim,Sikkim_District_1,2023-04-15,2023-02-14 12:57:00,6-18,Female,1,2,0,2,0,0,2,1,ASHA_6150,4,6,3638,19,Moderate
Barpeta Village,Assam,Assam_District_1,2023-09-17,2023-06-26 14:28:00,0-5,Female,7,6,4,4,3,1,3,3,ASHA_7740,1,6,1487,24,Moderate
Namchi Village,Sikkim,Sikkim_District_2,2023-05-08,2023-03-19 08:22:00,19-60,Male,3,7,0,1,0,1,3,3,ASHA_1605,1,5,1876,29,Moderate
Udaipur Village,Tripura,Tripura_District_1,2023-04-24,2023-01-29 07:24:00,6-18,Female,3,3,5,6,3,2,2,2,ASHA_5588,2,1,3433,23,Mild
Shillong Rural,Meghalaya,Meghalaya_District_1,2023-08-25,2023-06-01 09:21:00,0-5,Male,10,6,9,5,7,5,4,5,ASHA_9422,1,3,3268,29,Severe
Teliamura Rural,Tripura,Tripura_District_1,2023-09-13,2023-07-12 08:37:00,19-60,Female,13,4,0,7,4,1,4,6,ASHA_4927,0,6,1155,22,Severe
Karimganj Village,Assam,Assam_District_3,2023-07-15,2023-03-25 07:12:00,0-5,Male,4,3,5,2,2,2,1,2,ASHA_6277,0,5,3975,27,Severe
Dharmanagar Rural,Tripura,Tripura_District_2,2024-01-12,2023-09-29 18:40:00,0-5,Male,7,3,8,4,6,5,3,3,ASHA_4343,1,2,1109,28,Moderate
Kolasib Rural,Mizoram,Mizoram_District_2,2023-07-09,2023-06-20 07:32:00,0-5,Female,16,6,13,9,12,11,1,6,ASHA_1328,3,1,3725,40,Moderate
Baghmara Rural,Meghalaya,Meghalaya_District_2,2023-03-12,2023-02-12 07:25:00,60+,Male,3,2,1,4,3,1,0,2,ASHA_3889,3,4,2992,18,Mild
Kailashahar Village,Tripura,Tripura_District_1,2023-11-21,2023-07-30 14:57:00,6-18,Male,7,5,3,3,2,1,5,5,ASHA_4586,4,3,509,28,Mild
Ziro Village,Arunachal Pradesh,Arunachal Pradesh_District_3,2023-09-12,2023-07-26 19:18:00,60+,Male,1,0,0,1,1,0,1,2,ASHA_1813,0,1,3232,6,Mild
Roing Village,Arunachal Pradesh,Arunachal Pradesh_District_1,2023-06-02,2023-04-26 09:40:00,0-5,Female,2,4,6,1,2,1,5,3,ASHA_8944,0,7,759,21,Mild
Tawang Rural,Arunachal Pradesh,Arunachal Pradesh_District_2,2023-09-16,2023-06-13 14:57:00,6-18,Female,11,10,11,5,7,6,7,7,ASHA_1415,1,0,1072,43,Mild
Tamenglong Rural,Manipur,Manipur_District_1,2023-11-30,2023-09-19 19:55:00,0-5,Female,12,3,2,10,7,1,4,7,ASHA_3949,1,4,3079,33,Mild
Khowai Village,Tripura,Tripura_District_1,2023-06-07,2023-05-22 06:47:00,19-60,Male,3,4,0,4,3,2,2,2,ASHA_2370,0,6,1394,21,Mild
Lunglei Village,Mizoram,Mizoram_District_3,2023-12-20,2023-12-09 09:55:00,0-5,Male,5,4,7,2,2,3,3,1,ASHA_1617,0,2,1867,21,Moderate
Kailashahar Village,Tripura,Tripura_District_3,2023-12-25,2023-09-19 10:18:00,19-60,Male,6,3,0,4,3,0,1,4,ASHA_7354,3,2,3943,22,Mild
Teliamura Rural,Tripura,Tripura_District_1,2023-09-25,2023-06-25 06:43:00,19-60,Female,5,12,0,3,2,0,7,6,ASHA_9922,4,6,3628,35,Mild
Amarpur Village,Tripura,Tripura_District_1,2024-01-02,2023-11-21 17:34:00,6-18,Male,7,1,2,4,3,1,0,1,ASHA_1929,4,0,2626,14,Moderate
Singtam Village,Sikkim,Sikkim_District_2,2023-10-09,2023-06-28 18:53:00,6-18,Male,6,3,3,4,3,2,5,5,ASHA_6681,0,4,2616,31,Moderate
Jowai Rural,Meghalaya,Meghalaya_District_3,2023-11-21,2023-11-06 13:49:00,0-5,Male,0,5,5,3,1,2,5,3,ASHA_7647,2,7,3389,15,Mild
Singtam Village,Sikkim,Sikkim_District_3,2024-03-06,2023-11-23 12:49:00,0-5,Female,4,7,4,1,3,2,4,3,ASHA_4929,3,1,1776,28,Mild
Naharlagun Village,Arunachal Pradesh,Arunachal Pradesh_District_1,2023-04-06,2023-03-27 17:47:00,0-5,Female,1,7,5,1,1,0,2,1,ASHA_1471,3,7,2479,22,Mild
Mokokchung Rural,Nagaland,Nagaland_District_2,2023-04-08,2023-01-22 09:06:00,0-5,Female,9,8,3,3,3,0,4,3,ASHA_1922,3,1,4440,35,Mild
Ukhrul Village,Manipur,Manipur_District_3,2023-10-17,2023-07-08 13:03:00,0-5,Male,2,3,3,3,2,1,3,3,ASHA_4349,0,4,1240,25,Mild
Jorethang Rural,Sikkim,Sikkim_District_3,2023-10-20,2023-08-07 11:54:00,0-5,Male,5,2,4,3,3,4,2,2,ASHA_1468,4,0,3170,28,Mild
Mokokchung Rural,Nagaland,Nagaland_District_3,2023-04-29,2023-01-26 14:41:00,0-5,Male,10,0,5,3,3,4,2,2,ASHA_6929,4,7,4782,32,Mild
Ziro Village,Arunachal Pradesh,Arunachal Pradesh_District_3,2023-02-23,2023-01-13 15:56:00,6-18,Female,4,6,6,3,4,3,2,3,ASHA_8875,3,1,2590,33,Moderate
Tezpur Rural,Assam,Assam_District_1,2023-09-11,2023-08-07 08:08:00,6-18,Male,9,5,5,8,6,1,2,5,ASHA_2680,4,4,2539,27,Mild
Lawngtlai Village,Mizoram,Mizoram_District_2,2023-05-31,2023-04-29 11:22:00,19-60,Female,3,4,3,1,1,2,3,1,ASHA_2642,3,0,1922,21,Moderate
Bomdila Rural,Arunachal Pradesh,Arunachal Pradesh_District_3,2023-10-01,2023-09-17 17:33:00,0-5,Female,14,9,1,10,7,1,5,9,ASHA_7264,3,2,975,39,Mild
Phek Rural,Nagaland,Nagaland_District_2,2023-11-07,2023-10-04 18:39:00,6-18,Female,5,4,3,3,2,0,0,1,ASHA_8686,3,1,1156,18,Moderate
Roing Village,Arunachal Pradesh,Arunachal Pradesh_District_1,2023-08-28,2023-07-29 19:54:00,0-5,Male,8,6,8,5,7,5,1,4,ASHA_5851,3,6,735,35,Mild
Imphal Rural,Manipur,Manipur_District_3,2023-04-10,2023-01-09 16:09:00,6-18,Female,2,4,0,1,1,0,0,1,ASHA_8062,4,1,3391,18,Mild
Churachandpur Village,Manipur,Manipur_District_2,2024-01-03,2023-12-08 08:24:00,19-60,Male,4,3,2,2,2,1,1,1,ASHA_9042,3,2,934,28,Mild
Roing Village,Arunachal Pradesh,Arunachal Pradesh_District_3,2023-10-02,2023-09-12 07:00:00,19-60,Male,12,0,14,8,13,10,2,5,ASHA_4982,4,5,4029,30,Mild
Naharlagun Village,Arunachal Pradesh,Arunachal Pradesh_District_2,2023-06-14,2023-03-18 17:03:00,19-60,Male,3,5,4,0,1,1,2,1,ASHA_9330,3,7,2049,17,Severe
Ziro Village,Arunachal Pradesh,Arunachal Pradesh_District_2,2023-12-18,2023-10-14 14:42:00,60+,Male,5,7,4,4,2,2,4,3,ASHA_5674,1,5,4184,20,Mild
Barpeta Village,Assam,Assam_District_3,2023-07-28,2023-07-02 13:20:00,0-5,Male,5,5,1,3,3,2,3,4,ASHA_4340,2,3,592,23,Mild
Naharlagun Village,Arunachal Pradesh,Arunachal Pradesh_District_3,2023-10-01,2023-07-08 07:20:00,19-60,Male,7,10,4,4,6,3,7,8,ASHA_2979,1,0,1969,33,Moderate
Ukhrul Village,Manipur,Manipur_District_1,2024-01-01,2023-12-06 19:17:00,6-18,Male,6,9,4,5,4,3,4,4,ASHA_9345,4,1,984,32,Moderate
Ziro Village,Arunachal Pradesh,Arunachal Pradesh_District_3,2023-05-10,2023-02-05 07:40:00,60+,Female,2,7,5,1,1,1,2,1,ASHA_1175,3,7,1856,21,Mild
Lunglei Village,Mizoram,Mizoram_District_2,2023-01-08,2023-01-04 07:33:00,19-60,Male,3,4,0,0,0,0,2,2,ASHA_7949,1,3,4844,15,Mild
Silchar Village,Assam,Assam_District_1,2023-09-25,2023-07-16 15:03:00,60+,Male,2,7,2,4,3,1,5,5,ASHA_7838,2,1,4234,21,Mild
Williamnagar Village,Meghalaya,Meghalaya_District_2,2023-06-23,2023-04-12 15:22:00,19-60,Male,2,6,0,2,1,3,2,2,ASHA_2515,4,0,4033,12,Mild
Mangan Village,Sikkim,Sikkim_District_1,2023-07-10,2023-05-26 17:44:00,0-5,Female,3,4,4,3,2,1,3,2,ASHA_7875,4,0,2038,27,Mild
Kohima Rural,Nagaland,Nagaland_District_1,2023-06-28,2023-04-07 09:24:00,6-18,Male,4,4,2,4,3,0,3,4,ASHA_2688,4,7,547,14,Mild
Silchar Village,Assam,Assam_District_3,2023-07-06,2023-05-21 19:25:00,0-5,Female,9,9,7,4,6,5,2,3,ASHA_7402,2,4,3661,39,Severe
Roing Village,Arunachal Pradesh,Arunachal Pradesh_District_3,2023-09-04,2023-06-18 14:34:00,6-18,Female,11,2,8,6,8,5,1,4,ASHA_5020,2,5,4112,32,Mild
Imphal Rural,Manipur,Manipur_District_1,2023-04-27,2023-03-31 15:00:00,6-18,Male,5,3,3,2,1,1,0,2,ASHA_8023,2,5,1068,30,Mild
Jorethang Rural,Sikkim,Sikkim_District_3,2023-10-14,2023-08-07 11:54:00,0-5,Male,3,7,4,3,3,4,2,2,ASHA_1468,4,0,3170,29,Mild
Pakyong Village,Sikkim,Sikkim_District_2,2024-03-21,2023-12-22 12:46:00,19-60,Male,6,0,0,4,3,1,1,2,ASHA_7159,3,4,663,17,Mild
Dibrugarh Rural,Assam,Assam_District_3,2023-05-31,2023-02-05 16:16:00,6-18,Male,4,2,5,5,3,0,0,2,ASHA_3063,0,1,3252,26,Mild
Ziro Village,Arunachal Pradesh,Arunachal Pradesh_District_1,2023-11-18,2023-10-06 19:08:00,19-60,Male,3,1,1,3,1,0,2,2,ASHA_5653,0,3,3358,10,Mild
Ziro Village,Arunachal Pradesh,Arunachal Pradesh_District_1,2023-06-15,2023-04-19 07:22:00,19-60,Male,3,3,3,7,3,0,1,3,ASHA_9010,0,5,4711,15,Mild
Tezpur Rural,Assam,Assam_District_2,2023-07-18,2023-05-22 16:06:00,19-60,Male,3,0,2,2,1,1,0,1,ASHA_1595,4,3,4644,16,Mild
Itanagar Rural,Arunachal Pradesh,Arunachal Pradesh_District_3,2023-04-14,2023-01-01 19:36:00,0-5,Male,0,4,2,2,0,0,1,0,ASHA_7019,4,7,2222,23,Mild
Kiphire Village,Nagaland,Nagaland_District_2,2024-02-10,2023-10-18 19:12:00,19-60,Male,5,3,0,7,3,0,1,3,ASHA_2651,0,6,3471,25,Mild
Nagaon Rural,Assam,Assam_District_1,2023-05-09,2023-02-21 12:54:00,0-5,Female,9,0,4,7,3,0,0,2,ASHA_8058,2,2,840,23,Mild
Gyalshing Rural,Sikkim,Sikkim_District_1,2024-03-30,2023-12-23 13:20:00,19-60,Female,6,2,7,3,3,3,1,2,ASHA_6935,0,1,1598,23,Moderate
Dibrugarh Rural,Assam,Assam_District_1,2023-03-25,2023-03-14 12:06:00,60+,Male,12,4,3,6,3,1,1,3,ASHA_3882,1,1,1221,38,Mild
Bishnupur Rural,Manipur,Manipur_District_1,2024-01-01,2023-10-02 13:21:00,19-60,Male,5,0,0,1,0,1,0,0,ASHA_1676,0,6,1165,18,Mild
Mokokchung Rural,Nagaland,Nagaland_District_1,2023-07-29,2023-04-23 08:57:00,19-60,Male,4,3,7,0,2,5,1,1,ASHA_7810,3,3,1263,19,Moderate
Bishnupur Rural,Manipur,Manipur_District_3,2024-03-11,2023-12-16 12:34:00,19-60,Female,5,7,0,4,2,1,2,4,ASHA_6858,1,0,1217,19,Moderate
Ziro Village,Arunachal Pradesh,Arunachal Pradesh_District_3,2023-04-22,2023-02-11 14:13:00,6-18,Male,4,2,2,4,3,1,2,4,ASHA_3513,4,3,1097,25,Mild
Jorhat Village,Assam,Assam_District_3,2023-04-30,2023-01-12 09:10:00,0-5,Female,3,2,1,2,0,2,0,0,ASHA_1365,4,5,2537,24,Mild
Rangpo Rural,Sikkim,Sikkim_District_1,2023-03-25,2023-01-06 18:18:00,6-18,Female,2,0,3,0,0,0,2,1,ASHA_5242,1,6,1909,23,Mild
Ziro Village,Arunachal Pradesh,Arunachal Pradesh_District_1,2024-02-27,2023-11-18 10:11:00,19-60,Female,7,1,5,0,1,3,0,0,ASHA_9603,2,4,2691,17,Mild
Gyalshing Rural,Sikkim,Sikkim_District_1,2024-01-14,2023-12-23 13:20:00,19-60,Female,4,0,4,3,3,3,1,2,ASHA_6935,0,1,1598,25,Moderate
Tawang Rural,Arunachal Pradesh,Arunachal Pradesh_District_2,2023-09-08,2023-06-20 07:42:00,6-18,Male,13,10,7,7,7,3,4,7,ASHA_1148,3,6,4185,35,Severe
Gangtok Rural,Sikkim,Sikkim_District_2,2023-07-15,2023-05-23 18:13:00,0-5,Female,3,0,4,2,2,2,1,1,ASHA_3447,2,4,2172,23,Mild
Belonia Rural,Tripura,Tripura_District_3,2023-12-03,2023-08-21 18:59:00,60+,Female,14,8,0,9,6,0,7,10,ASHA_2350,2,7,3954,40,Mild
Jiribam Village,Manipur,Manipur_District_1,2023-09-11,2023-05-29 13:34:00,19-60,Female,6,3,3,1,3,4,2,2,ASHA_7450,1,0,4261,21,Severe
Belonia Rural,Tripura,Tripura_District_2,2023-10-19,2023-07-10 15:50:00,0-5,Female,4,0,9,5,6,5,1,2,ASHA_5471,4,7,3610,20,Mild
Dimapur Village,Nagaland,Nagaland_District_2,2023-09-16,2023-08-21 06:20:00,6-18,Female,0,3,6,1,2,3,2,2,ASHA_1675,1,1,1115,24,Moderate
Namchi Village,Sikkim,Sikkim_District_2,2023-09-13,2023-07-16 10:21:00,19-60,Female,7,7,4,6,6,3,2,5,ASHA_6008,3,1,1905,23,Moderate
Nagaon Rural,Assam,Assam_District_2,2023-05-21,2023-05-20 06:27:00,6-18,Male,8,0,4,7,4,0,2,4,ASHA_7291,0,0,1703,25,Mild
Saitual Rural,Mizoram,Mizoram_District_1,2023-05-27,2023-01-30 15:23:00,19-60,Male,4,2,3,0,1,1,2,1,ASHA_7001,4,2,794,18,Moderate
Kohima Rural,Nagaland,Nagaland_District_2,2023-04-24,2023-03-24 06:39:00,60+,Male,8,2,5,4,4,1,1,4,ASHA_6704,0,2,3201,25,Mild
Udaipur Village,Tripura,Tripura_District_3,2023-06-04,2023-03-21 18:19:00,0-5,Male,6,4,1,4,3,2,2,2,ASHA_8775,0,0,925,28,Moderate
Gangtok Rural,Sikkim,Sikkim_District_3,2023-12-30,2023-11-01 13:10:00,19-60,Male,5,5,1,2,1,0,1,2,ASHA_2449,3,4,3456,30,Mild
Tura Village,Meghalaya,Meghalaya_District_1,2023-10-10,2023-06-24 16:32:00,0-5,Female,2,6,5,3,4,3,1,3,ASHA_1557,3,6,3472,23,Mild
Jorhat Village,Assam,Assam_District_2,2024-03-27,2023-12-20 18:55:00,60+,Female,8,4,2,4,4,3,2,3,ASHA_8945,1,7,828,22,Mild
Saitual Rural,Mizoram,Mizoram_District_2,2024-01-27,2023-10-26 09:07:00,0-5,Female,2,0,1,2,1,0,1,1,ASHA_1645,4,4,4819,20,Mild
Serchhip Village,Mizoram,Mizoram_District_2,2023-04-12,2023-01-25 13:58:00,6-18,Female,6,3,6,5,3,0,0,2,ASHA_4907,4,1,1257,25,Mild
Pasighat Rural,Arunachal Pradesh,Arunachal Pradesh_District_3,2023-12-18,2023-12-03 11:29:00,6-18,Female,8,5,3,3,3,0,3,2,ASHA_7647,3,5,2243,23,Severe
Churachandpur Village,Manipur,Manipur_District_2,2023-06-22,2023-03-04 17:49:00,19-60,Female,5,5,0,1,0,0,2,1,ASHA_1033,1,3,875,28,Moderate
Guwahati Rural,Assam,Assam_District_2,2023-01-23,2023-01-15 18:10:00,0-5,Male,4,2,0,4,2,2,0,1,ASHA_6670,0,7,4191,25,Mild
Dimapur Village,Nagaland,Nagaland_District_3,2023-10-24,2023-08-30 07:45:00,6-18,Female,0,0,0,0,0,1,0,0,ASHA_4968,0,5,1204,8,Moderate
Imphal Rural,Manipur,Manipur_District_3,2024-01-22,2023-12-07 09:27:00,6-18,Female,5,4,1,3,2,0,2,3,ASHA_8242,0,5,4403,16,Mild
Roing Village,Arunachal Pradesh,Arunachal Pradesh_District_1,2023-02-24,2023-01-08 17:06:00,0-5,Female,6,7,6,5,6,7,2,3,ASHA_3469,2,4,4241,25,Mild
Nagaon Rural,Assam,Assam_District_2,2024-04-09,2023-12-14 10:50:00,19-60,Female,0,4,2,3,1,1,2,2,ASHA_8693,0,6,3226,19,Mild
Teliamura Rural,Tripura,Tripura_District_3,2023-10-18,2023-09-20 12:56:00,19-60,Female,4,0,4,2,4,5,1,1,ASHA_4816,4,6,3186,16,Mild
Bishnupur Rural,Manipur,Manipur_District_3,2023-11-22,2023-09-13 09:02:00,0-5,Male,14,6,4,9,7,2,1,6,ASHA_1365,3,3,2485,37,Moderate
Mokokchung Rural,Nagaland,Nagaland_District_2,2023-07-09,2023-06-13 07:12:00,6-18,Male,3,2,5,3,3,2,2,3,ASHA_8037,3,2,3114,26,Mild
Silchar Village,Assam,Assam_District_3,2023-09-14,2023-05-28 14:07:00,6-18,Female,3,0,6,1,1,1,1,1,ASHA_6433,3,2,1112,13,Mild
Guwahati Rural,Assam,Assam_District_2,2023-04-13,2023-01-15 18:10:00,0-5,Male,3,4,0,4,2,2,0,1,ASHA_6670,0,7,4191,24,Mild
Roing Village,Arunachal Pradesh,Arunachal Pradesh_District_3,2023-09-08,2023-07-20 15:14:00,60+,Female,2,2,6,3,4,5,0,1,ASHA_4763,3,0,3612,14,Mild
Pasighat Rural,Arunachal Pradesh,Arunachal Pradesh_District_2,2023-02-07,2023-01-28 12:37:00,19-60,Male,1,0,3,1,2,2,1,0,ASHA_3062,0,1,2014,9,Moderate
Jowai Rural,Meghalaya,Meghalaya_District_3,2023-07-08,2023-06-19 15:54:00,0-5,Male,13,3,4,6,6,1,2,6,ASHA_6886,3,4,1724,35,Mild
Bomdila Rural,Arunachal Pradesh,Arunachal Pradesh_District_2,2023-06-12,2023-05-14 06:50:00,19-60,Female,3,5,3,2,3,5,1,1,ASHA_6844,0,5,4985,24,Mild
Dharmanagar Rural,Tripura,Tripura_District_2,2023-05-16,2023-03-28 08:15:00,0-5,Male,5,2,5,4,3,0,0,2,ASHA_9576,4,0,4821,31,Mild
Kiphire Village,Nagaland,Nagaland_District_2,2023-08-13,2023-04-29 06:07:00,6-18,Female,3,5,4,2,2,1,3,1,ASHA_8190,3,4,3867,25,Mild
Pakyong Village,Sikkim,Sikkim_District_2,2023-04-30,2023-04-15 10:00:00,6-18,Female,5,8,1,2,1,1,2,3,ASHA_8298,1,1,1883,24,Moderate
Senapati Rural,Manipur,Manipur_District_2,2023-12-31,2023-10-23 16:28:00,60+,Male,6,3,7,2,2,1,2,2,ASHA_3675,3,4,4856,30,Mild
Guwahati Rural,Assam,Assam_District_2,2023-12-16,2023-11-04 07:23:00,6-18,Female,5,1,7,2,4,6,0,1,ASHA_5651,4,2,2860,29,Severe
Tura Village,Meghalaya,Meghalaya_District_3,2023-07-09,2023-07-03 07:07:00,6-18,Male,7,10,2,5,2,0,5,5,ASHA_2596,2,4,2731,33,Mild
Lawngtlai Village,Mizoram,Mizoram_District_3,2023-04-30,2023-02-15 16:11:00,6-18,Male,7,5,2,3,3,1,1,2,ASHA_5108,1,4,1679,23,Moderate
Bishnupur Rural,Manipur,Manipur_District_3,2023-12-06,2023-09-13 09:02:00,0-5,Male,10,0,1,9,7,2,1,6,ASHA_1365,3,3,2485,30,Moderate
Ziro Village,Arunachal Pradesh,Arunachal Pradesh_District_1,2024-03-15,2023-11-21 15:53:00,0-5,Female,0,4,2,0,1,2,1,1,ASHA_3325,3,2,4512,14,Mild
Itanagar Rural,Arunachal Pradesh,Arunachal Pradesh_District_1,2023-03-29,2023-01-27 11:26:00,6-18,Female,6,1,7,4,3,1,1,2,ASHA_8954,4,4,4425,23,Mild
Agartala Rural,Tripura,Tripura_District_1,2023-10-13,2023-09-04 14:13:00,19-60,Male,2,5,11,2,4,6,2,3,ASHA_4169,4,7,3132,26,Moderate
Jowai Rural,Meghalaya,Meghalaya_District_3,2023-07-13,2023-04-02 17:14:00,19-60,Male,1,4,3,2,1,0,1,2,ASHA_9997,3,7,1792,16,Moderate
Naharlagun Village,Arunachal Pradesh,Arunachal Pradesh_District_3,2023-11-30,2023-10-31 19:35:00,6-18,Male,0,1,1,2,1,1,2,1,ASHA_9178,3,1,2408,9,Mild
Tezpur Rural,Assam,Assam_District_2,2023-12-26,2023-10-05 08:13:00,19-60,Female,2,1,3,3,1,0,0,2,ASHA_4333,1,3,2654,19,Mild
Phek Rural,Nagaland,Nagaland_District_3,2023-09-16,2023-05-26 08:02:00,0-5,Male,3,4,0,1,2,2,3,3,ASHA_8834,0,3,4008,22,Moderate
Tamenglong Rural,Manipur,Manipur_District_2,2023-09-05,2023-09-04 13:36:00,0-5,Female,7,9,0,4,4,2,6,7,ASHA_5225,4,7,4856,26,Moderate
Saitual Rural,Mizoram,Mizoram_District_3,2023-05-08,2023-01-17 09:12:00,19-60,Male,1,3,1,0,1,1,3,1,ASHA_7516,4,5,1143,23,Mild
Tezpur Village,Arunachal Pradesh,Arunachal Pradesh_District_2,2023-12-30,2023-12-05 12:28:00,19-60,Female,4,1,7,1,2,1,2,2,ASHA_9679,1,4,2135,23,Mild
Bishnupur Rural,Manipur,Manipur_District_3,2023-10-18,2023-08-21 18:59:00,19-60,Female,7,9,7,4,4,2,2,5,ASHA_3733,4,6,1122,34,Mild
Pasighat Rural,Arunachal Pradesh,Arunachal Pradesh_District_2,2023-04-25,2023-03-25 15:35:00,19-60,Male,6,3,1,3,1,0,1,1,ASHA_1732,0,0,4874,15,Moderate
Hnahthial Village,Mizoram,Mizoram_District_2,2023-03-16,2023-02-26 17:35:00,19-60,Female,1,5,1,0,0,1,0,0,ASHA_6608,0,0,875,25,Mild
Lawngtlai Village,Mizoram,Mizoram_District_1,2024-02-20,2023-11-28 18:30:00,19-60,Male,5,3,0,3,2,0,1,2,ASHA_3518,0,5,3129,14,Moderate
Tawang Rural,Arunachal Pradesh,Arunachal Pradesh_District_3,2023-07-30,2023-06-02 14:05:00,0-5,Female,3,12,3,1,2,2,9,7,ASHA_1258,2,7,3827,24,Moderate
Guwahati Rural,Assam,Assam_District_1,2024-01-02,2023-11-02 06:50:00,19-60,Female,0,6,3,2,2,1,0,1,ASHA_5918,4,1,2661,27,Moderate
Nongpoh Village,Meghalaya,Meghalaya_District_1,2023-11-19,2023-09-22 10:00:00,0-5,Male,6,5,5,8,3,1,2,4,ASHA_5101,2,1,1479,28,Moderate
Baghmara Rural,Meghalaya,Meghalaya_District_3,2023-04-26,2023-01-27 09:00:00,0-5,Male,2,1,4,3,2,0,2,1,ASHA_9921,2,3,1255,12,Mild
Nagaon Rural,Assam,Assam_District_2,2024-02-04,2023-10-12 07:47:00,6-18,Female,5,2,2,2,2,1,1,1,ASHA_3602,4,4,4711,20,Severe
Shillong Rural,Meghalaya,Meghalaya_District_1,2023-11-03,2023-09-02 14:56:00,60+,Female,7,0,5,6,4,2,2,3,ASHA_2620,3,5,1848,25,Moderate
Thoubal Village,Manipur,Manipur_District_1,2024-01-03,2023-12-15 08:58:00,6-18,Male,3,6,0,1,0,0,2,2,ASHA_8678,0,4,4623,13,Mild
Namchi Village,Sikkim,Sikkim_District_2,2023-07-05,2023-05-27 11:15:00,0-5,Male,2,7,5,6,3,3,3,4,ASHA_7909,2,1,4812,30,Mild
Wokha Rural,Nagaland,Nagaland_District_2,2023-10-17,2023-08-18 06:29:00,6-18,Male,1,4,0,0,0,0,0,0,ASHA_8336,4,0,4295,19,Moderate
Naharlagun Village,Arunachal Pradesh,Arunachal Pradesh_District_2,2023-09-15,2023-09-02 17:22:00,6-18,Female,9,7,6,4,6,3,2,5,ASHA_6242,3,0,1750,26,Mild
Karimganj Village,Assam,Assam_District_1,2023-07-22,2023-06-24 11:25:00,0-5,Male,6,9,4,3,2,1,3,3,ASHA_1598,4,7,2267,32,Mild
Tura Village,Meghalaya,Meghalaya_District_2,2023-11-16,2023-10-22 08:27:00,6-18,Male,0,2,5,0,1,4,1,0,ASHA_8825,2,2,1703,14,Moderate
Mangan Village,Sikkim,Sikkim_District_1,2023-11-26,2023-08-02 15:38:00,0-5,Female,8,4,9,5,7,5,3,5,ASHA_8883,1,2,2506,36,Mild
Aizawl Rural,Mizoram,Mizoram_District_2,2023-10-16,2023-08-29 19:17:00,6-18,Female,4,10,2,2,3,5,4,3,ASHA_4311,4,7,1487,26,Moderate
Wokha Rural,Nagaland,Nagaland_District_2,2023-11-25,2023-08-12 09:25:00,19-60,Male,8,4,5,4,6,5,6,5,ASHA_6373,2,1,1485,24,Mild
Bishnupur Rural,Manipur,Manipur_District_2,2023-06-28,2023-04-23 06:35:00,6-18,Male,8,2,3,5,5,2,3,5,ASHA_7508,3,3,4712,25,Mild
Namchi Village,Sikkim,Sikkim_District_1,2023-10-06,2023-08-06 08:20:00,19-60,Female,9,4,0,9,7,1,3,6,ASHA_6060,3,5,1586,24,Moderate
Namchi Village,Sikkim,Sikkim_District_2,2023-07-31,2023-04-10 18:48:00,19-60,Male,7,5,1,0,0,0,0,0,ASHA_5767,1,3,2154,22,Mild
Saitual Rural,Mizoram,Mizoram_District_3,2023-09-22,2023-07-01 13:19:00,6-18,Male,0,6,5,2,2,3,4,2,ASHA_2758,3,1,4420,29,Moderate
Bishnupur Rural,Manipur,Manipur_District_3,2023-04-20,2023-03-22 06:50:00,0-5,Female,0,3,5,1,1,1,0,1,ASHA_1256,4,0,1976,22,Mild
Nongpoh Village,Meghalaya,Meghalaya_District_3,2023-04-17,2023-03-14 06:23:00,19-60,Male,2,2,5,2,3,3,2,3,ASHA_2602,4,1,2320,20,Moderate
Pasighat Rural,Arunachal Pradesh,Arunachal Pradesh_District_1,2023-08-18,2023-05-30 19:07:00,6-18,Male,0,5,3,3,1,0,2,3,ASHA_5644,3,0,835,15,Mild
Itanagar Rural,Arunachal Pradesh,Arunachal Pradesh_District_3,2023-12-10,2023-12-09 15:41:00,19-60,Female,5,0,3,3,2,0,1,2,ASHA_8922,1,2,3068,21,Mild
Ziro Village,Arunachal Pradesh,Arunachal Pradesh_District_1,2023-06-23,2023-06-04 12:04:00,0-5,Male,13,5,2,8,7,1,3,6,ASHA_7619,4,4,4536,24,Mild
Pasighat Rural,Arunachal Pradesh,Arunachal Pradesh_District_1,2023-06-08,2023-05-30 19:07:00,6-18,Male,3,3,1,3,1,0,2,3,ASHA_5644,3,0,835,25,Mild
Pasighat Rural,Arunachal Pradesh,Arunachal Pradesh_District_3,2023-08-16,2023-05-23 08:32:00,19-60,Male,3,2,4,2,2,0,2,3,ASHA_2572,3,0,3200,13,Mild
Tamenglong Rural,Manipur,Manipur_District_1,2023-09-15,2023-07-24 14:37:00,0-5,Male,15,8,3,10,7,0,5,9,ASHA_1483,3,4,992,41,Mild
Nagaon Rural,Assam,Assam_District_2,2023-08-22,2023-08-20 13:41:00,0-5,Female,5,10,6,7,6,3,5,6,ASHA_9269,3,5,791,30,Moderate
Tawang Rural,Arunachal Pradesh,Arunachal Pradesh_District_3,2024-01-26,2023-10-29 12:29:00,19-60,Female,0,1,0,2,1,0,1,0,ASHA_9174,2,1,4101,16,Mild
Teliamura Rural,Tripura,Tripura_District_3,2023-10-16,2023-07-29 13:25:00,19-60,Female,5,4,0,4,3,2,2,3,ASHA_1641,3,2,1755,18,Moderate
Tezpur Rural,Assam,Assam_District_2,2023-11-02,2023-08-08 13:11:00,0-5,Female,10,7,0,7,4,0,5,6,ASHA_3136,4,4,3081,21,Mild
Jowai Rural,Meghalaya,Meghalaya_District_2,2023-12-27,2023-12-07 12:12:00,0-5,Female,2,5,0,0,1,1,2,2,ASHA_5721,4,5,2119,26,Severe
Nongpoh Village,Meghalaya,Meghalaya_District_1,2023-11-26,2023-08-13 16:50:00,0-5,Male,5,3,5,4,3,0,2,5,ASHA_5294,2,7,2530,29,Mild
Pakyong Village,Sikkim,Sikkim_District_2,2023-03-11,2023-02-17 06:46:00,0-5,Female,4,4,4,1,2,3,3,2,ASHA_8028,4,6,3939,16,Mild
Kolasib Rural,Mizoram,Mizoram_District_2,2024-02-07,2023-12-01 13:07:00,0-5,Female,6,4,0,4,2,0,3,2,ASHA_7075,1,1,1760,14,Mild
Hnahthial Village,Mizoram,Mizoram_District_1,2023-05-10,2023-03-04 09:43:00,0-5,Male,6,3,1,5,3,1,0,2,ASHA_8727,3,6,972,22,Mild
Guwahati Rural,Assam,Assam_District_3,2023-10-28,2023-10-01 07:11:00,6-18,Male,2,3,7,0,3,4,0,1,ASHA_9514,4,3,995,31,Moderate
Mokokchung Rural,Nagaland,Nagaland_District_2,2023-07-08,2023-05-24 11:52:00,0-5,Male,4,0,0,1,1,1,1,1,ASHA_2364,3,5,2774,17,Mild
Nagaon Rural,Assam,Assam_District_2,2023-11-08,2023-11-01 15:25:00,0-5,Male,1,4,0,2,1,0,1,1,ASHA_4358,1,1,4463,9,Moderate
Dharmanagar Rural,Tripura,Tripura_District_2,2023-07-08,2023-05-12 06:53:00,0-5,Male,5,5,2,3,2,1,2,2,ASHA_3513,4,6,4829,27,Mild
Phek Rural,Nagaland,Nagaland_District_2,2024-01-19,2023-10-30 13:13:00,19-60,Male,0,3,1,0,0,0,3,1,ASHA_4613,1,5,1989,14,Mild
Belonia Rural,Tripura,Tripura_District_2,2023-08-19,2023-07-13 09:36:00,19-60,Male,5,0,6,5,4,4,0,2,ASHA_9571,1,3,3584,25,Mild
Belonia Rural,Tripura,Tripura_District_2,2023-07-09,2023-05-06 07:27:00,0-5,Male,4,1,6,1,1,1,1,1,ASHA_6736,0,4,3253,20,Mild
Tezpur Village,Arunachal Pradesh,Arunachal Pradesh_District_2,2024-01-23,2023-10-01 09:37:00,0-5,Male,3,10,6,5,3,2,6,4,ASHA_1394,4,2,2142,23,Mild
Williamnagar Village,Meghalaya,Meghalaya_District_1,2023-05-14,2023-04-16 19:22:00,0-5,Female,8,0,2,4,3,1,0,2,ASHA_7669,0,2,4653,14,Severe
Jiribam Village,Manipur,Manipur_District_1,2023-03-07,2023-01-31 16:56:00,6-18,Male,6,3,3,1,1,0,3,2,ASHA_9895,4,1,4118,26,Moderate
Amarpur Village,Tripura,Tripura_District_1,2023-05-24,2023-05-09 07:49:00,19-60,Male,5,3,0,3,1,0,1,2,ASHA_8179,3,3,1089,22,Mild
Gangtok Rural,Sikkim,Sikkim_District_2,2023-07-27,2023-05-23 18:13:00,0-5,Female,2,6,0,2,2,2,1,1,ASHA_3447,2,4,2172,17,Mild
Imphal Rural,Manipur,Manipur_District_3,2023-04-16,2023-03-22 09:57:00,0-5,Male,2,4,2,4,3,2,1,2,ASHA_6701,3,2,1334,13,Mild
Dharmanagar Rural,Tripura,Tripura_District_1,2023-07-08,2023-03-28 06:22:00,19-60,Male,4,1,1,0,1,1,5,2,ASHA_3301,0,2,4674,22,Mild
Resubelpara Rural,Meghalaya,Meghalaya_District_2,2023-06-05,2023-05-01 08:29:00,6-18,Female,7,9,4,4,4,3,2,4,ASHA_9846,2,2,4367,26,Moderate
Serchhip Village,Mizoram,Mizoram_District_2,2023-10-15,2023-07-27 19:56:00,19-60,Female,0,12,7,0,3,5,7,3,ASHA_4027,1,4,3328,26,Moderate
Jorhat Village,Assam,Assam_District_1,2023-12-12,2023-11-19 08:16:00,6-18,Female,4,0,2,1,1,1,2,0,ASHA_8378,2,0,2777,17,Moderate
Senapati Rural,Manipur,Manipur_District_1,2023-06-28,2023-05-20 06:46:00,0-5,Male,4,0,3,4,3,0,1,3,ASHA_4006,2,2,2260,22,Mild
Silchar Village,Assam,Assam_District_2,2023-08-13,2023-07-23 18:59:00,6-18,Male,8,6,7,5,4,1,3,5,ASHA_5934,1,4,1447,40,Mild
Nongpoh Village,Meghalaya,Meghalaya_District_3,2023-04-26,2023-02-19 10:51:00,19-60,Male,4,4,0,3,2,1,0,1,ASHA_7030,4,6,3252,22,Mild
Zunheboto Village,Nagaland,Nagaland_District_1,2023-11-07,2023-11-03 11:12:00,19-60,Female,1,6,0,1,1,0,3,2,ASHA_1961,1,1,1362,26,Mild
Wokha Rural,Nagaland,Nagaland_District_1,2023-11-06,2023-10-27 18:32:00,6-18,Female,9,1,8,6,9,7,1,4,ASHA_8977,0,2,1055,32,Moderate
Jorhat Village,Assam,Assam_District_3,2023-09-19,2023-07-21 09:13:00,0-5,Male,3,13,5,0,1,1,5,3,ASHA_1081,3,3,1145,38,Mild
Barpeta Village,Assam,Assam_District_1,2024-01-12,2023-11-08 08:04:00,0-5,Female,4,2,1,3,1,0,5,3,ASHA_5966,0,2,3604,13,Mild
Gangtok Rural,Sikkim,Sikkim_District_1,2023-07-12,2023-06-02 12:56:00,19-60,Female,9,5,5,4,4,3,2,4,ASHA_6162,2,7,3495,23,Mild
Ukhrul Village,Manipur,Manipur_District_3,2023-12-04,2023-10-13 06:50:00,60+,Female,4,2,4,1,1,0,3,1,ASHA_1697,1,2,1292,24,Mild
Dibrugarh Rural,Assam,Assam_District_1,2023-05-03,2023-03-14 12:06:00,60+,Male,7,4,3,6,3,1,1,3,ASHA_3882,1,1,1221,33,Mild
Kolasib Rural,Mizoram,Mizoram_District_1,2024-03-16,2023-12-16 14:01:00,60+,Male,0,8,2,1,1,1,2,2,ASHA_3549,3,5,2198,25,Severe
Amarpur Village,Tripura,Tripura_District_1,2023-07-20,2023-05-27 19:01:00,6-18,Female,0,3,1,1,1,1,0,0,ASHA_6996,1,3,1137,13,Severe
Silchar Village,Assam,Assam_District_3,2024-03-31,2023-12-21 09:49:00,19-60,Female,5,1,3,1,1,0,2,2,ASHA_5930,3,3,1534,20,Mild
Pasighat Rural,Arunachal Pradesh,Arunachal Pradesh_District_3,2023-07-29,2023-07-03 10:38:00,19-60,Male,5,3,3,5,4,3,0,3,ASHA_5423,1,6,2271,16,Mild
Mokokchung Rural,Nagaland,Nagaland_District_2,2023-09-24,2023-08-31 11:29:00,6-18,Female,5,10,1,3,2,0,7,5,ASHA_6911,2,4,3139,25,Moderate
Namchi Village,Sikkim,Sikkim_District_2,2023-05-29,2023-04-10 18:48:00,19-60,Male,2,0,1,0,0,0,0,0,ASHA_5767,1,3,2154,17,Mild
Itanagar Rural,Arunachal Pradesh,Arunachal Pradesh_District_3,2023-11-19,2023-11-09 18:21:00,0-5,Female,5,0,4,0,1,0,2,1,ASHA_7103,1,6,839,15,Mild
Kailashahar Village,Tripura,Tripura_District_1,2023-06-03,2023-03-15 06:11:00,0-5,Female,3,5,3,2,2,1,1,2,ASHA_3757,2,5,2621,22,Mild
Belonia Rural,Tripura,Tripura_District_3,2023-06-01,2023-04-15 19:35:00,19-60,Female,2,2,5,3,2,1,0,1,ASHA_7586,0,4,606,17,Moderate
Jorhat Village,Assam,Assam_District_1,2023-07-18,2023-06-04 06:08:00,0-5,Female,5,2,12,5,7,7,2,4,ASHA_7729,4,5,2872,30,Mild
Karimganj Village,Assam,Assam_District_1,2023-07-20,2023-05-17 07:59:00,6-18,Female,5,2,3,2,2,0,0,2,ASHA_2128,4,1,3447,26,Severe
Zunheboto Village,Nagaland,Nagaland_District_3,2023-08-25,2023-08-15 12:07:00,6-18,Male,3,6,6,3,4,5,2,3,ASHA_7523,3,0,685,33,Mild
Dharmanagar Rural,Tripura,Tripura_District_1,2023-05-12,2023-03-28 06:22:00,19-60,Male,4,4,4,0,1,1,5,2,ASHA_3301,0,2,4674,22,Mild
Dibrugarh Rural,Assam,Assam_District_3,2023-12-27,2023-09-02 17:43:00,19-60,Female,0,5,2,1,0,0,6,3,ASHA_7693,2,0,2146,24,Mild
Nongpoh Village,Meghalaya,Meghalaya_District_2,2023-05-03,2023-02-17 12:19:00,19-60,Female,9,6,7,5,4,1,2,3,ASHA_5180,0,1,2256,37,Mild
Agartala Rural,Tripura,Tripura_District_3,2023-10-04,2023-07-27 09:46:00,0-5,Male,9,7,2,4,3,1,3,5,ASHA_9057,0,7,4423,36,Moderate
Roing Village,Arunachal Pradesh,Arunachal Pradesh_District_3,2023-03-18,2023-01-16 11:02:00,19-60,Female,4,0,4,2,2,0,1,1,ASHA_8742,1,7,4617,23,Moderate
Khliehriat Village,Meghalaya,Meghalaya_District_2,2023-10-17,2023-08-22 17:32:00,0-5,Male,5,7,10,2,6,10,4,4,ASHA_5855,2,6,4051,34,Mild
Kailashahar Village,Tripura,Tripura_District_3,2024-01-09,2023-09-19 15:55:00,19-60,Female,10,4,4,4,4,1,1,4,ASHA_2387,3,1,4908,32,Severe
Kailashahar Village,Tripura,Tripura_District_1,2023-05-09,2023-01-18 08:43:00,6-18,Female,4,1,2,0,1,0,2,1,ASHA_5444,2,1,2676,16,Mild
Singtam Village,Sikkim,Sikkim_District_3,2023-06-22,2023-05-04 12:02:00,0-5,Male,6,4,3,3,3,0,4,3,ASHA_7775,1,0,2209,27,Mild
Agartala Rural,Tripura,Tripura_District_2,2023-05-02,2023-01-11 12:52:00,19-60,Male,4,3,2,2,1,0,3,3,ASHA_3355,1,7,4304,24,Mild
Amarpur Village,Tripura,Tripura_District_2,2023-09-19,2023-09-09 09:04:00,6-18,Female,10,14,12,8,10,7,9,11,ASHA_8344,0,5,4397,49,Severe
Belonia Rural,Tripura,Tripura_District_1,2023-07-19,2023-06-10 16:51:00,19-60,Male,4,5,6,3,4,4,4,5,ASHA_7530,4,0,4962,20,Mild
Nongpoh Village,Meghalaya,Meghalaya_District_2,2023-12-16,2023-11-10 18:44:00,0-5,Male,3,1,0,0,0,0,2,1,ASHA_6322,1,2,1985,16,Mild
Bomdila Rural,Arunachal Pradesh,Arunachal Pradesh_District_1,2024-01-02,2023-10-11 07:30:00,19-60,Male,9,7,0,7,3,0,2,3,ASHA_4866,1,6,2596,31,Mild
Ziro Village,Arunachal Pradesh,Arunachal Pradesh_District_2,2023-05-06,2023-02-22 10:52:00,6-18,Male,3,5,0,6,2,1,3,3,ASHA_8063,3,5,1914,15,Mild
Gyalshing Rural,Sikkim,Sikkim_District_3,2023-12-25,2023-10-29 15:26:00,19-60,Male,6,4,6,3,3,1,2,3,ASHA_1923,1,2,2794,32,Mild
Namchi Village,Sikkim,Sikkim_District_2,2023-04-06,2023-03-06 16:39:00,0-5,Male,0,0,0,1,1,1,1,1,ASHA_6497,3,2,2594,17,Mild
Rangpo Rural,Sikkim,Sikkim_District_1,2023-03-08,2023-01-06 18:18:00,6-18,Female,1,1,3,0,0,0,2,1,ASHA_5242,1,6,1909,17,Mild
Lunglei Village,Mizoram,Mizoram_District_3,2023-05-24,2023-04-21 15:36:00,6-18,Female,8,2,7,4,4,3,1,2,ASHA_7227,4,6,2309,36,Mild
Kohima Rural,Nagaland,Nagaland_District_3,2023-10-27,2023-08-28 08:51:00,0-5,Male,3,4,2,1,1,0,4,2,ASHA_1745,3,7,2147,26,Moderate
Lunglei Village,Mizoram,Mizoram_District_2,2023-12-28,2023-11-17 12:18:00,19-60,Male,8,1,2,4,3,0,6,4,ASHA_3117,1,0,631,22,Moderate
Khliehriat Village,Meghalaya,Meghalaya_District_1,2024-02-17,2023-11-03 12:40:00,6-18,Female,0,1,0,3,1,1,0,1,ASHA_6662,1,6,1483,19,Mild
Pakyong Village,Sikkim,Sikkim_District_1,2023-11-08,2023-08-11 06:42:00,6-18,Male,5,11,6,3,6,5,6,6,ASHA_5747,0,0,2166,40,Mild
Naharlagun Village,Arunachal Pradesh,Arunachal Pradesh_District_2,2023-06-29,2023-06-08 07:55:00,6-18,Male,8,8,11,5,7,5,4,5,ASHA_2022,3,1,1768,32,Moderate
Phek Rural,Nagaland,Nagaland_District_2,2023-05-19,2023-01-27 11:10:00,60+,Male,3,1,2,3,1,1,1,1,ASHA_8837,4,0,2930,25,Mild
Bishnupur Rural,Manipur,Manipur_District_2,2023-10-16,2023-07-29 12:58:00,19-60,Male,3,0,9,1,3,5,1,1,ASHA_7532,3,6,1006,16,Mild
Wokha Rural,Nagaland,Nagaland_District_3,2023-08-28,2023-07-17 12:21:00,6-18,Female,15,4,8,10,9,4,3,8,ASHA_6410,0,3,3842,38,Moderate
Ziro Village,Arunachal Pradesh,Arunachal Pradesh_District_2,2023-12-17,2023-10-14 14:42:00,60+,Male,5,2,0,4,2,2,4,3,ASHA_5674,1,5,4184,26,Mild
Serchhip Village,Mizoram,Mizoram_District_1,2023-10-04,2023-09-10 14:39:00,19-60,Male,2,4,4,5,3,1,3,3,ASHA_4138,2,2,2753,25,Severe
Nongpoh Village,Meghalaya,Meghalaya_District_2,2023-03-03,2023-02-25 14:01:00,6-18,Male,2,0,4,0,1,1,4,2,ASHA_1124,1,4,1536,14,Moderate
Dibrugarh Rural,Assam,Assam_District_2,2024-02-12,2023-12-23 16:06:00,60+,Male,1,4,0,2,1,0,3,2,ASHA_5415,3,6,2245,19,Moderate
Aizawl Rural,Mizoram,Mizoram_District_1,2024-01-13,2023-10-11 14:10:00,6-18,Female,6,8,1,8,4,0,4,5,ASHA_2570,4,6,3882,22,Mild
Khliehriat Village,Meghalaya,Meghalaya_District_2,2023-04-24,2023-03-13 08:00:00,19-60,Male,2,2,4,3,3,3,1,2,ASHA_8845,1,2,4613,15,Mild
Jowai Rural,Meghalaya,Meghalaya_District_1,2023-07-25,2023-06-09 19:44:00,0-5,Female,9,5,7,5,6,5,1,3,ASHA_4286,2,3,2775,39,Mild
Jowai Rural,Meghalaya,Meghalaya_District_2,2023-12-31,2023-09-04 07:14:00,0-5,Male,3,3,3,4,2,2,2,3,ASHA_3214,1,2,2869,13,Moderate
Serchhip Village,Mizoram,Mizoram_District_1,2024-01-06,2023-09-10 14:39:00,19-60,Male,6,0,3,5,3,1,3,3,ASHA_4138,2,2,2753,28,Severe
Naharlagun Village,Arunachal Pradesh,Arunachal Pradesh_District_1,2023-11-17,2023-09-22 17:11:00,19-60,Male,0,4,5,1,0,0,0,0,ASHA_1283,4,5,4756,20,Mild
Silchar Village,Assam,Assam_District_1,2023-10-22,2023-10-16 17:18:00,0-5,Male,2,1,0,3,3,0,0,2,ASHA_8577,2,4,3701,8,Moderate
Gyalshing Rural,Sikkim,Sikkim_District_3,2024-01-29,2023-11-09 08:21:00,19-60,Female,5,1,2,1,1,0,1,1,ASHA_7004,2,0,2155,24,Mild
Nagaon Rural,Assam,Assam_District_2,2024-02-18,2023-11-24 19:08:00,6-18,Male,2,3,0,3,2,2,3,3,ASHA_7718,3,1,3018,9,Mild
Khliehriat Village,Meghalaya,Meghalaya_District_2,2023-06-27,2023-03-10 09:03:00,19-60,Male,4,4,0,5,1,0,1,2,ASHA_7323,4,4,3504,17,Mild
Pakyong Village,Sikkim,Sikkim_District_3,2023-05-08,2023-01-15 08:02:00,6-18,Female,1,1,0,2,0,1,2,1,ASHA_2823,2,0,1641,9,Mild
Rangpo Rural,Sikkim,Sikkim_District_2,2023-05-14,2023-02-28 16:21:00,0-5,Female,5,7,6,2,3,3,2,3,ASHA_6777,2,6,3877,34,Severe
Zunheboto Village,Nagaland,Nagaland_District_3,2023-11-28,2023-11-15 10:54:00,6-18,Male,1,11,4,1,1,1,5,2,ASHA_2757,3,7,3974,26,Moderate
Hnahthial Village,Mizoram,Mizoram_District_3,2023-07-29,2023-06-29 07:21:00,0-5,Male,2,7,4,5,3,1,2,4,ASHA_5174,1,7,2198,27,Mild
Ziro Village,Arunachal Pradesh,Arunachal Pradesh_District_3,2023-04-21,2023-01-25 14:59:00,0-5,Male,0,5,7,1,1,2,2,2,ASHA_6634,2,0,1340,17,Moderate
Namchi Village,Sikkim,Sikkim_District_2,2023-11-17,2023-09-05 15:38:00,19-60,Female,2,4,4,3,1,0,4,4,ASHA_3836,1,7,689,25,Mild
Gyalshing Rural,Sikkim,Sikkim_District_1,2023-11-16,2023-09-25 15:41:00,0-5,Male,2,2,7,2,3,4,2,3,ASHA_5988,1,2,4466,26,Severe
Tura Village,Meghalaya,Meghalaya_District_3,2023-05-06,2023-03-19 07:54:00,19-60,Male,6,8,1,2,2,1,2,3,ASHA_1968,3,1,4550,23,Moderate
Bishnupur Rural,Manipur,Manipur_District_3,2023-06-16,2023-03-23 09:43:00,19-60,Male,1,0,4,1,2,2,0,1,ASHA_5174,2,0,1959,23,Severe
Agartala Rural,Tripura,Tripura_District_3,2023-09-17,2023-07-28 16:40:00,0-5,Female,8,2,12,4,9,9,1,4,ASHA_8365,0,7,978,33,Mild
Mokokchung Rural,Nagaland,Nagaland_District_3,2023-02-14,2023-01-26 14:41:00,0-5,Male,6,4,2,3,3,4,2,2,ASHA_6929,4,7,4782,26,Mild
Ziro Village,Arunachal Pradesh,Arunachal Pradesh_District_2,2023-07-29,2023-04-03 18:51:00,6-18,Male,11,7,3,5,6,3,1,4,ASHA_9519,2,5,1768,27,Mild
Teliamura Rural,Tripura,Tripura_District_2,2023-12-01,2023-10-20 15:36:00,6-18,Female,2,2,0,1,1,0,1,1,ASHA_4939,2,0,3811,22,Severe
Nongpoh Village,Meghalaya,Meghalaya_District_1,2023-10-19,2023-09-15 15:40:00,19-60,Female,7,5,1,5,2,1,2,4,ASHA_7074,3,7,2485,20,Moderate
Mangan Village,Sikkim,Sikkim_District_2,2023-11-12,2023-11-03 14:21:00,19-60,Male,5,2,4,2,3,1,0,2,ASHA_1751,1,5,3579,25,Mild
Tura Village,Meghalaya,Meghalaya_District_1,2023-10-02,2023-08-07 10:34:00,19-60,Male,4,13,0,3,1,2,8,6,ASHA_9641,2,6,1369,22,Moderate
Agartala Rural,Tripura,Tripura_District_3,2024-04-14,2023-12-18 07:52:00,0-5,Male,1,2,4,4,2,1,2,2,ASHA_8840,4,1,2142,11,Moderate
Shillong Rural,Meghalaya,Meghalaya_District_3,2023-07-27,2023-07-07 09:31:00,60+,Male,0,12,1,0,0,0,7,4,ASHA_3507,0,3,3125,19,Moderate
Lawngtlai Village,Mizoram,Mizoram_District_1,2023-09-14,2023-08-15 12:25:00,0-5,Female,9,9,6,6,4,1,4,6,ASHA_1778,1,4,4603,43,Severe
Serchhip Village,Mizoram,Mizoram_District_3,2023-12-15,2023-11-23 13:09:00,19-60,Female,5,8,7,2,3,3,4,2,ASHA_3372,1,6,3261,27,Mild
Tawang Rural,Arunachal Pradesh,Arunachal Pradesh_District_2,2023-09-19,2023-09-07 07:04:00,6-18,Female,8,2,9,6,9,11,2,3,ASHA_7906,3,2,4133,37,Severe
Nagaon Rural,Assam,Assam_District_3,2023-10-15,2023-08-04 08:15:00,19-60,Male,0,5,6,1,2,4,2,1,ASHA_4328,1,4,4300,24,Mild
Udaipur Village,Tripura,Tripura_District_3,2023-07-26,2023-06-20 18:35:00,19-60,Female,11,1,5,5,4,1,2,4,ASHA_5220,0,5,2942,22,Mild
Guwahati Rural,Assam,Assam_District_3,2023-05-07,2023-02-06 09:01:00,60+,Male,2,4,2,2,2,2,1,2,ASHA_3032,3,5,4873,19,Mild
Rangpo Rural,Sikkim,Sikkim_District_2,2023-05-05,2023-03-18 15:00:00,19-60,Female,8,9,2,4,4,2,5,6,ASHA_9313,0,5,1861,30,Mild
Gyalshing Rural,Sikkim,Sikkim_District_2,2023-10-07,2023-07-23 06:23:00,6-18,Male,5,10,6,2,3,3,4,4,ASHA_5394,4,1,2701,29,Moderate
Baghmara Rural,Meghalaya,Meghalaya_District_3,2023-02-09,2023-01-29 13:02:00,19-60,Male,5,4,3,1,3,3,2,1,ASHA_5712,2,4,4080,25,Moderate
Dharmanagar Rural,Tripura,Tripura_District_1,2023-12-30,2023-11-20 14:47:00,6-18,Male,2,2,6,2,1,1,2,1,ASHA_6865,3,6,3553,27,Mild
Dimapur Village,Nagaland,Nagaland_District_3,2023-12-20,2023-10-31 06:35:00,60+,Male,0,6,2,0,0,0,0,0,ASHA_5059,0,7,2674,26,Severe
Lawngtlai Village,Mizoram,Mizoram_District_3,2023-10-11,2023-10-03 19:06:00,6-18,Female,0,5,8,0,2,3,2,1,ASHA_3664,1,3,2985,25,Mild
Belonia Rural,Tripura,Tripura_District_3,2023-04-28,2023-03-09 10:39:00,0-5,Male,7,5,0,4,2,2,1,1,ASHA_9767,3,5,4196,30,Mild
Ukhrul Village,Manipur,Manipur_District_3,2023-04-26,2023-03-01 19:36:00,19-60,Male,2,5,5,1,1,2,2,1,ASHA_3228,0,5,1449,30,Mild
Wokha Rural,Nagaland,Nagaland_District_3,2024-01-29,2023-12-11 06:01:00,19-60,Female,3,9,6,0,1,2,2,2,ASHA_8262,1,5,3059,23,Mild
Jiribam Village,Manipur,Manipur_District_3,2023-03-09,2023-01-07 12:43:00,60+,Female,13,0,0,5,3,0,2,3,ASHA_5278,0,4,3269,27,Moderate
Dibrugarh Rural,Assam,Assam_District_2,2024-03-08,2023-12-04 15:26:00,60+,Female,3,4,2,0,1,0,0,0,ASHA_3881,0,4,2263,25,Mild
Serchhip Village,Mizoram,Mizoram_District_1,2024-03-10,2023-12-09 12:55:00,0-5,Female,2,1,3,5,3,1,2,2,ASHA_6883,0,4,1352,10,Mild
Nagaon Rural,Assam,Assam_District_2,2023-08-07,2023-08-05 15:05:00,6-18,Male,5,2,2,4,3,1,2,3,ASHA_8598,1,0,2914,22,Mild
Phek Rural,Nagaland,Nagaland_District_1,2023-04-05,2023-01-18 14:40:00,6-18,Female,4,4,3,5,3,0,1,3,ASHA_4786,1,7,2272,29,Severe
Resubelpara Rural,Meghalaya,Meghalaya_District_2,2023-06-04,2023-02-16 18:57:00,0-5,Female,4,5,0,2,2,0,0,2,ASHA_5284,2,0,2723,17,Moderate
Khowai Village,Tripura,Tripura_District_1,2023-07-11,2023-03-29 13:13:00,19-60,Male,1,0,2,2,1,0,0,1,ASHA_1390,3,5,4994,20,Mild
Mokokchung Rural,Nagaland,Nagaland_District_2,2023-12-10,2023-11-01 15:27:00,0-5,Female,5,5,3,4,3,0,4,4,ASHA_5215,2,0,3508,31,Mild
Kiphire Village,Nagaland,Nagaland_District_3,2023-05-26,2023-02-21 18:35:00,6-18,Male,5,2,2,4,4,0,1,3,ASHA_8032,4,3,841,23,Mild
Nongpoh Village,Meghalaya,Meghalaya_District_3,2023-06-26,2023-03-22 17:48:00,0-5,Male,8,2,1,3,3,1,0,2,ASHA_2542,2,5,1358,25,Mild
Resubelpara Rural,Meghalaya,Meghalaya_District_1,2024-01-10,2023-11-27 10:33:00,6-18,Male,4,4,4,1,1,2,1,1,ASHA_9469,0,0,2597,24,Mild
Tawang Rural,Arunachal Pradesh,Arunachal Pradesh_District_2,2023-11-04,2023-07-23 15:20:00,6-18,Male,5,14,7,5,4,3,5,5,ASHA_3238,3,3,2886,36,Mild
Kailashahar Village,Tripura,Tripura_District_2,2023-12-11,2023-09-26 09:24:00,19-60,Male,5,16,4,2,3,4,8,7,ASHA_5454,3,4,2090,36,Mild
Shillong Rural,Meghalaya,Meghalaya_District_1,2023-08-30,2023-06-01 09:21:00,0-5,Male,10,5,6,5,7,5,4,5,ASHA_9422,1,3,3268,33,Severe
Jowai Rural,Meghalaya,Meghalaya_District_1,2023-09-06,2023-06-09 19:44:00,0-5,Female,6,1,6,5,6,5,1,3,ASHA_4286,2,3,2775,24,Mild
Kohima Rural,Nagaland,Nagaland_District_1,2023-09-04,2023-06-03 15:02:00,19-60,Male,12,5,7,6,7,3,3,6,ASHA_9670,0,3,3078,41,Mild
Belonia Rural,Tripura,Tripura_District_3,2023-06-05,2023-02-11 12:20:00,0-5,Male,2,0,3,1,1,1,1,0,ASHA_8740,3,4,4286,21,Moderate
Karimganj Village,Assam,Assam_District_3,2023-07-06,2023-03-25 07:12:00,0-5,Male,5,4,5,2,2,2,1,2,ASHA_6277,0,5,3975,23,Severe
Dibrugarh Rural,Assam,Assam_District_3,2024-01-12,2023-11-22 09:53:00,6-18,Male,5,7,2,1,1,0,2,3,ASHA_1562,3,0,1125,26,Moderate
Shillong Rural,Meghalaya,Meghalaya_District_2,2024-02-21,2023-12-16 15:44:00,6-18,Male,1,1,0,2,0,1,0,0,ASHA_4157,3,0,4900,9,Severe
Pasighat Rural,Arunachal Pradesh,Arunachal Pradesh_District_3,2023-04-11,2023-01-23 06:00:00,19-60,Female,3,7,4,4,1,0,1,2,ASHA_3979,1,2,4704,20,Moderate
Barpeta Village,Assam,Assam_District_2,2023-11-28,2023-08-18 07:08:00,0-5,Female,8,10,2,5,3,1,8,7,ASHA_2822,2,7,4189,29,Mild
Ukhrul Village,Manipur,Manipur_District_3,2023-11-29,2023-10-13 06:50:00,60+,Female,1,3,3,1,1,0,3,1,ASHA_1697,1,2,1292,11,Mild
Champhai Rural,Mizoram,Mizoram_District_3,2023-07-25,2023-06-17 14:09:00,19-60,Female,6,7,5,3,6,5,2,4,ASHA_3384,3,6,1336,35,Mild
Kolasib Rural,Mizoram,Mizoram_District_3,2023-05-18,2023-02-19 13:18:00,6-18,Male,4,6,1,2,1,0,3,2,ASHA_4131,0,2,4190,17,Mild
Phek Rural,Nagaland,Nagaland_District_2,2023-12-06,2023-08-14 08:13:00,6-18,Male,0,4,10,0,3,6,1,0,ASHA_3743,0,0,3380,23,Mild
Ziro Village,Arunachal Pradesh,Arunachal Pradesh_District_3,2023-09-27,2023-06-10 11:45:00,60+,Male,13,10,5,9,8,7,4,8,ASHA_6494,2,0,4420,36,Mild
Ukhrul Village,Manipur,Manipur_District_1,2023-12-24,2023-12-06 12:22:00,6-18,Female,4,7,5,3,3,3,3,3,ASHA_8423,4,6,4100,23,Moderate
Pakyong Village,Sikkim,Sikkim_District_2,2023-11-05,2023-07-18 10:13:00,19-60,Female,3,8,2,1,3,5,5,4,ASHA_6104,2,2,1175,22,Moderate
Mokokchung Rural,Nagaland,Nagaland_District_2,2023-12-03,2023-08-31 11:29:00,6-18,Female,2,9,0,3,2,0,7,5,ASHA_6911,2,4,3139,26,Moderate
Tamenglong Rural,Manipur,Manipur_District_1,2023-09-18,2023-08-30 13:21:00,60+,Female,9,3,5,6,7,4,1,4,ASHA_3739,4,6,2489,35,Mild
Shillong Rural,Meghalaya,Meghalaya_District_3,2023-02-16,2023-02-15 07:02:00,6-18,Male,4,6,6,2,1,0,2,2,ASHA_3963,1,6,746,23,Moderate
Agartala Rural,Tripura,Tripura_District_1,2023-12-17,2023-11-22 14:43:00,0-5,Male,5,0,0,0,1,1,0,1,ASHA_7222,0,3,775,12,Mild
Serchhip Village,Mizoram,Mizoram_District_3,2024-01-02,2023-09-13 10:08:00,0-5,Female,2,4,10,2,3,5,3,2,ASHA_9696,1,0,4559,27,Mild
Gangtok Rural,Sikkim,Sikkim_District_3,2024-02-13,2023-11-15 11:02:00,0-5,Female,2,4,6,4,4,1,0,3,ASHA_3585,1,1,2907,21,Severe
Zunheboto Village,Nagaland,Nagaland_District_1,2023-05-16,2023-03-08 10:55:00,19-60,Male,6,0,1,3,2,0,2,1,ASHA_2600,2,5,3767,23,Mild
Silchar Village,Assam,Assam_District_1,2024-02-13,2023-11-29 15:47:00,6-18,Male,2,8,2,2,1,1,6,3,ASHA_5487,1,1,3272,19,Moderate
Ukhrul Village,Manipur,Manipur_District_3,2023-12-18,2023-10-29 16:49:00,60+,Female,5,4,3,2,3,1,0,2,ASHA_6536,2,1,3249,22,Severe
Pakyong Village,Sikkim,Sikkim_District_3,2023-07-23,2023-04-06 16:51:00,6-18,Female,3,3,0,1,1,1,3,2,ASHA_2756,1,6,4818,18,Mild
Jiribam Village,Manipur,Manipur_District_2,2023-05-07,2023-04-18 09:44:00,60+,Female,1,3,1,2,0,0,1,1,ASHA_9501,0,2,2544,15,Mild
Khowai Village,Tripura,Tripura_District_3,2023-09-07,2023-07-31 13:45:00,19-60,Female,11,7,8,9,8,4,6,9,ASHA_5360,2,3,3523,39,Moderate
Naharlagun Village,Arunachal Pradesh,Arunachal Pradesh_District_2,2023-09-26,2023-09-02 17:22:00,6-18,Female,7,4,6,4,6,3,2,5,ASHA_6242,3,0,1750,33,Mild
Williamnagar Village,Meghalaya,Meghalaya_District_2,2023-05-21,2023-02-09 07:11:00,0-5,Female,8,1,8,2,4,5,3,2,ASHA_6578,4,0,1237,29,Moderate
Tawang Rural,Arunachal Pradesh,Arunachal Pradesh_District_2,2023-07-02,2023-04-28 11:43:00,60+,Female,5,2,1,4,1,1,3,2,ASHA_7120,4,0,4873,19,Moderate
Pasighat Rural,Arunachal Pradesh,Arunachal Pradesh_District_2,2023-04-20,2023-01-28 12:37:00,19-60,Male,4,0,6,1,2,2,1,0,ASHA_3062,0,1,2014,29,Moderate
Resubelpara Rural,Meghalaya,Meghalaya_District_1,2023-07-07,2023-03-19 10:03:00,0-5,Male,6,2,5,3,3,1,4,2,ASHA_9098,1,1,2946,32,Mild
Tezpur Village,Arunachal Pradesh,Arunachal Pradesh_District_3,2023-11-19,2023-10-26 10:12:00,0-5,Female,8,3,1,3,3,0,2,3,ASHA_2383,3,1,2543,31,Moderate
Aizawl Rural,Mizoram,Mizoram_District_1,2024-02-03,2023-10-11 14:10:00,6-18,Female,5,8,4,8,4,0,4,5,ASHA_2570,4,6,3882,21,Mild
Churachandpur Village,Manipur,Manipur_District_2,2023-06-04,2023-05-19 19:38:00,6-18,Male,6,1,6,2,2,2,0,1,ASHA_9630,0,0,967,30,Mild
Hnahthial Village,Mizoram,Mizoram_District_3,2023-09-08,2023-06-10 15:43:00,19-60,Male,2,6,5,1,2,1,3,3,ASHA_8940,3,2,602,31,Moderate
Jorhat Village,Assam,Assam_District_1,2023-11-14,2023-08-22 11:22:00,19-60,Male,11,3,2,6,4,1,1,4,ASHA_5348,2,3,2234,32,Moderate
Jiribam Village,Manipur,Manipur_District_2,2024-03-02,2023-11-24 18:32:00,0-5,Male,5,3,0,3,3,0,2,3,ASHA_5202,4,4,518,23,Mild
Lawngtlai Village,Mizoram,Mizoram_District_1,2023-09-03,2023-08-15 12:25:00,0-5,Female,6,5,3,6,4,1,4,6,ASHA_1778,1,4,4603,23,Severe
Kolasib Rural,Mizoram,Mizoram_District_3,2024-02-13,2023-10-21 13:56:00,19-60,Female,7,0,4,3,3,3,0,1,ASHA_4143,0,6,1950,26,Moderate
Nongpoh Village,Meghalaya,Meghalaya_District_1,2023-10-11,2023-07-08 16:15:00,6-18,Female,9,6,0,7,4,0,5,7,ASHA_9982,3,1,3348,28,Mild
Rangpo Rural,Sikkim,Sikkim_District_2,2023-11-17,2023-11-03 18:07:00,60+,Male,5,4,5,1,3,2,2,2,ASHA_1396,1,2,3540,31,Moderate
Pasighat Rural,Arunachal Pradesh,Arunachal Pradesh_District_2,2023-07-11,2023-05-05 07:46:00,19-60,Female,1,3,4,0,0,0,1,0,ASHA_8684,4,4,3110,17,Moderate
Belonia Rural,Tripura,Tripura_District_1,2023-07-21,2023-04-14 12:10:00,6-18,Female,3,0,2,4,1,0,1,1,ASHA_4533,3,6,4177,20,Mild
Hnahthial Village,Mizoram,Mizoram_District_2,2023-11-29,2023-10-03 16:48:00,19-60,Male,4,0,1,2,2,1,1,1,ASHA_4179,0,3,4077,21,Mild
Gangtok Rural,Sikkim,Sikkim_District_2,2023-08-29,2023-07-14 14:56:00,0-5,Male,4,3,0,4,2,0,2,4,ASHA_2323,0,3,3140,24,Moderate
Champhai Rural,Mizoram,Mizoram_District_1,2023-04-10,2023-03-08 14:51:00,6-18,Female,3,4,3,1,1,0,2,2,ASHA_3088,1,1,1665,16,Mild
Dharmanagar Rural,Tripura,Tripura_District_3,2023-07-08,2023-05-07 12:55:00,60+,Female,6,3,2,5,3,0,0,2,ASHA_6091,3,7,770,28,Mild
Mokokchung Rural,Nagaland,Nagaland_District_2,2024-01-30,2023-10-04 16:48:00,6-18,Female,5,2,3,5,3,1,1,3,ASHA_6502,3,2,1963,17,Mild
Khowai Village,Tripura,Tripura_District_2,2024-01-06,2023-10-25 13:09:00,6-18,Male,4,2,4,1,1,0,1,1,ASHA_6720,4,5,4380,28,Mild
Aizawl Rural,Mizoram,Mizoram_District_3,2023-12-28,2023-10-03 11:36:00,0-5,Male,5,4,6,2,3,3,0,1,ASHA_9133,2,6,1116,19,Moderate
Gyalshing Rural,Sikkim,Sikkim_District_1,2023-08-16,2023-05-15 13:16:00,60+,Female,2,5,1,4,3,1,3,3,ASHA_2271,3,0,2690,15,Moderate
Zunheboto Village,Nagaland,Nagaland_District_1,2024-01-30,2023-10-29 15:13:00,19-60,Female,5,0,3,2,1,0,1,1,ASHA_6614,2,4,3422,21,Severe
Serchhip Village,Mizoram,Mizoram_District_3,2023-07-07,2023-05-20 11:33:00,19-60,Female,4,3,6,4,4,4,2,2,ASHA_5004,2,1,3766,25,Moderate
Tura Village,Meghalaya,Meghalaya_District_2,2024-01-22,2023-10-22 08:27:00,6-18,Male,0,1,5,0,1,4,1,0,ASHA_8825,2,2,1703,21,Moderate
Churachandpur Village,Manipur,Manipur_District_1,2023-02-14,2023-01-05 06:19:00,60+,Female,5,6,4,1,1,0,4,3,ASHA_9915,2,6,2526,25,Mild
Williamnagar Village,Meghalaya,Meghalaya_District_2,2023-06-21,2023-04-12 15:22:00,19-60,Male,3,5,4,2,1,3,2,2,ASHA_2515,4,0,4033,16,Mild
Amarpur Village,Tripura,Tripura_District_2,2023-07-26,2023-06-20 12:50:00,6-18,Female,6,0,4,5,3,0,2,3,ASHA_5688,2,5,1916,23,Moderate
Dibrugarh Rural,Assam,Assam_District_2,2023-08-18,2023-04-28 19:35:00,6-18,Female,8,2,3,4,2,0,0,2,ASHA_8728,4,0,1173,25,Moderate
Roing Village,Arunachal Pradesh,Arunachal Pradesh_District_3,2023-12-08,2023-09-12 07:00:00,19-60,Male,14,1,16,8,13,10,2,5,ASHA_4982,4,5,4029,43,Mild
Kohima Rural,Nagaland,Nagaland_District_2,2023-04-26,2023-02-15 07:23:00,6-18,Male,2,6,0,1,0,1,3,2,ASHA_6006,2,6,3506,18,Mild
Gangtok Rural,Sikkim,Sikkim_District_2,2023-08-22,2023-06-29 08:06:00,19-60,Male,8,7,0,7,6,1,2,6,ASHA_1753,4,5,3438,33,Mild
Wokha Rural,Nagaland,Nagaland_District_1,2023-08-10,2023-06-09 07:05:00,6-18,Male,16,12,4,8,6,0,5,9,ASHA_9240,4,1,3939,48,Mild
Tuensang Village,Nagaland,Nagaland_District_3,2024-02-02,2023-11-01 10:55:00,0-5,Male,5,0,4,4,4,4,1,2,ASHA_5379,4,4,2116,15,Mild
Singtam Village,Sikkim,Sikkim_District_2,2024-01-15,2023-12-13 19:33:00,60+,Female,0,4,3,0,0,0,2,0,ASHA_9755,0,1,785,11,Mild
Williamnagar Village,Meghalaya,Meghalaya_District_3,2023-06-02,2023-02-23 13:08:00,19-60,Female,2,4,2,2,1,1,5,3,ASHA_7127,0,2,792,14,Mild
Tezpur Rural,Assam,Assam_District_2,2023-10-06,2023-09-02 14:02:00,0-5,Male,9,9,7,4,6,5,5,6,ASHA_6439,0,3,3628,29,Moderate
Karimganj Village,Assam,Assam_District_3,2024-01-06,2023-12-20 08:18:00,0-5,Male,4,0,0,1,1,1,0,1,ASHA_8978,4,7,791,19,Mild
Champhai Rural,Mizoram,Mizoram_District_3,2023-04-29,2023-01-31 12:59:00,19-60,Male,2,2,5,0,1,0,0,1,ASHA_4768,2,3,2673,22,Mild
Aizawl Rural,Mizoram,Mizoram_District_2,2023-06-09,2023-03-16 19:38:00,60+,Male,9,4,6,4,4,2,3,3,ASHA_1454,1,1,4433,30,Mild
Belonia Rural,Tripura,Tripura_District_1,2023-04-02,2023-02-21 11:15:00,0-5,Male,5,4,2,1,2,1,2,2,ASHA_3800,2,2,2565,24,Mild
Shillong Rural,Meghalaya,Meghalaya_District_2,2023-08-02,2023-05-16 19:55:00,0-5,Female,9,0,1,4,3,2,1,3,ASHA_8075,4,1,600,26,Moderate
Champhai Rural,Mizoram,Mizoram_District_2,2024-01-01,2023-10-06 19:44:00,19-60,Female,5,2,6,4,3,1,2,2,ASHA_6054,3,0,1246,30,Mild
Kailashahar Village,Tripura,Tripura_District_3,2023-04-10,2023-01-06 11:56:00,0-5,Male,2,6,10,0,3,4,4,1,ASHA_9519,2,7,1811,28,Moderate
Senapati Rural,Manipur,Manipur_District_3,2023-07-13,2023-03-21 14:56:00,19-60,Male,2,0,0,3,1,3,0,1,ASHA_4563,2,7,854,15,Severe
Phek Rural,Nagaland,Nagaland_District_2,2023-05-17,2023-02-04 17:12:00,19-60,Male,5,5,8,2,3,2,2,2,ASHA_9684,4,2,4854,31,Mild
Saitual Rural,Mizoram,Mizoram_District_3,2023-08-27,2023-07-05 15:42:00,6-18,Female,18,0,5,12,10,2,0,8,ASHA_5054,3,2,3338,42,Moderate
Phek Rural,Nagaland,Nagaland_District_3,2023-08-21,2023-07-24 10:15:00,0-5,Male,0,11,6,3,2,4,7,4,ASHA_7634,0,3,4335,33,Mild
Zunheboto Village,Nagaland,Nagaland_District_1,2023-05-25,2023-05-13 06:28:00,60+,Male,5,5,3,2,3,3,1,2,ASHA_8387,4,1,1251,22,Moderate
Hnahthial Village,Mizoram,Mizoram_District_3,2023-12-29,2023-10-21 07:09:00,0-5,Female,5,4,6,3,3,2,2,2,ASHA_6811,0,0,3363,33,Mild
Lunglei Village,Mizoram,Mizoram_District_3,2024-01-27,2023-11-08 06:27:00,6-18,Male,6,2,4,2,3,2,1,2,ASHA_1851,3,5,2865,22,Moderate
Itanagar Rural,Arunachal Pradesh,Arunachal Pradesh_District_3,2024-01-31,2023-11-09 18:21:00,0-5,Female,0,2,0,0,1,0,2,1,ASHA_7103,1,6,839,18,Mild
Lunglei Village,Mizoram,Mizoram_District_1,2023-02-10,2023-02-08 09:11:00,0-5,Male,2,2,2,2,1,0,2,2,ASHA_5491,3,5,1681,25,Mild
Gyalshing Rural,Sikkim,Sikkim_District_1,2023-08-03,2023-05-11 19:43:00,0-5,Male,1,2,10,2,1,1,2,0,ASHA_8507,3,7,3273,29,Moderate
Phek Rural,Nagaland,Nagaland_District_2,2023-05-09,2023-02-04 17:12:00,19-60,Male,7,1,5,2,3,2,2,2,ASHA_9684,4,2,4854,18,Mild
Gyalshing Rural,Sikkim,Sikkim_District_1,2023-08-05,2023-05-11 19:43:00,0-5,Male,2,1,2,2,1,1,2,0,ASHA_8507,3,7,3273,12,Moderate
Resubelpara Rural,Meghalaya,Meghalaya_District_1,2023-09-05,2023-07-04 16:33:00,0-5,Male,12,3,4,5,6,4,2,4,ASHA_5535,4,2,2162,35,Moderate
Belonia Rural,Tripura,Tripura_District_2,2023-05-03,2023-05-01 11:45:00,0-5,Female,5,2,6,4,2,1,1,2,ASHA_6456,4,5,1156,18,Mild
Ukhrul Village,Manipur,Manipur_District_2,2023-09-07,2023-07-10 07:20:00,19-60,Male,5,12,10,4,6,5,8,7,ASHA_3751,3,1,2974,31,Moderate
Baghmara Rural,Meghalaya,Meghalaya_District_3,2023-11-01,2023-08-16 11:05:00,19-60,Male,7,0,9,6,4,4,1,2,ASHA_8090,3,2,3331,24,Moderate
Jiribam Village,Manipur,Manipur_District_3,2023-12-09,2023-10-02 15:48:00,19-60,Male,4,3,3,4,2,0,1,2,ASHA_6699,4,4,2683,21,Mild
Naharlagun Village,Arunachal Pradesh,Arunachal Pradesh_District_3,2023-09-14,2023-07-07 10:38:00,60+,Male,8,5,9,4,4,3,3,3,ASHA_8811,1,5,1440,28,Mild
Namchi Village,Sikkim,Sikkim_District_1,2023-04-12,2023-02-09 10:57:00,0-5,Female,0,2,1,0,1,1,4,2,ASHA_6324,3,0,1915,9,Moderate
Shillong Rural,Meghalaya,Meghalaya_District_2,2023-08-12,2023-06-07 12:12:00,0-5,Male,2,2,4,2,2,1,1,1,ASHA_9803,3,2,3762,17,Moderate
Kolasib Rural,Mizoram,Mizoram_District_1,2024-01-24,2023-12-16 14:01:00,60+,Male,5,7,3,1,1,1,2,2,ASHA_3549,3,5,2198,28,Severe
Kolasib Rural,Mizoram,Mizoram_District_2,2024-01-17,2023-11-06 08:19:00,19-60,Female,7,3,6,3,3,2,0,2,ASHA_1845,0,2,641,28,Mild
Gyalshing Rural,Sikkim,Sikkim_District_1,2024-01-11,2023-12-08 17:49:00,60+,Male,4,5,4,6,4,1,3,5,ASHA_7559,0,3,3487,29,Mild
Agartala Rural,Tripura,Tripura_District_3,2023-09-24,2023-07-27 09:46:00,0-5,Male,11,4,0,4,3,1,3,5,ASHA_9057,0,7,4423,34,Moderate
Serchhip Village,Mizoram,Mizoram_District_2,2023-10-15,2023-08-26 15:50:00,0-5,Male,10,6,4,7,6,1,4,6,ASHA_8351,2,0,747,24,Moderate
Tezpur Village,Arunachal Pradesh,Arunachal Pradesh_District_2,2023-11-29,2023-09-05 09:03:00,0-5,Female,0,9,0,0,1,1,4,3,ASHA_2666,2,3,4297,24,Moderate
Thoubal Village,Manipur,Manipur_District_1,2023-12-28,2023-09-12 18:39:00,6-18,Male,0,8,1,5,4,3,6,5,ASHA_9307,2,4,2139,15,Moderate
Nagaon Rural,Assam,Assam_District_1,2024-02-24,2023-12-10 17:48:00,0-5,Female,0,2,6,2,3,2,1,1,ASHA_5811,3,3,4815,17,Mild
Pasighat Rural,Arunachal Pradesh,Arunachal Pradesh_District_2,2023-04-11,2023-03-25 15:35:00,19-60,Male,3,0,1,3,1,0,1,1,ASHA_1732,0,0,4874,13,Moderate
Roing Village,Arunachal Pradesh,Arunachal Pradesh_District_2,2023-10-20,2023-08-01 07:25:00,6-18,Male,5,4,3,4,3,1,2,3,ASHA_4013,4,2,2765,27,Mild
Agartala Rural,Tripura,Tripura_District_1,2023-02-25,2023-01-17 14:30:00,19-60,Female,6,5,4,3,2,0,1,2,ASHA_8758,0,6,1317,23,Mild
Imphal Rural,Manipur,Manipur_District_1,2023-06-04,2023-05-29 17:03:00,19-60,Female,1,1,6,1,1,1,0,0,ASHA_5544,4,7,1875,26,Moderate
Dibrugarh Rural,Assam,Assam_District_3,2023-12-25,2023-12-02 16:21:00,19-60,Female,1,5,2,3,1,0,2,2,ASHA_6720,1,6,2455,18,Moderate
Lunglei Village,Mizoram,Mizoram_District_1,2023-06-11,2023-02-12 12:15:00,6-18,Female,2,10,6,3,1,0,6,3,ASHA_7382,1,5,3121,35,Mild
Itanagar Rural,Arunachal Pradesh,Arunachal Pradesh_District_2,2023-05-29,2023-04-08 19:29:00,0-5,Male,6,4,3,5,3,0,3,3,ASHA_4138,2,0,2665,32,Moderate
Lawngtlai Village,Mizoram,Mizoram_District_1,2023-12-23,2023-11-28 18:30:00,19-60,Male,5,6,3,3,2,0,1,2,ASHA_3518,0,5,3129,26,Moderate
Hnahthial Village,Mizoram,Mizoram_District_1,2023-03-20,2023-03-04 09:43:00,0-5,Male,4,0,4,5,3,1,0,2,ASHA_8727,3,6,972,13,Mild
Khliehriat Village,Meghalaya,Meghalaya_District_1,2023-12-23,2023-10-06 08:21:00,60+,Female,7,8,0,5,3,1,4,4,ASHA_7719,2,1,2629,30,Moderate
Resubelpara Rural,Meghalaya,Meghalaya_District_1,2024-02-15,2023-11-16 15:30:00,6-18,Male,2,6,5,3,2,2,2,2,ASHA_2482,2,0,2406,23,Mild
Teliamura Rural,Tripura,Tripura_District_3,2023-07-27,2023-06-14 19:03:00,6-18,Female,2,9,0,2,2,1,4,4,ASHA_2429,3,6,3815,20,Mild
Rangpo Rural,Sikkim,Sikkim_District_1,2023-10-31,2023-10-18 19:23:00,19-60,Female,0,4,6,2,3,4,1,0,ASHA_9226,3,0,2440,21,Mild
Kiphire Village,Nagaland,Nagaland_District_3,2024-01-12,2023-11-30 18:43:00,6-18,Female,8,3,2,4,3,1,0,2,ASHA_7341,2,4,2811,21,Moderate
Pakyong Village,Sikkim,Sikkim_District_2,2023-08-17,2023-05-29 16:57:00,6-18,Male,5,4,0,2,1,0,2,3,ASHA_5978,4,4,4185,17,Mild
Khowai Village,Tripura,Tripura_District_1,2023-06-05,2023-05-22 06:47:00,19-60,Male,3,3,4,4,3,2,2,2,ASHA_2370,0,6,1394,29,Mild
Churachandpur Village,Manipur,Manipur_District_3,2023-08-03,2023-07-02 16:54:00,0-5,Male,15,8,7,9,7,1,3,7,ASHA_2992,0,1,4899,38,Mild
Khowai Village,Tripura,Tripura_District_1,2023-06-07,2023-06-06 09:14:00,6-18,Female,8,7,5,2,2,1,3,3,ASHA_5344,0,1,4584,31,Mild
Mangan Village,Sikkim,Sikkim_District_1,2023-07-22,2023-05-26 17:44:00,0-5,Female,4,1,2,3,2,1,3,2,ASHA_7875,4,0,2038,22,Mild
Rangpo Rural,Sikkim,Sikkim_District_2,2023-05-26,2023-05-05 13:04:00,19-60,Male,11,2,0,4,3,0,1,3,ASHA_4620,4,2,3863,20,Severe
Imphal Rural,Manipur,Manipur_District_1,2023-07-25,2023-07-01 07:31:00,0-5,Female,6,15,0,3,1,1,7,6,ASHA_2719,0,6,2311,34,Mild
Belonia Rural,Tripura,Tripura_District_3,2023-10-26,2023-10-12 08:08:00,6-18,Male,1,4,2,0,0,0,5,2,ASHA_5953,3,1,2350,25,Moderate
Lawngtlai Village,Mizoram,Mizoram_District_2,2024-02-24,2023-11-29 12:20:00,60+,Male,2,8,5,0,2,5,4,1,ASHA_3718,3,7,2133,32,Moderate
Lawngtlai Village,Mizoram,Mizoram_District_1,2023-08-10,2023-06-12 07:23:00,0-5,Female,8,1,2,8,7,5,1,4,ASHA_5765,0,7,817,15,Mild
Bishnupur Rural,Manipur,Manipur_District_1,2023-08-04,2023-04-13 19:11:00,0-5,Female,1,4,2,1,0,0,2,1,ASHA_5208,1,4,1876,17,Mild
Gyalshing Rural,Sikkim,Sikkim_District_1,2023-11-05,2023-09-18 09:40:00,6-18,Female,5,8,4,3,3,2,4,4,ASHA_1058,0,5,637,21,Moderate
Barpeta Village,Assam,Assam_District_1,2023-12-12,2023-11-15 18:24:00,0-5,Female,4,3,3,3,1,0,1,2,ASHA_7048,2,0,645,23,Mild
Shillong Rural,Meghalaya,Meghalaya_District_3,2023-05-21,2023-04-26 09:01:00,0-5,Female,3,8,1,4,1,4,5,3,ASHA_9303,4,7,1675,21,Mild
Lawngtlai Village,Mizoram,Mizoram_District_3,2023-07-20,2023-03-28 15:59:00,19-60,Male,4,7,0,4,1,0,5,5,ASHA_4749,0,7,4882,29,Mild
Serchhip Village,Mizoram,Mizoram_District_3,2023-12-09,2023-09-29 07:10:00,0-5,Female,7,5,5,5,2,0,5,4,ASHA_9548,3,6,554,23,Mild
Naharlagun Village,Arunachal Pradesh,Arunachal Pradesh_District_1,2023-10-31,2023-09-22 17:11:00,19-60,Male,1,3,1,1,0,0,0,0,ASHA_1283,4,5,4756,22,Mild
Rangpo Rural,Sikkim,Sikkim_District_1,2023-04-10,2023-01-22 06:53:00,0-5,Male,1,10,5,3,3,1,2,3,ASHA_3378,3,3,798,25,Mild
Ziro Village,Arunachal Pradesh,Arunachal Pradesh_District_2,2023-06-08,2023-04-02 15:18:00,60+,Female,1,1,1,1,1,1,1,1,ASHA_4032,4,6,3702,21,Severe
Pakyong Village,Sikkim,Sikkim_District_2,2023-10-22,2023-10-08 11:22:00,6-18,Female,0,2,2,1,0,0,3,1,ASHA_4433,4,1,2512,11,Moderate
Kohima Rural,Nagaland,Nagaland_District_3,2023-05-22,2023-02-27 13:39:00,6-18,Male,9,4,0,5,4,0,2,4,ASHA_4465,3,1,4715,21,Moderate
Lawngtlai Village,Mizoram,Mizoram_District_3,2023-10-04,2023-09-19 15:34:00,0-5,Female,4,0,5,3,3,3,0,1,ASHA_2167,4,3,3527,18,Mild
Lawngtlai Village,Mizoram,Mizoram_District_3,2023-08-08,2023-07-15 11:15:00,6-18,Male,13,5,0,11,6,1,4,7,ASHA_5014,0,4,1952,37,Mild
Gyalshing Rural,Sikkim,Sikkim_District_2,2023-10-16,2023-07-23 06:23:00,6-18,Male,2,11,5,2,3,3,4,4,ASHA_5394,4,1,2701,33,Moderate
Saitual Rural,Mizoram,Mizoram_District_3,2023-08-27,2023-07-05 15:42:00,6-18,Female,21,0,6,12,10,2,0,8,ASHA_5054,3,2,3338,44,Moderate
Aizawl Rural,Mizoram,Mizoram_District_2,2023-08-21,2023-07-25 09:30:00,19-60,Male,5,4,0,3,2,0,5,5,ASHA_5082,2,0,3743,21,Moderate
Nagaon Rural,Assam,Assam_District_2,2023-07-21,2023-07-12 09:53:00,6-18,Female,3,1,14,3,8,9,1,3,ASHA_8190,3,1,4753,34,Mild
Dimapur Village,Nagaland,Nagaland_District_1,2023-08-17,2023-06-07 06:49:00,19-60,Male,5,11,12,2,4,5,5,5,ASHA_9747,3,5,4344,42,Mild
Teliamura Rural,Tripura,Tripura_District_1,2024-01-30,2023-11-08 19:14:00,19-60,Female,7,0,3,3,3,1,0,2,ASHA_7558,3,4,4586,24,Mild
Karimganj Village,Assam,Assam_District_3,2023-05-28,2023-05-03 19:33:00,19-60,Male,4,0,5,1,1,1,1,0,ASHA_1253,0,4,2281,26,Mild
Ziro Village,Arunachal Pradesh,Arunachal Pradesh_District_2,2023-06-06,2023-04-17 15:39:00,60+,Female,7,1,3,6,3,1,3,3,ASHA_5142,1,2,1913,30,Moderate
Dibrugarh Rural,Assam,Assam_District_3,2023-10-13,2023-09-02 17:43:00,19-60,Female,3,11,1,1,0,0,6,3,ASHA_7693,2,0,2146,28,Mild
Zunheboto Village,Nagaland,Nagaland_District_1,2023-08-28,2023-05-13 06:28:00,60+,Male,4,8,6,2,3,3,1,2,ASHA_8387,4,1,1251,29,Moderate
Kiphire Village,Nagaland,Nagaland_District_3,2024-01-30,2023-10-27 09:39:00,0-5,Female,3,3,8,1,2,4,3,2,ASHA_6453,3,4,3273,28,Mild
Jiribam Village,Manipur,Manipur_District_1,2023-07-24,2023-06-21 09:04:00,6-18,Male,0,9,5,2,2,3,4,3,ASHA_2961,2,1,2866,29,Mild
Imphal Rural,Manipur,Manipur_District_1,2023-11-23,2023-09-22 07:54:00,19-60,Female,3,0,4,1,3,3,1,1,ASHA_4600,3,2,4390,26,Mild
Tura Village,Meghalaya,Meghalaya_District_1,2023-10-15,2023-06-27 19:47:00,6-18,Male,2,14,4,4,4,3,10,7,ASHA_1412,0,0,3811,35,Mild
Champhai Rural,Mizoram,Mizoram_District_1,2023-05-06,2023-03-25 11:58:00,60+,Male,4,6,5,4,3,1,1,2,ASHA_1796,4,5,4731,34,Mild
Kolasib Rural,Mizoram,Mizoram_District_1,2023-06-10,2023-05-24 10:10:00,0-5,Female,1,3,3,3,0,0,1,1,ASHA_6630,0,5,4301,22,Moderate
Tawang Rural,Arunachal Pradesh,Arunachal Pradesh_District_2,2023-08-28,2023-07-23 15:20:00,6-18,Male,5,8,5,5,4,3,5,5,ASHA_3238,3,3,2886,37,Mild
Lawngtlai Village,Mizoram,Mizoram_District_1,2024-03-05,2023-12-23 09:04:00,6-18,Female,6,1,0,0,1,0,1,1,ASHA_5706,0,4,3864,23,Mild
Singtam Village,Sikkim,Sikkim_District_2,2023-09-23,2023-05-27 06:55:00,19-60,Male,0,5,1,1,1,1,3,1,ASHA_8527,2,2,3098,24,Moderate
Aizawl Rural,Mizoram,Mizoram_District_2,2023-10-05,2023-08-29 19:17:00,6-18,Female,2,0,7,2,3,5,4,3,ASHA_4311,4,7,1487,16,Moderate
Silchar Village,Assam,Assam_District_1,2023-10-16,2023-10-09 15:22:00,6-18,Male,5,6,5,3,4,2,5,4,ASHA_1944,2,7,3754,35,Moderate
Mokokchung Rural,Nagaland,Nagaland_District_2,2023-05-16,2023-04-24 18:40:00,6-18,Female,3,5,4,3,3,1,2,3,ASHA_1684,4,4,3594,21,Mild
Tawang Rural,Arunachal Pradesh,Arunachal Pradesh_District_3,2023-12-18,2023-10-29 12:29:00,19-60,Female,4,0,1,2,1,0,1,0,ASHA_9174,2,1,4101,21,Mild
Shillong Rural,Meghalaya,Meghalaya_District_2,2023-08-17,2023-08-05 06:49:00,0-5,Male,14,3,11,6,8,6,0,4,ASHA_9975,4,5,912,38,Mild
Itanagar Rural,Arunachal Pradesh,Arunachal Pradesh_District_1,2023-08-25,2023-08-20 07:54:00,19-60,Female,8,3,7,7,6,3,0,3,ASHA_7094,3,0,3229,29,Moderate
Lawngtlai Village,Mizoram,Mizoram_District_2,2023-11-09,2023-08-22 07:59:00,0-5,Female,2,1,5,2,2,3,3,2,ASHA_5200,3,7,1256,23,Mild
Mangan Village,Sikkim,Sikkim_District_2,2024-02-10,2023-11-03 14:21:00,19-60,Male,3,6,4,2,3,1,0,2,ASHA_1751,1,5,3579,25,Mild
Nongpoh Village,Meghalaya,Meghalaya_District_3,2023-07-30,2023-07-02 11:15:00,0-5,Male,6,5,6,1,3,4,4,4,ASHA_8793,2,1,2217,32,Mild
Tawang Rural,Arunachal Pradesh,Arunachal Pradesh_District_3,2023-08-04,2023-06-02 14:05:00,0-5,Female,6,20,5,1,2,2,9,7,ASHA_1258,2,7,3827,36,Moderate
Ukhrul Village,Manipur,Manipur_District_2,2023-09-17,2023-07-10 07:20:00,19-60,Male,5,12,6,4,6,5,8,7,ASHA_3751,3,1,2974,40,Moderate
Naharlagun Village,Arunachal Pradesh,Arunachal Pradesh_District_1,2023-09-04,2023-06-16 08:16:00,0-5,Male,7,0,2,7,4,1,1,4,ASHA_6961,3,5,4106,19,Mild
Gyalshing Rural,Sikkim,Sikkim_District_2,2024-03-31,2023-12-05 09:24:00,19-60,Male,0,2,5,2,1,2,0,0,ASHA_5022,2,7,2035,23,Mild
Tezpur Rural,Assam,Assam_District_1,2023-12-19,2023-09-04 14:36:00,0-5,Female,1,7,8,0,2,4,5,3,ASHA_9888,0,3,1617,24,Moderate
Churachandpur Village,Manipur,Manipur_District_1,2023-09-26,2023-08-19 09:43:00,0-5,Male,11,6,8,7,8,5,3,6,ASHA_1310,4,4,4184,38,Mild
Jorhat Village,Assam,Assam_District_3,2023-06-18,2023-02-21 09:25:00,19-60,Male,0,0,0,1,0,0,0,1,ASHA_9592,1,4,1069,13,Mild
Thoubal Village,Manipur,Manipur_District_1,2023-04-09,2023-04-04 12:49:00,6-18,Male,1,3,2,0,1,1,2,1,ASHA_8750,0,7,4807,12,Moderate
Tezpur Rural,Assam,Assam_District_1,2023-12-28,2023-09-04 14:36:00,0-5,Female,4,6,4,0,2,4,5,3,ASHA_9888,0,3,1617,25,Moderate
Resubelpara Rural,Meghalaya,Meghalaya_District_3,2023-05-03,2023-04-16 11:42:00,19-60,Female,6,4,3,4,3,0,3,4,ASHA_8909,4,1,1155,27,Moderate
Jorhat Village,Assam,Assam_District_2,2023-01-23,2023-01-09 18:51:00,6-18,Female,8,3,2,3,2,0,4,3,ASHA_6757,4,7,2018,30,Moderate
Nongpoh Village,Meghalaya,Meghalaya_District_1,2023-02-22,2023-02-07 15:05:00,0-5,Female,6,1,0,3,1,0,2,2,ASHA_3975,4,2,4479,25,Mild
Hnahthial Village,Mizoram,Mizoram_District_3,2023-10-12,2023-09-27 08:37:00,19-60,Female,1,9,5,3,4,6,7,5,ASHA_8456,3,3,2666,25,Mild
Dibrugarh Rural,Assam,Assam_District_2,2023-11-16,2023-09-21 10:24:00,60+,Female,8,2,7,6,8,8,0,3,ASHA_6385,1,4,884,31,Moderate
Tezpur Village,Arunachal Pradesh,Arunachal Pradesh_District_3,2024-01-22,2023-11-06 09:00:00,60+,Female,10,4,0,5,4,1,2,4,ASHA_5109,1,6,1207,20,Mild
Jorhat Village,Assam,Assam_District_3,2024-02-28,2023-12-01 06:21:00,0-5,Female,3,6,1,4,2,1,2,2,ASHA_9275,0,5,3334,28,Mild
Barpeta Village,Assam,Assam_District_3,2023-11-07,2023-11-05 15:53:00,6-18,Female,2,0,6,6,1,0,0,2,ASHA_6786,0,4,2628,25,Severe
Ukhrul Village,Manipur,Manipur_District_1,2024-01-11,2023-12-06 12:22:00,6-18,Female,7,5,7,3,3,3,3,3,ASHA_8423,4,6,4100,38,Moderate
Gangtok Rural,Sikkim,Sikkim_District_2,2023-12-12,2023-11-26 08:53:00,19-60,Male,3,2,0,4,2,2,1,2,ASHA_2812,2,6,790,16,Mild
Wokha Rural,Nagaland,Nagaland_District_1,2023-03-03,2023-02-13 08:09:00,6-18,Female,7,4,3,3,3,2,1,2,ASHA_9529,4,6,2630,23,Mild
Dibrugarh Rural,Assam,Assam_District_3,2023-08-08,2023-05-11 06:03:00,60+,Female,3,6,5,1,4,5,3,2,ASHA_8823,1,6,2523,30,Severe
Nagaon Rural,Assam,Assam_District_3,2023-11-01,2023-08-16 15:23:00,0-5,Female,9,6,4,5,6,3,2,5,ASHA_1100,3,6,1988,34,Moderate
Pasighat Rural,Arunachal Pradesh,Arunachal Pradesh_District_2,2023-05-01,2023-04-06 10:45:00,6-18,Female,3,5,0,1,0,1,4,2,ASHA_1604,4,5,1095,15,Mild
Khliehriat Village,Meghalaya,Meghalaya_District_2,2023-06-19,2023-05-14 09:54:00,19-60,Female,4,1,3,4,3,1,0,2,ASHA_2185,3,5,2925,20,Mild
Resubelpara Rural,Meghalaya,Meghalaya_District_2,2023-06-08,2023-02-17 15:31:00,0-5,Female,3,5,2,1,1,1,3,2,ASHA_2663,3,2,2891,24,Mild
Jiribam Village,Manipur,Manipur_District_3,2024-01-21,2023-11-13 18:53:00,0-5,Female,1,0,4,3,3,1,2,3,ASHA_5576,4,1,1890,16,Moderate
Amarpur Village,Tripura,Tripura_District_3,2023-12-23,2023-11-24 12:42:00,19-60,Female,3,4,2,1,0,1,1,1,ASHA_3756,3,5,4560,18,Mild
Bomdila Rural,Arunachal Pradesh,Arunachal Pradesh_District_3,2024-01-04,2023-09-14 15:50:00,19-60,Female,1,8,5,4,4,4,6,5,ASHA_8208,0,4,1098,21,Mild
Khliehriat Village,Meghalaya,Meghalaya_District_3,2023-03-21,2023-02-25 17:28:00,6-18,Male,2,6,2,1,1,1,2,2,ASHA_9194,1,4,4414,20,Mild
Churachandpur Village,Manipur,Manipur_District_3,2024-01-24,2023-12-20 17:04:00,19-60,Female,5,4,5,2,4,4,3,2,ASHA_4528,0,1,965,21,Moderate
Zunheboto Village,Nagaland,Nagaland_District_1,2023-06-14,2023-03-23 11:37:00,0-5,Male,4,3,0,2,1,0,1,2,ASHA_3787,1,6,3236,15,Mild
Kiphire Village,Nagaland,Nagaland_District_2,2024-01-04,2023-11-04 19:03:00,6-18,Female,1,6,0,1,2,2,2,2,ASHA_9035,2,5,1218,13,Mild
Dibrugarh Rural,Assam,Assam_District_3,2023-01-29,2023-01-20 16:08:00,6-18,Female,2,10,4,2,3,1,2,2,ASHA_4676,0,0,2717,26,Moderate
Kiphire Village,Nagaland,Nagaland_District_3,2023-09-16,2023-06-11 17:58:00,19-60,Female,0,9,17,1,7,11,3,2,ASHA_5935,4,7,1858,40,Mild
Senapati Rural,Manipur,Manipur_District_2,2023-05-14,2023-04-16 12:54:00,6-18,Male,4,4,0,2,1,1,5,2,ASHA_1255,4,3,4239,18,Severe
Mokokchung Rural,Nagaland,Nagaland_District_2,2023-12-30,2023-10-08 12:35:00,6-18,Male,0,6,3,2,2,2,4,2,ASHA_8398,0,2,4912,15,Mild
Tamenglong Rural,Manipur,Manipur_District_3,2023-06-26,2023-05-17 16:36:00,19-60,Female,6,2,0,5,3,2,3,2,ASHA_3962,0,6,4573,24,Moderate
Ukhrul Village,Manipur,Manipur_District_3,2023-07-24,2023-04-25 14:28:00,19-60,Male,4,0,7,1,2,1,1,1,ASHA_6468,1,3,3269,21,Moderate
Lawngtlai Village,Mizoram,Mizoram_District_3,2023-04-19,2023-01-02 19:22:00,0-5,Male,7,1,1,4,3,1,1,3,ASHA_9308,0,6,3349,22,Mild
Pakyong Village,Sikkim,Sikkim_District_3,2024-01-19,2023-10-19 16:16:00,6-18,Male,3,4,5,2,2,2,3,2,ASHA_3244,2,7,4395,24,Mild
Barpeta Village,Assam,Assam_District_1,2023-11-02,2023-07-15 14:59:00,6-18,Male,3,9,3,1,1,1,4,4,ASHA_8861,2,2,4392,27,Mild
Pasighat Rural,Arunachal Pradesh,Arunachal Pradesh_District_2,2023-08-15,2023-06-11 19:03:00,60+,Male,6,6,3,4,6,7,5,7,ASHA_7741,4,5,745,26,Mild
Karimganj Village,Assam,Assam_District_3,2023-05-12,2023-05-04 18:54:00,60+,Male,0,2,2,2,1,1,2,2,ASHA_4062,2,5,2466,20,Mild
Lunglei Village,Mizoram,Mizoram_District_3,2023-09-06,2023-07-04 14:03:00,0-5,Female,4,7,7,6,3,3,3,3,ASHA_5996,4,5,1186,35,Severe
Dibrugarh Rural,Assam,Assam_District_1,2023-05-03,2023-03-09 13:55:00,0-5,Female,2,2,2,3,2,1,1,2,ASHA_9031,4,0,3529,24,Moderate
Roing Village,Arunachal Pradesh,Arunachal Pradesh_District_2,2024-01-07,2023-10-13 11:26:00,0-5,Male,0,4,2,1,0,0,0,0,ASHA_8819,0,0,957,17,Mild
Wokha Rural,Nagaland,Nagaland_District_3,2023-05-16,2023-04-16 16:54:00,19-60,Female,3,1,0,1,1,0,1,1,ASHA_4129,3,6,2754,13,Mild
Kohima Rural,Nagaland,Nagaland_District_2,2023-04-20,2023-01-26 15:06:00,0-5,Female,9,7,3,6,3,0,1,3,ASHA_6300,2,7,1317,24,Severe
Bishnupur Rural,Manipur,Manipur_District_1,2023-05-28,2023-04-05 08:21:00,0-5,Female,4,1,1,3,1,2,2,2,ASHA_3906,3,7,1547,17,Moderate
Namchi Village,Sikkim,Sikkim_District_3,2023-05-07,2023-02-16 15:39:00,0-5,Male,3,0,4,0,1,2,1,1,ASHA_1671,2,4,1783,26,Mild
Ziro Village,Arunachal Pradesh,Arunachal Pradesh_District_1,2023-11-25,2023-10-06 19:08:00,19-60,Male,0,3,3,3,1,0,2,2,ASHA_5653,0,3,3358,14,Mild
Hnahthial Village,Mizoram,Mizoram_District_3,2023-12-06,2023-10-21 07:09:00,0-5,Female,6,0,5,3,3,2,2,2,ASHA_6811,0,0,3363,28,Mild
Gyalshing Rural,Sikkim,Sikkim_District_1,2023-10-02,2023-09-06 19:56:00,19-60,Male,8,8,4,4,4,1,4,6,ASHA_1734,0,3,2361,36,Mild
Tuensang Village,Nagaland,Nagaland_District_1,2023-12-01,2023-08-24 10:08:00,6-18,Male,20,6,8,9,9,3,3,8,ASHA_4791,3,7,1915,48,Mild
Baghmara Rural,Meghalaya,Meghalaya_District_2,2023-06-28,2023-06-19 12:33:00,0-5,Male,2,1,5,1,2,1,2,1,ASHA_2197,4,5,3665,21,Moderate
Tuensang Village,Nagaland,Nagaland_District_2,2023-07-12,2023-06-13 15:58:00,0-5,Female,8,7,6,6,4,2,4,6,ASHA_8906,3,2,2725,37,Mild
Barpeta Village,Assam,Assam_District_2,2023-09-14,2023-07-25 08:07:00,0-5,Male,14,10,9,6,8,5,5,7,ASHA_6362,0,7,4067,38,Mild
Thoubal Village,Manipur,Manipur_District_3,2023-07-12,2023-06-23 06:50:00,6-18,Female,9,8,12,4,8,8,8,6,ASHA_5420,3,4,2641,35,Mild
Namchi Village,Sikkim,Sikkim_District_2,2023-06-24,2023-03-06 16:39:00,0-5,Male,1,5,3,1,1,1,1,1,ASHA_6497,3,2,2594,16,Mild
Barpeta Village,Assam,Assam_District_2,2023-07-29,2023-06-17 09:43:00,19-60,Male,6,1,4,1,2,3,1,0,ASHA_9769,3,3,1294,27,Moderate
Thoubal Village,Manipur,Manipur_District_2,2023-08-01,2023-07-03 07:19:00,0-5,Female,5,3,0,4,4,1,3,5,ASHA_4319,1,4,3390,18,Mild
Thoubal Village,Manipur,Manipur_District_2,2023-10-20,2023-09-19 12:18:00,19-60,Female,1,3,7,0,2,3,3,2,ASHA_2914,1,2,2566,18,Mild
Karimganj Village,Assam,Assam_District_2,2023-12-07,2023-11-14 11:45:00,19-60,Female,2,2,3,0,1,2,3,0,ASHA_7474,2,5,898,11,Mild
Barpeta Village,Assam,Assam_District_1,2024-03-05,2023-12-17 09:59:00,19-60,Female,5,1,5,4,4,4,2,2,ASHA_8868,2,6,1143,22,Mild
Barpeta Village,Assam,Assam_District_1,2024-01-30,2023-12-03 09:32:00,6-18,Female,6,2,6,5,4,2,3,3,ASHA_2555,1,6,3506,24,Mild
Bishnupur Rural,Manipur,Manipur_District_3,2023-05-03,2023-04-05 16:34:00,0-5,Female,3,3,6,2,2,2,1,1,ASHA_8612,0,0,810,18,Moderate
Ukhrul Village,Manipur,Manipur_District_3,2024-02-16,2023-11-04 13:26:00,19-60,Female,4,0,0,3,3,1,0,2,ASHA_4942,3,0,1734,8,Mild
Shillong Rural,Meghalaya,Meghalaya_District_1,2023-12-02,2023-09-14 15:06:00,0-5,Male,8,9,8,8,7,3,4,6,ASHA_8452,1,6,813,41,Severe
Khowai Village,Tripura,Tripura_District_2,2023-12-12,2023-10-25 13:09:00,6-18,Male,6,2,0,1,1,0,1,1,ASHA_6720,4,5,4380,24,Mild
Serchhip Village,Mizoram,Mizoram_District_3,2023-12-18,2023-10-17 11:41:00,0-5,Male,3,2,4,1,3,2,1,1,ASHA_1576,0,6,4747,16,Mild
Dharmanagar Rural,Tripura,Tripura_District_3,2023-09-01,2023-06-14 12:51:00,6-18,Male,5,2,5,2,1,0,3,2,ASHA_6506,4,7,1116,23,Mild
Barpeta Village,Assam,Assam_District_3,2023-07-21,2023-07-02 13:20:00,0-5,Male,5,7,3,3,3,2,3,4,ASHA_4340,2,3,592,23,Mild
Amarpur Village,Tripura,Tripura_District_1,2023-07-06,2023-03-31 13:57:00,0-5,Male,2,2,1,0,0,0,1,1,ASHA_8466,0,4,4171,15,Moderate
Champhai Rural,Mizoram,Mizoram_District_3,2023-09-27,2023-08-27 08:37:00,0-5,Female,12,7,3,9,6,0,5,8,ASHA_4260,3,3,1430,27,Mild
Barpeta Village,Assam,Assam_District_1,2023-06-30,2023-06-26 14:28:00,0-5,Female,3,4,0,4,3,1,3,3,ASHA_7740,1,6,1487,26,Moderate
Dibrugarh Rural,Assam,Assam_District_1,2023-05-11,2023-03-09 13:55:00,0-5,Female,4,0,2,3,2,1,1,2,ASHA_9031,4,0,3529,21,Moderate
Bomdila Rural,Arunachal Pradesh,Arunachal Pradesh_District_3,2024-03-25,2023-12-11 14:03:00,19-60,Male,0,0,2,1,0,0,1,0,ASHA_2383,3,5,3196,20,Mild
Wokha Rural,Nagaland,Nagaland_District_1,2023-09-05,2023-06-09 07:05:00,6-18,Male,16,9,5,8,6,0,5,9,ASHA_9240,4,1,3939,38,Mild
Teliamura Rural,Tripura,Tripura_District_3,2023-10-27,2023-09-20 12:56:00,19-60,Female,1,2,5,2,4,5,1,1,ASHA_4816,4,6,3186,25,Mild
Amarpur Village,Tripura,Tripura_District_3,2023-06-19,2023-05-02 06:53:00,6-18,Male,4,3,5,3,4,3,3,2,ASHA_5840,2,3,4093,24,Moderate
Khowai Village,Tripura,Tripura_District_2,2023-06-28,2023-04-18 11:13:00,0-5,Male,1,4,2,0,1,1,2,1,ASHA_9924,1,0,736,14,Mild
Jiribam Village,Manipur,Manipur_District_3,2023-10-08,2023-09-10 16:20:00,0-5,Male,6,1,1,3,2,1,1,2,ASHA_5388,2,4,4181,17,Mild
Tezpur Rural,Assam,Assam_District_2,2023-05-02,2023-01-24 11:18:00,6-18,Male,0,6,5,3,0,0,3,1,ASHA_9464,3,3,4297,27,Mild
Mangan Village,Sikkim,Sikkim_District_3,2023-05-10,2023-04-04 07:48:00,19-60,Male,5,4,2,1,1,0,2,2,ASHA_9939,0,4,3853,27,Moderate
Namchi Village,Sikkim,Sikkim_District_1,2023-12-22,2023-11-26 19:31:00,0-5,Male,4,3,0,1,0,0,3,2,ASHA_7845,1,6,2285,22,Moderate
Itanagar Rural,Arunachal Pradesh,Arunachal Pradesh_District_3,2023-04-30,2023-04-18 07:39:00,6-18,Female,2,3,0,2,0,0,0,1,ASHA_5754,2,6,1089,12,Mild
Kolasib Rural,Mizoram,Mizoram_District_3,2024-02-24,2023-12-03 19:45:00,19-60,Male,4,2,4,4,4,2,0,3,ASHA_5372,1,3,1539,24,Moderate
Jiribam Village,Manipur,Manipur_District_1,2023-05-26,2023-05-23 15:52:00,19-60,Male,1,3,3,1,2,1,2,2,ASHA_5945,3,2,4701,26,Mild
Gyalshing Rural,Sikkim,Sikkim_District_1,2023-08-06,2023-05-02 17:22:00,0-5,Male,8,2,2,5,4,4,1,2,ASHA_4492,1,2,4122,16,Moderate
Itanagar Rural,Arunachal Pradesh,Arunachal Pradesh_District_1,2023-12-14,2023-08-20 07:54:00,19-60,Female,5,1,5,7,6,3,0,3,ASHA_7094,3,0,3229,20,Moderate
Tawang Rural,Arunachal Pradesh,Arunachal Pradesh_District_3,2023-11-12,2023-10-29 12:29:00,19-60,Female,3,1,1,2,1,0,1,0,ASHA_9174,2,1,4101,10,Mild
Wokha Rural,Nagaland,Nagaland_District_1,2023-10-06,2023-09-24 09:33:00,6-18,Female,4,3,2,1,2,1,3,2,ASHA_5640,4,7,2244,14,Moderate
Aizawl Rural,Mizoram,Mizoram_District_1,2024-01-05,2023-09-15 18:04:00,19-60,Male,16,5,6,10,9,3,7,9,ASHA_7951,1,2,3341,46,Mild
Williamnagar Village,Meghalaya,Meghalaya_District_2,2023-08-02,2023-07-18 08:51:00,60+,Male,9,14,4,7,4,1,8,9,ASHA_9101,2,1,2285,34,Moderate
Pasighat Rural,Arunachal Pradesh,Arunachal Pradesh_District_3,2023-04-19,2023-03-01 10:15:00,19-60,Female,1,1,0,1,1,1,0,1,ASHA_8274,2,7,975,8,Mild
Tuensang Village,Nagaland,Nagaland_District_3,2023-09-03,2023-05-22 09:02:00,0-5,Male,0,3,1,1,0,0,2,2,ASHA_2223,4,1,1731,9,Mild
Rangpo Rural,Sikkim,Sikkim_District_2,2023-07-09,2023-06-22 11:22:00,0-5,Female,10,10,10,5,6,3,5,7,ASHA_6795,0,5,2808,49,Mild
Williamnagar Village,Meghalaya,Meghalaya_District_2,2023-09-30,2023-07-13 13:26:00,0-5,Male,5,11,8,4,3,1,5,5,ASHA_4818,3,4,4312,35,Mild
Mokokchung Rural,Nagaland,Nagaland_District_3,2024-01-13,2023-11-28 16:53:00,19-60,Male,0,5,3,3,3,3,2,3,ASHA_4464,3,3,3660,24,Mild
Saitual Rural,Mizoram,Mizoram_District_2,2023-12-16,2023-10-25 07:57:00,19-60,Male,2,8,0,1,0,0,4,3,ASHA_6350,1,1,1476,18,Mild
Tezpur Rural,Assam,Assam_District_1,2023-05-07,2023-01-16 19:41:00,60+,Female,0,3,0,0,1,1,1,1,ASHA_5340,2,6,1285,17,Severe
Khliehriat Village,Meghalaya,Meghalaya_District_3,2023-05-18,2023-03-01 07:42:00,19-60,Male,3,6,4,2,1,0,3,2,ASHA_6989,3,0,2712,31,Mild
Gangtok Rural,Sikkim,Sikkim_District_2,2023-07-01,2023-05-23 18:13:00,0-5,Female,6,0,3,2,2,2,1,1,ASHA_3447,2,4,2172,23,Mild
Belonia Rural,Tripura,Tripura_District_3,2023-06-29,2023-03-09 10:39:00,0-5,Male,3,4,3,4,2,2,1,1,ASHA_9767,3,5,4196,22,Mild
Tuensang Village,Nagaland,Nagaland_District_3,2023-10-28,2023-08-19 12:43:00,6-18,Female,17,0,11,8,8,4,1,5,ASHA_2352,3,4,1404,35,Moderate
Thoubal Village,Manipur,Manipur_District_2,2023-10-01,2023-09-19 12:18:00,19-60,Female,1,3,5,0,2,3,3,2,ASHA_2914,1,2,2566,16,Mild
Ukhrul Village,Manipur,Manipur_District_1,2023-07-20,2023-06-03 18:57:00,0-5,Female,4,8,5,0,1,1,4,3,ASHA_6789,1,7,2305,30,Moderate
Silchar Village,Assam,Assam_District_3,2023-03-01,2023-01-30 11:26:00,60+,Female,4,7,3,3,3,1,1,2,ASHA_4150,4,0,1483,25,Mild
Resubelpara Rural,Meghalaya,Meghalaya_District_2,2023-07-02,2023-04-16 19:18:00,6-18,Female,4,8,1,3,2,0,3,3,ASHA_2274,2,6,2180,17,Mild
Ziro Village,Arunachal Pradesh,Arunachal Pradesh_District_3,2024-02-22,2023-11-11 11:37:00,0-5,Male,5,6,6,5,2,1,4,2,ASHA_5832,1,4,4736,24,Moderate
Khliehriat Village,Meghalaya,Meghalaya_District_1,2023-02-05,2023-01-31 07:31:00,6-18,Male,5,3,0,4,2,0,1,2,ASHA_5920,0,4,2915,18,Moderate
Silchar Village,Assam,Assam_District_3,2023-08-27,2023-05-26 16:33:00,19-60,Female,6,0,7,1,3,4,1,1,ASHA_1051,2,0,2262,19,Mild
Namchi Village,Sikkim,Sikkim_District_1,2024-03-15,2023-11-26 19:31:00,0-5,Male,1,5,0,1,0,0,3,2,ASHA_7845,1,6,2285,18,Moderate
Lawngtlai Village,Mizoram,Mizoram_District_3,2023-11-16,2023-07-20 06:52:00,6-18,Female,7,5,0,3,1,0,3,3,ASHA_6022,2,7,650,20,Mild
Gyalshing Rural,Sikkim,Sikkim_District_1,2023-04-30,2023-02-10 13:08:00,19-60,Female,8,2,0,2,1,1,1,2,ASHA_9281,0,7,2962,18,Mild
Zunheboto Village,Nagaland,Nagaland_District_2,2023-04-08,2023-03-01 11:51:00,0-5,Female,3,4,2,1,1,1,3,1,ASHA_7608,1,3,2112,14,Severe
Dimapur Village,Nagaland,Nagaland_District_3,2023-02-26,2023-02-08 11:23:00,0-5,Male,3,2,1,1,1,1,2,1,ASHA_7952,2,3,4698,18,Moderate
Resubelpara Rural,Meghalaya,Meghalaya_District_1,2023-06-25,2023-03-04 08:11:00,19-60,Male,6,6,0,1,3,3,5,2,ASHA_7605,0,7,4027,19,Mild
Gangtok Rural,Sikkim,Sikkim_District_2,2023-07-13,2023-05-24 19:26:00,19-60,Female,1,0,6,2,3,3,0,1,ASHA_9325,3,1,4813,21,Moderate
Nagaon Rural,Assam,Assam_District_1,2023-08-10,2023-06-30 08:08:00,6-18,Male,4,12,5,3,4,4,7,6,ASHA_2739,3,2,721,40,Mild
Nagaon Rural,Assam,Assam_District_2,2023-11-01,2023-08-05 15:05:00,6-18,Male,8,1,5,4,3,1,2,3,ASHA_8598,1,0,2914,32,Mild
Khowai Village,Tripura,Tripura_District_3,2023-11-28,2023-09-03 08:26:00,0-5,Female,15,8,2,10,6,1,4,8,ASHA_4719,2,5,3452,39,Mild
Saitual Rural,Mizoram,Mizoram_District_3,2023-05-20,2023-02-12 06:57:00,60+,Female,4,3,1,2,2,1,3,2,ASHA_7849,2,0,2029,24,Mild
Tawang Rural,Arunachal Pradesh,Arunachal Pradesh_District_1,2023-12-04,2023-08-20 09:16:00,19-60,Male,11,14,5,8,7,3,9,10,ASHA_7879,0,2,818,48,Mild
Bomdila Rural,Arunachal Pradesh,Arunachal Pradesh_District_1,2023-04-20,2023-01-05 06:24:00,19-60,Female,0,5,3,3,2,2,4,2,ASHA_5670,2,5,3126,22,Moderate
Rangpo Rural,Sikkim,Sikkim_District_1,2023-02-20,2023-01-30 09:45:00,19-60,Female,1,2,7,0,1,2,1,0,ASHA_1192,2,6,2367,18,Mild
Itanagar Rural,Arunachal Pradesh,Arunachal Pradesh_District_1,2023-02-17,2023-01-27 11:26:00,6-18,Female,4,0,0,4,3,1,1,2,ASHA_8954,4,4,4425,16,Mild
Hnahthial Village,Mizoram,Mizoram_District_1,2023-03-29,2023-03-04 09:43:00,0-5,Male,7,0,2,5,3,1,0,2,ASHA_8727,3,6,972,26,Mild
Bomdila Rural,Arunachal Pradesh,Arunachal Pradesh_District_2,2023-08-23,2023-06-09 12:20:00,0-5,Female,6,1,4,1,3,3,0,1,ASHA_5436,3,1,2081,25,Mild
Tamenglong Rural,Manipur,Manipur_District_3,2023-07-28,2023-05-19 10:28:00,6-18,Male,4,2,0,3,1,0,2,2,ASHA_9675,0,7,1194,15,Moderate
Thoubal Village,Manipur,Manipur_District_3,2024-03-16,2023-12-04 18:12:00,0-5,Female,3,6,5,2,2,4,3,2,ASHA_3214,1,0,666,20,Mild
Kolasib Rural,Mizoram,Mizoram_District_3,2023-05-31,2023-02-19 13:18:00,6-18,Male,1,4,3,2,1,0,3,2,ASHA_4131,0,2,4190,14,Mild
Pasighat Rural,Arunachal Pradesh,Arunachal Pradesh_District_3,2024-01-28,2023-10-23 08:54:00,0-5,Male,6,4,5,4,2,0,2,3,ASHA_8221,4,6,3076,25,Mild
Baghmara Rural,Meghalaya,Meghalaya_District_2,2023-02-22,2023-02-12 07:25:00,60+,Male,7,5,4,4,3,1,0,2,ASHA_3889,3,4,2992,32,Mild
Roing Village,Arunachal Pradesh,Arunachal Pradesh_District_3,2023-04-27,2023-02-03 17:08:00,19-60,Male,5,3,7,2,1,0,0,1,ASHA_5736,2,5,3342,27,Mild
Saitual Rural,Mizoram,Mizoram_District_1,2023-10-08,2023-06-28 16:06:00,6-18,Female,16,3,12,6,9,7,2,5,ASHA_5525,2,7,4706,35,Mild
Bishnupur Rural,Manipur,Manipur_District_2,2024-02-27,2023-11-02 11:19:00,6-18,Male,1,5,0,5,1,0,3,3,ASHA_3171,3,5,4498,24,Moderate
Gyalshing Rural,Sikkim,Sikkim_District_2,2023-10-09,2023-08-29 12:06:00,6-18,Female,2,3,0,2,1,0,3,3,ASHA_7745,4,5,3751,15,Moderate
Imphal Rural,Manipur,Manipur_District_1,2023-10-02,2023-07-01 07:31:00,0-5,Female,2,11,2,3,1,1,7,6,ASHA_2719,0,6,2311,25,Mild
Jorhat Village,Assam,Assam_District_3,2023-07-22,2023-06-03 19:46:00,0-5,Male,10,0,8,6,8,5,1,4,ASHA_4343,0,4,1742,35,Moderate
Karimganj Village,Assam,Assam_District_1,2023-11-08,2023-10-19 19:59:00,0-5,Female,2,6,4,2,1,0,3,3,ASHA_3251,4,6,4054,22,Mild
Wokha Rural,Nagaland,Nagaland_District_2,2023-05-05,2023-03-25 09:29:00,6-18,Female,5,6,2,3,4,2,2,4,ASHA_2987,4,4,623,26,Mild
Mokokchung Rural,Nagaland,Nagaland_District_2,2023-09-30,2023-08-31 11:29:00,6-18,Female,7,6,2,3,2,0,7,5,ASHA_6911,2,4,3139,33,Moderate
Zunheboto Village,Nagaland,Nagaland_District_3,2023-12-23,2023-09-05 06:36:00,0-5,Male,1,10,11,1,6,7,5,5,ASHA_2281,2,4,3055,34,Mild
Pakyong Village,Sikkim,Sikkim_District_3,2023-11-09,2023-10-19 16:16:00,6-18,Male,0,3,4,2,2,2,3,2,ASHA_3244,2,7,4395,20,Mild
Gyalshing Rural,Sikkim,Sikkim_District_2,2023-12-21,2023-12-05 09:24:00,19-60,Male,0,8,2,2,1,2,0,0,ASHA_5022,2,7,2035,19,Mild
Pakyong Village,Sikkim,Sikkim_District_3,2024-02-19,2023-12-12 16:17:00,19-60,Male,3,4,8,1,3,2,2,2,ASHA_8255,3,6,1276,33,Mild
Dharmanagar Rural,Tripura,Tripura_District_3,2023-10-11,2023-08-03 11:29:00,60+,Male,1,0,8,2,2,2,1,2,ASHA_6980,1,6,3895,14,Moderate
Baghmara Rural,Meghalaya,Meghalaya_District_2,2023-11-16,2023-09-10 17:22:00,19-60,Male,3,2,1,2,2,1,3,3,ASHA_9485,2,1,1991,14,Mild
Khowai Village,Tripura,Tripura_District_2,2023-05-19,2023-05-01 12:06:00,6-18,Female,7,11,5,8,4,2,4,6,ASHA_7115,4,0,3310,42,Mild
Nongpoh Village,Meghalaya,Meghalaya_District_2,2023-08-11,2023-06-12 13:39:00,6-18,Male,8,8,0,6,7,4,3,6,ASHA_2403,1,3,1477,27,Mild
Kiphire Village,Nagaland,Nagaland_District_3,2024-03-20,2023-11-30 18:43:00,6-18,Female,7,1,3,4,3,1,0,2,ASHA_7341,2,4,2811,17,Moderate
Silchar Village,Assam,Assam_District_3,2023-06-01,2023-05-21 19:25:00,0-5,Female,6,7,5,4,6,5,2,3,ASHA_7402,2,4,3661,28,Severe
Wokha Rural,Nagaland,Nagaland_District_3,2023-07-20,2023-04-16 16:54:00,19-60,Female,4,5,1,1,1,0,1,1,ASHA_4129,3,6,2754,18,Mild
Gangtok Rural,Sikkim,Sikkim_District_2,2023-04-20,2023-04-05 08:06:00,0-5,Male,2,5,1,1,1,1,2,2,ASHA_8274,2,6,1720,20,Moderate
Silchar Village,Assam,Assam_District_2,2023-07-16,2023-06-18 11:08:00,6-18,Female,1,11,3,0,1,2,5,4,ASHA_1452,2,4,665,22,Moderate
Pakyong Village,Sikkim,Sikkim_District_3,2023-12-27,2023-09-11 08:50:00,0-5,Female,6,4,7,4,6,3,1,4,ASHA_1050,2,7,1829,27,Mild
Khowai Village,Tripura,Tripura_District_3,2023-12-08,2023-11-02 16:07:00,6-18,Male,5,5,0,2,2,1,2,2,ASHA_7173,1,5,2249,28,Mild
Pakyong Village,Sikkim,Sikkim_District_2,2023-10-08,2023-08-06 16:49:00,0-5,Male,5,7,0,2,1,0,3,3,ASHA_9447,3,1,1004,17,Moderate
Dibrugarh Rural,Assam,Assam_District_3,2024-01-07,2023-11-22 09:53:00,6-18,Male,2,4,1,1,1,0,2,3,ASHA_1562,3,0,1125,23,Moderate
Jorhat Village,Assam,Assam_District_3,2024-02-13,2023-12-01 06:21:00,0-5,Female,7,2,4,4,2,1,2,2,ASHA_9275,0,5,3334,18,Mild
Jowai Rural,Meghalaya,Meghalaya_District_3,2023-06-19,2023-05-01 11:57:00,0-5,Female,0,10,4,0,1,2,3,2,ASHA_6372,2,5,3900,25,Mild
Singtam Village,Sikkim,Sikkim_District_2,2023-04-16,2023-02-22 07:34:00,60+,Female,4,8,0,1,0,0,3,3,ASHA_8864,2,7,2774,26,Mild
Baghmara Rural,Meghalaya,Meghalaya_District_3,2023-11-11,2023-08-05 10:10:00,0-5,Male,5,16,5,4,4,4,8,7,ASHA_9929,1,2,1445,45,Severe
Belonia Rural,Tripura,Tripura_District_3,2024-01-04,2023-10-30 09:14:00,6-18,Female,8,3,6,5,4,1,0,3,ASHA_2059,4,2,2602,25,Mild
Tuensang Village,Nagaland,Nagaland_District_2,2023-05-28,2023-03-21 09:30:00,19-60,Female,4,4,4,1,1,0,2,2,ASHA_2184,1,6,3879,16,Mild
Singtam Village,Sikkim,Sikkim_District_3,2024-01-24,2023-10-20 07:31:00,19-60,Female,8,3,0,3,3,2,1,3,ASHA_5753,1,5,4239,27,Moderate
Mokokchung Rural,Nagaland,Nagaland_District_1,2023-11-18,2023-09-28 07:01:00,60+,Male,0,5,3,0,1,1,3,1,ASHA_4069,1,6,4406,26,Mild
Bomdila Rural,Arunachal Pradesh,Arunachal Pradesh_District_2,2023-04-15,2023-01-06 18:42:00,6-18,Male,0,5,1,1,1,0,1,2,ASHA_7320,0,6,3932,19,Mild
Tawang Rural,Arunachal Pradesh,Arunachal Pradesh_District_2,2023-09-07,2023-06-13 14:57:00,6-18,Female,6,10,6,5,7,6,7,7,ASHA_1415,1,0,1072,26,Mild
Agartala Rural,Tripura,Tripura_District_3,2024-01-16,2023-10-02 15:07:00,0-5,Female,2,7,1,4,3,3,4,4,ASHA_2992,2,1,3900,22,Mild
Kolasib Rural,Mizoram,Mizoram_District_3,2023-12-30,2023-11-05 08:36:00,0-5,Male,0,3,0,3,0,0,2,1,ASHA_4360,3,6,3588,13,Moderate
Dharmanagar Rural,Tripura,Tripura_District_1,2023-07-11,2023-05-05 12:32:00,0-5,Male,4,4,6,3,2,1,2,2,ASHA_8130,2,2,865,25,Mild
Shillong Rural,Meghalaya,Meghalaya_District_1,2023-09-18,2023-09-02 14:56:00,60+,Female,9,0,3,6,4,2,2,3,ASHA_2620,3,5,1848,16,Moderate
Lawngtlai Village,Mizoram,Mizoram_District_3,2023-10-17,2023-10-03 19:06:00,6-18,Female,1,7,4,0,2,3,2,1,ASHA_3664,1,3,2985,21,Mild
Tura Village,Meghalaya,Meghalaya_District_2,2023-01-16,2023-01-03 06:29:00,60+,Female,5,0,1,3,2,1,0,2,ASHA_6188,1,7,2135,25,Mild
Churachandpur Village,Manipur,Manipur_District_2,2023-04-19,2023-02-02 10:50:00,6-18,Male,2,5,8,2,2,1,1,2,ASHA_2223,4,4,4166,19,Mild
Dibrugarh Rural,Assam,Assam_District_1,2023-07-09,2023-05-31 11:03:00,19-60,Female,5,1,3,0,1,2,1,1,ASHA_6191,4,1,4638,27,Mild
Nongpoh Village,Meghalaya,Meghalaya_District_3,2023-03-26,2023-02-19 10:51:00,19-60,Male,2,3,6,3,2,1,0,1,ASHA_7030,4,6,3252,23,Mild
Tura Village,Meghalaya,Meghalaya_District_3,2023-05-22,2023-03-11 15:12:00,0-5,Female,3,8,2,3,3,2,2,3,ASHA_6631,2,4,4407,26,Mild
Itanagar Rural,Arunachal Pradesh,Arunachal Pradesh_District_1,2023-10-07,2023-08-20 07:54:00,19-60,Female,10,0,6,7,6,3,0,3,ASHA_7094,3,0,3229,34,Moderate
Pasighat Rural,Arunachal Pradesh,Arunachal Pradesh_District_2,2023-04-23,2023-04-06 10:45:00,6-18,Female,2,3,1,1,0,1,4,2,ASHA_1604,4,5,1095,13,Mild
Tezpur Village,Arunachal Pradesh,Arunachal Pradesh_District_2,2023-11-22,2023-09-16 14:53:00,0-5,Male,12,6,2,4,4,2,3,5,ASHA_8028,4,4,4120,39,Mild
Lawngtlai Village,Mizoram,Mizoram_District_2,2023-03-28,2023-01-21 12:12:00,0-5,Female,0,3,3,1,1,1,3,1,ASHA_2700,4,1,984,14,Moderate
Ukhrul Village,Manipur,Manipur_District_1,2023-08-09,2023-07-23 06:14:00,60+,Female,5,3,5,1,2,2,0,1,ASHA_8460,3,7,931,22,Mild
Tezpur Rural,Assam,Assam_District_1,2024-01-14,2023-12-12 16:32:00,19-60,Female,4,5,5,0,3,5,3,2,ASHA_4874,1,4,1742,25,Mild
Lawngtlai Village,Mizoram,Mizoram_District_1,2023-05-03,2023-04-04 12:47:00,6-18,Female,5,4,2,3,3,2,2,2,ASHA_7195,2,0,2022,24,Mild
Jorethang Rural,Sikkim,Sikkim_District_3,2024-02-05,2023-11-14 11:03:00,0-5,Female,5,2,2,4,2,2,4,3,ASHA_3614,2,7,1663,18,Mild
Amarpur Village,Tripura,Tripura_District_3,2023-04-01,2023-03-02 11:59:00,19-60,Male,4,0,0,0,0,0,1,1,ASHA_4897,4,1,1179,20,Moderate
Baghmara Rural,Meghalaya,Meghalaya_District_3,2023-07-12,2023-07-08 07:56:00,0-5,Male,4,8,6,4,2,1,5,4,ASHA_2750,1,3,2202,22,Mild
Nagaon Rural,Assam,Assam_District_2,2024-01-15,2023-12-14 10:50:00,19-60,Female,0,3,2,3,1,1,2,2,ASHA_8693,0,6,3226,19,Mild
Pakyong Village,Sikkim,Sikkim_District_3,2023-08-18,2023-06-23 09:24:00,6-18,Female,6,9,3,5,4,3,4,5,ASHA_2601,4,7,3677,32,Mild
Kohima Rural,Nagaland,Nagaland_District_1,2023-09-10,2023-06-10 16:38:00,6-18,Male,1,3,0,4,2,0,3,4,ASHA_9298,3,0,3601,16,Mild
Tezpur Rural,Assam,Assam_District_1,2023-10-22,2023-10-15 12:20:00,19-60,Female,2,3,3,0,1,1,3,1,ASHA_4601,1,4,2907,21,Mild
Khliehriat Village,Meghalaya,Meghalaya_District_1,2023-07-13,2023-03-30 08:04:00,60+,Male,3,3,5,1,2,1,0,1,ASHA_3793,0,7,4953,26,Mild
Serchhip Village,Mizoram,Mizoram_District_2,2023-09-26,2023-08-17 17:10:00,6-18,Male,14,2,7,9,7,2,1,6,ASHA_2924,4,1,771,41,Moderate
Kohima Rural,Nagaland,Nagaland_District_2,2023-06-20,2023-05-10 14:03:00,0-5,Female,0,0,3,0,1,2,2,0,ASHA_6601,3,7,2255,10,Severe
Serchhip Village,Mizoram,Mizoram_District_2,2023-12-09,2023-12-07 16:26:00,19-60,Female,5,9,6,5,4,1,3,4,ASHA_4044,0,7,1486,31,Mild
Gyalshing Rural,Sikkim,Sikkim_District_2,2024-01-07,2023-12-05 09:24:00,19-60,Male,0,0,1,2,1,2,0,0,ASHA_5022,2,7,2035,13,Mild
Dimapur Village,Nagaland,Nagaland_District_1,2023-11-22,2023-09-27 12:36:00,0-5,Male,7,3,3,5,4,1,2,4,ASHA_7164,0,3,831,22,Mild
Churachandpur Village,Manipur,Manipur_District_3,2023-09-26,2023-07-13 16:13:00,60+,Male,6,5,6,5,3,1,3,4,ASHA_7432,1,1,2180,36,Mild
Amarpur Village,Tripura,Tripura_District_3,2023-05-16,2023-02-13 08:02:00,60+,Female,6,3,0,3,3,0,0,2,ASHA_9414,2,0,2385,21,Severe
Serchhip Village,Mizoram,Mizoram_District_1,2024-01-23,2023-11-21 09:47:00,0-5,Male,8,3,6,2,2,1,4,1,ASHA_6369,2,7,805,30,Moderate
Ziro Village,Arunachal Pradesh,Arunachal Pradesh_District_3,2023-02-06,2023-01-25 11:28:00,60+,Male,2,3,4,1,1,1,2,2,ASHA_3843,1,6,3695,16,Moderate
Tuensang Village,Nagaland,Nagaland_District_3,2023-10-05,2023-08-19 12:43:00,6-18,Female,15,0,6,8,8,4,1,5,ASHA_2352,3,4,1404,31,Moderate
Ziro Village,Arunachal Pradesh,Arunachal Pradesh_District_3,2024-02-07,2023-11-11 11:37:00,0-5,Male,2,4,3,5,2,1,4,2,ASHA_5832,1,4,4736,23,Moderate
Kailashahar Village,Tripura,Tripura_District_3,2023-12-05,2023-09-19 10:18:00,19-60,Male,5,5,0,4,3,0,1,4,ASHA_7354,3,2,3943,20,Mild
Shillong Rural,Meghalaya,Meghalaya_District_3,2023-03-30,2023-01-19 11:35:00,0-5,Male,4,3,6,2,2,0,3,3,ASHA_8214,0,7,4142,29,Moderate
Pakyong Village,Sikkim,Sikkim_District_1,2023-04-21,2023-02-19 17:04:00,60+,Female,0,8,4,2,1,1,2,2,ASHA_2198,1,0,4580,18,Mild
Champhai Rural,Mizoram,Mizoram_District_3,2023-04-20,2023-02-18 15:01:00,6-18,Male,2,1,4,1,1,2,0,1,ASHA_2160,3,7,523,13,Moderate
Teliamura Rural,Tripura,Tripura_District_1,2024-01-28,2023-10-01 08:09:00,6-18,Female,0,4,1,0,0,0,2,1,ASHA_1872,0,7,3760,14,Mild
Tezpur Rural,Assam,Assam_District_2,2023-08-02,2023-05-22 16:06:00,19-60,Male,0,0,1,2,1,1,0,1,ASHA_1595,4,3,4644,10,Mild
Tamenglong Rural,Manipur,Manipur_District_1,2023-12-18,2023-10-07 09:45:00,6-18,Female,6,0,4,0,1,2,1,1,ASHA_2222,3,4,2584,27,Mild
Karimganj Village,Assam,Assam_District_1,2023-12-14,2023-11-04 08:18:00,0-5,Female,3,1,3,3,2,1,1,2,ASHA_7947,3,4,3329,24,Mild
Saitual Rural,Mizoram,Mizoram_District_1,2023-07-26,2023-05-28 06:56:00,19-60,Female,0,0,5,2,1,2,0,0,ASHA_8652,0,6,2040,16,Mild
Resubelpara Rural,Meghalaya,Meghalaya_District_1,2023-11-16,2023-08-23 07:31:00,6-18,Female,3,2,1,2,1,1,1,1,ASHA_4734,4,2,3898,18,Mild
Khliehriat Village,Meghalaya,Meghalaya_District_3,2024-02-17,2023-11-06 06:39:00,60+,Male,0,3,0,2,1,1,3,2,ASHA_6677,2,7,2468,11,Severe
Ziro Village,Arunachal Pradesh,Arunachal Pradesh_District_1,2023-04-17,2023-01-14 06:03:00,19-60,Male,11,5,1,5,4,1,1,4,ASHA_7274,2,4,4047,29,Moderate
Nongpoh Village,Meghalaya,Meghalaya_District_1,2023-12-03,2023-09-15 15:40:00,19-60,Female,4,4,0,5,2,1,2,4,ASHA_7074,3,7,2485,23,Moderate
Churachandpur Village,Manipur,Manipur_District_2,2023-05-06,2023-02-02 10:50:00,6-18,Male,3,2,3,2,2,1,1,2,ASHA_2223,4,4,4166,23,Mild
Jorhat Village,Assam,Assam_District_3,2023-12-05,2023-12-01 06:21:00,0-5,Female,6,1,0,4,2,1,2,2,ASHA_9275,0,5,3334,26,Mild
Ziro Village,Arunachal Pradesh,Arunachal Pradesh_District_1,2023-11-22,2023-10-20 07:20:00,6-18,Male,6,4,6,3,3,3,0,2,ASHA_2754,1,5,2322,29,Severe
Pakyong Village,Sikkim,Sikkim_District_1,2023-05-27,2023-04-28 13:45:00,0-5,Female,6,3,5,2,1,0,0,2,ASHA_7538,0,1,4838,23,Moderate
Gangtok Rural,Sikkim,Sikkim_District_2,2023-05-27,2023-03-10 10:48:00,19-60,Male,3,3,0,3,1,0,4,2,ASHA_6834,0,7,4612,11,Mild
Ziro Village,Arunachal Pradesh,Arunachal Pradesh_District_3,2023-08-16,2023-05-18 06:20:00,6-18,Male,5,0,7,2,2,1,1,2,ASHA_6056,3,6,4070,27,Mild
Gyalshing Rural,Sikkim,Sikkim_District_1,2023-11-20,2023-11-02 08:12:00,0-5,Male,4,0,1,2,0,0,0,1,ASHA_3399,0,0,1806,21,Moderate
Gangtok Rural,Sikkim,Sikkim_District_3,2023-12-08,2023-11-15 11:02:00,0-5,Female,7,0,4,4,4,1,0,3,ASHA_3585,1,1,2907,23,Severe
Khliehriat Village,Meghalaya,Meghalaya_District_3,2023-04-29,2023-03-01 07:42:00,19-60,Male,2,7,0,2,1,0,3,2,ASHA_6989,3,0,2712,27,Mild
Tawang Rural,Arunachal Pradesh,Arunachal Pradesh_District_2,2023-09-29,2023-06-05 19:31:00,0-5,Female,4,6,9,6,7,5,2,5,ASHA_7863,4,2,4792,28,Severe
Singtam Village,Sikkim,Sikkim_District_2,2023-12-14,2023-12-13 19:33:00,60+,Female,2,1,2,0,0,0,2,0,ASHA_9755,0,1,785,9,Mild
Jowai Rural,Meghalaya,Meghalaya_District_2,2023-05-05,2023-01-20 18:42:00,19-60,Female,1,2,1,0,0,0,1,1,ASHA_9326,0,6,3574,18,Mild
Resubelpara Rural,Meghalaya,Meghalaya_District_3,2023-02-01,2023-01-08 07:23:00,19-60,Male,3,1,0,6,2,1,1,1,ASHA_1954,1,5,536,9,Moderate
Nagaon Rural,Assam,Assam_District_2,2023-12-26,2023-11-24 19:08:00,6-18,Male,9,3,1,3,2,2,3,3,ASHA_7718,3,1,3018,18,Mild
Guwahati Rural,Assam,Assam_District_3,2023-11-13,2023-08-29 12:05:00,0-5,Female,5,4,7,4,6,4,3,4,ASHA_7493,4,5,2712,31,Severe
Belonia Rural,Tripura,Tripura_District_2,2023-09-25,2023-06-30 11:52:00,0-5,Male,15,3,3,8,7,3,2,6,ASHA_4553,0,2,3387,31,Mild
Namchi Village,Sikkim,Sikkim_District_1,2023-06-22,2023-03-09 12:06:00,19-60,Male,6,9,5,3,3,0,2,3,ASHA_9789,3,6,4126,33,Moderate
Baghmara Rural,Meghalaya,Meghalaya_District_1,2023-11-08,2023-11-07 17:39:00,19-60,Female,3,7,4,1,1,1,3,2,ASHA_6769,0,4,916,29,Mild
Namchi Village,Sikkim,Sikkim_District_3,2023-02-22,2023-02-16 15:39:00,0-5,Male,1,6,2,0,1,2,1,1,ASHA_1671,2,4,1783,19,Mild
Singtam Village,Sikkim,Sikkim_District_1,2023-12-18,2023-10-22 06:55:00,19-60,Male,0,6,5,0,0,0,3,1,ASHA_4608,2,0,3492,24,Moderate
Serchhip Village,Mizoram,Mizoram_District_1,2024-01-28,2023-11-22 13:30:00,0-5,Male,7,6,2,5,4,2,5,6,ASHA_4875,2,0,1348,27,Mild
Khliehriat Village,Meghalaya,Meghalaya_District_3,2023-03-29,2023-02-25 17:28:00,6-18,Male,3,8,2,1,1,1,2,2,ASHA_9194,1,4,4414,26,Mild
Tura Village,Meghalaya,Meghalaya_District_1,2024-03-04,2023-12-19 07:22:00,19-60,Female,5,3,4,2,2,1,3,2,ASHA_9624,4,6,3303,27,Mild
Resubelpara Rural,Meghalaya,Meghalaya_District_1,2023-08-05,2023-07-04 16:33:00,0-5,Male,8,7,6,5,6,4,2,4,ASHA_5535,4,2,2162,31,Moderate
Jiribam Village,Manipur,Manipur_District_3,2024-03-03,2023-11-13 18:53:00,0-5,Female,1,4,0,3,3,1,2,3,ASHA_5576,4,1,1890,17,Moderate
Tuensang Village,Nagaland,Nagaland_District_2,2023-07-15,2023-06-23 06:38:00,19-60,Female,0,4,6,1,3,3,5,2,ASHA_1155,1,2,1569,23,Mild
Imphal Rural,Manipur,Manipur_District_1,2023-06-05,2023-03-19 14:23:00,60+,Female,10,1,0,5,2,0,1,2,ASHA_2540,3,0,2814,17,Mild
Tura Village,Meghalaya,Meghalaya_District_1,2024-02-21,2023-12-19 07:22:00,19-60,Female,1,7,6,2,2,1,3,2,ASHA_9624,4,6,3303,21,Mild
Rangpo Rural,Sikkim,Sikkim_District_1,2023-02-04,2023-01-22 06:53:00,0-5,Male,8,4,7,3,3,1,2,3,ASHA_3378,3,3,798,24,Mild
Aizawl Rural,Mizoram,Mizoram_District_1,2023-11-20,2023-09-09 19:50:00,6-18,Female,9,12,8,7,7,4,4,7,ASHA_6138,0,5,1292,36,Severe
Jorhat Village,Assam,Assam_District_2,2023-02-09,2023-01-22 19:23:00,6-18,Female,6,2,1,3,2,1,0,2,ASHA_1165,2,1,3926,20,Moderate
Silchar Village,Assam,Assam_District_3,2023-04-13,2023-02-07 11:02:00,6-18,Male,7,0,0,6,3,0,2,3,ASHA_5898,0,2,2870,26,Severe
Jorhat Village,Assam,Assam_District_3,2024-02-15,2023-12-01 06:21:00,0-5,Female,4,1,0,4,2,1,2,2,ASHA_9275,0,5,3334,23,Mild
Udaipur Village,Tripura,Tripura_District_2,2023-09-23,2023-09-14 13:34:00,19-60,Male,4,0,10,1,2,3,1,1,ASHA_5918,0,1,3992,30,Mild
Saitual Rural,Mizoram,Mizoram_District_1,2023-11-19,2023-10-24 09:21:00,19-60,Male,4,4,1,1,1,0,2,1,ASHA_6236,4,2,2307,21,Moderate
Resubelpara Rural,Meghalaya,Meghalaya_District_3,2023-05-22,2023-04-16 11:42:00,19-60,Female,7,4,0,4,3,0,3,4,ASHA_8909,4,1,1155,18,Moderate
Gangtok Rural,Sikkim,Sikkim_District_1,2023-10-11,2023-06-22 12:09:00,19-60,Male,2,3,5,1,2,2,2,2,ASHA_2146,1,7,2026,19,Mild
Imphal Rural,Manipur,Manipur_District_1,2023-12-05,2023-11-08 07:05:00,6-18,Male,5,6,5,5,1,0,1,2,ASHA_9178,3,0,2989,32,Severe
Gangtok Rural,Sikkim,Sikkim_District_1,2023-12-27,2023-09-08 15:25:00,0-5,Female,13,4,4,7,4,1,3,6,ASHA_1061,4,7,2211,39,Mild
Khliehriat Village,Meghalaya,Meghalaya_District_2,2023-05-16,2023-03-13 08:00:00,19-60,Male,4,2,5,3,3,3,1,2,ASHA_8845,1,2,4613,30,Mild
Jowai Rural,Meghalaya,Meghalaya_District_1,2024-03-07,2023-11-15 18:50:00,0-5,Female,6,0,5,0,1,0,0,1,ASHA_1671,1,4,551,21,Moderate
Jorhat Village,Assam,Assam_District_2,2024-01-18,2023-10-11 07:21:00,6-18,Male,6,2,4,4,5,3,3,4,ASHA_8593,2,5,1406,23,Moderate
Wokha Rural,Nagaland,Nagaland_District_3,2024-01-15,2023-12-11 06:01:00,19-60,Female,4,10,0,0,1,2,2,2,ASHA_8262,1,5,3059,26,Mild
Phek Rural,Nagaland,Nagaland_District_3,2024-02-09,2023-12-04 19:41:00,60+,Female,3,4,1,2,0,0,1,1,ASHA_9876,4,1,1033,12,Mild
Tura Village,Meghalaya,Meghalaya_District_1,2023-09-21,2023-06-27 19:47:00,6-18,Male,4,14,8,4,4,3,10,7,ASHA_1412,0,0,3811,31,Mild
Kailashahar Village,Tripura,Tripura_District_2,2023-09-05,2023-08-26 15:20:00,6-18,Female,6,0,1,3,2,0,2,2,ASHA_2394,3,2,934,11,Mild
Nagaon Rural,Assam,Assam_District_2,2023-09-29,2023-07-12 09:53:00,6-18,Female,6,3,13,3,8,9,1,3,ASHA_8190,3,1,4753,37,Mild
Pakyong Village,Sikkim,Sikkim_District_2,2023-08-24,2023-06-30 09:53:00,6-18,Female,0,4,2,2,1,1,1,1,ASHA_2205,1,0,3450,13,Mild
Wokha Rural,Nagaland,Nagaland_District_3,2023-07-22,2023-07-17 12:21:00,6-18,Female,17,5,4,10,9,4,3,8,ASHA_6410,0,3,3842,41,Moderate
Kolasib Rural,Mizoram,Mizoram_District_1,2023-04-25,2023-01-11 12:49:00,60+,Male,3,9,6,3,1,0,4,3,ASHA_5576,2,0,2996,28,Moderate
Williamnagar Village,Meghalaya,Meghalaya_District_3,2023-09-20,2023-08-19 14:57:00,19-60,Male,3,2,5,3,1,1,6,2,ASHA_5539,2,0,789,26,Moderate
Lawngtlai Village,Mizoram,Mizoram_District_1,2024-02-26,2023-11-13 14:19:00,6-18,Female,5,3,2,3,3,0,2,3,ASHA_5823,3,2,4167,15,Mild
Nagaon Rural,Assam,Assam_District_2,2023-05-07,2023-04-12 07:40:00,0-5,Male,6,3,5,5,4,2,1,2,ASHA_9917,3,6,2078,23,Mild
Williamnagar Village,Meghalaya,Meghalaya_District_2,2023-03-29,2023-01-23 08:44:00,60+,Male,6,3,0,3,3,1,5,3,ASHA_8579,2,1,4982,16,Mild
Rangpo Rural,Sikkim,Sikkim_District_1,2023-08-02,2023-06-18 13:18:00,19-60,Female,4,13,2,3,1,2,9,5,ASHA_4566,2,0,3056,29,Mild
Amarpur Village,Tripura,Tripura_District_2,2023-10-05,2023-06-20 12:50:00,6-18,Female,7,1,5,5,3,0,2,3,ASHA_5688,2,5,1916,25,Moderate
Serchhip Village,Mizoram,Mizoram_District_3,2024-01-21,2023-09-29 07:10:00,0-5,Female,11,2,0,5,2,0,5,4,ASHA_9548,3,6,554,19,Mild
Kohima Rural,Nagaland,Nagaland_District_2,2023-08-14,2023-05-14 08:13:00,19-60,Female,2,3,2,2,1,1,0,2,ASHA_1140,4,1,3683,21,Mild
Gyalshing Rural,Sikkim,Sikkim_District_2,2024-01-19,2023-10-10 06:37:00,6-18,Female,5,0,2,4,3,0,0,3,ASHA_3029,1,5,4246,26,Severe
Mokokchung Rural,Nagaland,Nagaland_District_3,2024-03-02,2023-12-01 17:48:00,0-5,Female,1,5,2,0,0,1,2,1,ASHA_7565,0,7,2388,12,Mild
Shillong Rural,Meghalaya,Meghalaya_District_1,2023-12-22,2023-11-17 15:02:00,19-60,Male,9,1,4,4,2,0,1,2,ASHA_7321,4,4,2702,19,Moderate
Nongpoh Village,Meghalaya,Meghalaya_District_2,2023-10-02,2023-06-14 13:04:00,0-5,Female,6,10,8,5,4,1,2,5,ASHA_1598,4,2,2992,43,Moderate
Mangan Village,Sikkim,Sikkim_District_3,2023-04-17,2023-02-12 09:52:00,0-5,Female,3,6,3,2,1,1,1,1,ASHA_3211,4,3,3779,26,Mild
Tezpur Village,Arunachal Pradesh,Arunachal Pradesh_District_2,2024-01-15,2023-12-05 12:28:00,19-60,Female,4,1,5,1,2,1,2,2,ASHA_9679,1,4,2135,28,Mild
Ziro Village,Arunachal Pradesh,Arunachal Pradesh_District_2,2023-07-04,2023-06-11 16:33:00,0-5,Male,15,0,3,10,8,1,1,7,ASHA_4058,0,6,3092,33,Mild
Dimapur Village,Nagaland,Nagaland_District_3,2023-10-03,2023-07-10 16:46:00,0-5,Male,9,2,2,4,3,1,2,3,ASHA_4392,2,1,3148,28,Mild
Phek Rural,Nagaland,Nagaland_District_1,2023-09-16,2023-08-13 16:55:00,19-60,Male,6,1,4,2,2,2,1,2,ASHA_3401,1,5,3412,17,Mild
Amarpur Village,Tripura,Tripura_District_1,2023-07-09,2023-04-22 18:10:00,6-18,Male,2,7,3,4,1,0,1,2,ASHA_3336,0,2,973,24,Mild
Lunglei Village,Mizoram,Mizoram_District_1,2023-02-20,2023-02-12 12:15:00,6-18,Female,4,7,3,3,1,0,6,3,ASHA_7382,1,5,3121,23,Mild
Jorethang Rural,Sikkim,Sikkim_District_2,2024-01-30,2023-11-15 15:13:00,0-5,Male,0,4,2,3,2,2,0,1,ASHA_6813,3,5,4055,23,Mild
Gangtok Rural,Sikkim,Sikkim_District_1,2023-12-19,2023-10-03 15:10:00,6-18,Female,5,2,3,4,3,5,0,2,ASHA_1233,0,1,3292,14,Moderate
Resubelpara Rural,Meghalaya,Meghalaya_District_2,2023-08-04,2023-06-02 15:58:00,0-5,Male,6,1,4,4,6,3,0,3,ASHA_7825,4,7,3324,15,Mild
Baghmara Rural,Meghalaya,Meghalaya_District_3,2023-07-09,2023-04-21 19:23:00,19-60,Male,4,4,0,5,2,1,5,3,ASHA_2028,2,7,631,20,Mild
Naharlagun Village,Arunachal Pradesh,Arunachal Pradesh_District_1,2023-07-24,2023-03-27 17:47:00,0-5,Female,0,6,3,1,1,0,2,1,ASHA_1471,3,7,2479,28,Mild
Zunheboto Village,Nagaland,Nagaland_District_3,2024-03-31,2023-12-22 07:21:00,6-18,Male,6,5,3,5,3,1,2,3,ASHA_9165,3,7,522,33,Moderate
Champhai Rural,Mizoram,Mizoram_District_2,2023-11-17,2023-09-25 12:53:00,0-5,Male,7,11,3,6,4,0,7,9,ASHA_5464,1,2,3378,34,Moderate
Dimapur Village,Nagaland,Nagaland_District_2,2023-12-16,2023-09-03 14:40:00,0-5,Male,4,4,4,1,3,3,1,1,ASHA_4786,0,7,2764,22,Mild
Tezpur Rural,Assam,Assam_District_1,2023-06-23,2023-03-01 10:26:00,60+,Female,1,2,0,2,1,1,1,1,ASHA_7174,3,3,1357,11,Mild
Silchar Village,Assam,Assam_District_1,2023-05-01,2023-04-11 11:59:00,0-5,Female,4,1,5,3,3,2,0,2,ASHA_5261,0,3,3692,29,Moderate
Kolasib Rural,Mizoram,Mizoram_District_3,2023-02-19,2023-01-07 07:54:00,0-5,Female,5,0,2,1,1,1,1,1,ASHA_2333,3,2,2262,13,Moderate
Dibrugarh Rural,Assam,Assam_District_2,2023-05-16,2023-02-16 16:25:00,0-5,Male,5,2,3,2,3,2,1,1,ASHA_6968,4,2,1495,16,Mild
Jorhat Village,Assam,Assam_District_2,2023-03-12,2023-01-09 18:51:00,6-18,Female,7,5,2,3,2,0,4,3,ASHA_6757,4,7,2018,26,Moderate
Mokokchung Rural,Nagaland,Nagaland_District_2,2023-01-23,2023-01-06 16:39:00,19-60,Female,8,5,3,2,1,0,3,3,ASHA_1645,4,0,3469,26,Mild
Gyalshing Rural,Sikkim,Sikkim_District_1,2023-10-28,2023-09-01 16:19:00,19-60,Female,18,6,3,15,8,0,3,9,ASHA_3721,0,0,995,38,Mild
Khowai Village,Tripura,Tripura_District_3,2024-01-17,2023-12-03 10:45:00,19-60,Male,5,6,3,0,0,1,5,3,ASHA_2239,0,2,4833,32,Mild
Jorethang Rural,Sikkim,Sikkim_District_2,2023-05-06,2023-02-07 17:15:00,60+,Female,0,3,5,1,1,2,1,1,ASHA_1211,1,6,1441,16,Moderate
Bishnupur Rural,Manipur,Manipur_District_3,2024-02-16,2023-12-16 12:34:00,19-60,Female,7,7,0,4,2,1,2,4,ASHA_6858,1,0,1217,32,Moderate
Champhai Rural,Mizoram,Mizoram_District_3,2023-09-13,2023-08-27 08:37:00,0-5,Female,10,8,5,9,6,0,5,8,ASHA_4260,3,3,1430,30,Mild
Mokokchung Rural,Nagaland,Nagaland_District_2,2023-08-27,2023-08-21 06:36:00,6-18,Female,2,3,8,1,3,3,3,2,ASHA_8608,0,4,2017,22,Mild
Lawngtlai Village,Mizoram,Mizoram_District_3,2023-04-30,2023-03-26 08:52:00,19-60,Male,10,6,0,6,3,0,2,4,ASHA_8848,2,2,1896,20,Mild
Barpeta Village,Assam,Assam_District_1,2023-07-15,2023-06-26 14:28:00,0-5,Female,8,3,6,4,3,1,3,3,ASHA_7740,1,6,1487,31,Moderate
Nongpoh Village,Meghalaya,Meghalaya_District_1,2024-01-06,2023-09-23 14:17:00,0-5,Male,5,2,2,1,2,1,1,2,ASHA_9376,4,7,4092,26,Mild
Pakyong Village,Sikkim,Sikkim_District_2,2023-09-08,2023-08-06 16:49:00,0-5,Male,4,6,4,2,1,0,3,3,ASHA_9447,3,1,1004,32,Moderate
Zunheboto Village,Nagaland,Nagaland_District_2,2023-04-09,2023-01-23 13:10:00,0-5,Female,1,1,4,0,0,1,2,1,ASHA_2942,1,6,4111,12,Mild
Udaipur Village,Tripura,Tripura_District_2,2023-09-30,2023-09-14 13:34:00,19-60,Male,2,4,4,1,2,3,1,1,ASHA_5918,0,1,3992,26,Mild
Churachandpur Village,Manipur,Manipur_District_3,2023-06-26,2023-05-04 12:06:00,0-5,Male,4,0,3,2,1,1,3,2,ASHA_9257,1,6,3030,13,Mild
Mangan Village,Sikkim,Sikkim_District_2,2023-08-26,2023-05-06 13:27:00,19-60,Male,4,9,3,2,1,1,7,5,ASHA_2198,3,4,1790,30,Mild
Itanagar Rural,Arunachal Pradesh,Arunachal Pradesh_District_3,2023-11-30,2023-09-14 10:01:00,6-18,Female,16,2,9,12,8,3,2,8,ASHA_3108,4,1,1154,42,Mild
Karimganj Village,Assam,Assam_District_3,2023-09-16,2023-08-12 14:32:00,19-60,Female,8,1,8,3,6,7,2,2,ASHA_4228,0,3,677,23,Moderate
Tuensang Village,Nagaland,Nagaland_District_3,2023-03-31,2023-01-01 10:01:00,60+,Male,0,8,5,2,1,1,3,2,ASHA_8513,0,3,2085,18,Moderate
Tawang Rural,Arunachal Pradesh,Arunachal Pradesh_District_2,2023-11-06,2023-09-07 07:04:00,6-18,Female,8,1,13,6,9,11,2,3,ASHA_7906,3,2,4133,27,Severe
Kohima Rural,Nagaland,Nagaland_District_1,2023-12-20,2023-11-22 07:58:00,19-60,Female,1,3,0,1,1,0,0,1,ASHA_2016,0,2,1419,19,Moderate
Dharmanagar Rural,Tripura,Tripura_District_3,2023-06-10,2023-02-11 14:22:00,19-60,Male,4,9,2,3,1,0,3,2,ASHA_4412,3,5,4811,28,Mild
Agartala Rural,Tripura,Tripura_District_2,2024-01-14,2023-09-24 09:20:00,19-60,Male,7,7,8,2,4,7,2,3,ASHA_4962,3,0,3892,27,Mild
Khliehriat Village,Meghalaya,Meghalaya_District_3,2023-08-09,2023-06-02 11:56:00,60+,Male,10,7,4,6,7,4,4,7,ASHA_4114,3,1,3952,33,Moderate
Hnahthial Village,Mizoram,Mizoram_District_1,2023-06-01,2023-05-28 14:51:00,19-60,Female,3,0,3,1,1,0,0,1,ASHA_1484,4,6,2674,22,Moderate
Tezpur Village,Arunachal Pradesh,Arunachal Pradesh_District_3,2023-12-14,2023-10-26 10:12:00,0-5,Female,7,3,4,3,3,0,2,3,ASHA_2383,3,1,2543,21,Moderate
Ziro Village,Arunachal Pradesh,Arunachal Pradesh_District_2,2023-04-12,2023-02-09 19:33:00,0-5,Male,0,4,3,2,1,1,2,2,ASHA_7598,0,7,2720,20,Mild
Imphal Rural,Manipur,Manipur_District_3,2023-10-01,2023-06-12 10:47:00,0-5,Male,4,7,7,3,6,5,5,5,ASHA_2713,3,2,1232,26,Mild
Imphal Rural,Manipur,Manipur_District_3,2023-06-28,2023-04-01 17:52:00,19-60,Male,4,3,6,1,3,5,0,1,ASHA_1994,1,7,1048,21,Mild
Kiphire Village,Nagaland,Nagaland_District_1,2023-04-07,2023-03-11 09:56:00,6-18,Female,0,4,1,5,1,2,2,2,ASHA_1782,0,3,1860,15,Mild
Hnahthial Village,Mizoram,Mizoram_District_1,2023-03-15,2023-01-13 06:58:00,0-5,Male,2,4,4,3,2,2,4,3,ASHA_3757,4,4,2503,19,Mild
Belonia Rural,Tripura,Tripura_District_1,2023-03-28,2023-03-06 06:43:00,6-18,Female,8,3,3,5,2,0,3,3,ASHA_9172,3,4,2975,25,Mild
Dimapur Village,Nagaland,Nagaland_District_2,2023-03-18,2023-01-20 17:32:00,0-5,Female,6,4,2,2,1,1,3,2,ASHA_5027,1,2,1241,19,Mild
Lunglei Village,Mizoram,Mizoram_District_2,2024-01-26,2023-11-23 16:19:00,0-5,Male,4,3,0,1,1,1,1,1,ASHA_4311,0,7,1287,17,Moderate
Kiphire Village,Nagaland,Nagaland_District_3,2023-10-22,2023-08-22 14:47:00,19-60,Male,12,6,5,7,7,5,2,5,ASHA_3897,4,3,3989,36,Mild
Barpeta Village,Assam,Assam_District_3,2023-05-21,2023-03-31 10:33:00,19-60,Male,3,10,7,0,3,4,3,2,ASHA_5279,2,0,1187,30,Mild
Silchar Village,Assam,Assam_District_3,2023-07-13,2023-05-21 19:25:00,0-5,Female,7,4,10,4,6,5,2,3,ASHA_7402,2,4,3661,35,Severe
Saitual Rural,Mizoram,Mizoram_District_1,2023-08-05,2023-05-02 10:29:00,0-5,Male,4,3,7,3,3,2,1,2,ASHA_5075,4,0,631,19,Mild
Mokokchung Rural,Nagaland,Nagaland_District_3,2023-03-21,2023-01-19 14:19:00,0-5,Female,4,5,7,2,3,1,2,3,ASHA_2481,2,0,4568,22,Mild
Baghmara Rural,Meghalaya,Meghalaya_District_2,2023-10-24,2023-10-19 18:17:00,19-60,Female,2,2,6,2,3,3,1,2,ASHA_6787,0,5,1950,27,Moderate
Jorhat Village,Assam,Assam_District_1,2023-05-30,2023-03-02 12:40:00,6-18,Male,6,2,3,2,1,1,0,1,ASHA_6409,1,7,1892,22,Mild
Guwahati Rural,Assam,Assam_District_3,2023-04-21,2023-02-06 09:01:00,60+,Male,6,2,0,2,2,2,1,2,ASHA_3032,3,5,4873,21,Mild
Senapati Rural,Manipur,Manipur_District_3,2024-02-07,2023-11-16 07:58:00,60+,Female,6,0,3,2,1,0,1,1,ASHA_3415,4,6,4773,24,Mild
Williamnagar Village,Meghalaya,Meghalaya_District_2,2023-04-18,2023-01-23 08:44:00,60+,Male,5,5,0,3,3,1,5,3,ASHA_8579,2,1,4982,16,Mild
Mokokchung Rural,Nagaland,Nagaland_District_3,2023-02-16,2023-01-26 14:41:00,0-5,Male,4,2,3,3,3,4,2,2,ASHA_6929,4,7,4782,28,Mild
Senapati Rural,Manipur,Manipur_District_3,2024-03-17,2023-11-22 18:21:00,0-5,Female,9,4,7,6,2,0,0,2,ASHA_3422,3,2,1949,30,Severe
Mokokchung Rural,Nagaland,Nagaland_District_1,2023-11-20,2023-07-25 17:17:00,6-18,Male,12,6,9,7,8,5,2,6,ASHA_8597,3,7,4262,45,Mild
Nongpoh Village,Meghalaya,Meghalaya_District_1,2023-07-26,2023-07-08 16:15:00,6-18,Female,12,7,0,7,4,0,5,7,ASHA_9982,3,1,3348,29,Mild
Pasighat Rural,Arunachal Pradesh,Arunachal Pradesh_District_2,2023-07-08,2023-06-11 19:03:00,60+,Male,8,11,7,4,6,7,5,7,ASHA_7741,4,5,745,36,Mild
Bishnupur Rural,Manipur,Manipur_District_2,2023-04-03,2023-03-04 14:27:00,19-60,Female,5,0,2,2,3,2,3,2,ASHA_1214,4,7,1091,20,Moderate
Kailashahar Village,Tripura,Tripura_District_3,2024-01-13,2023-09-19 15:55:00,19-60,Female,7,1,2,4,4,1,1,4,ASHA_2387,3,1,4908,17,Severe
Kohima Rural,Nagaland,Nagaland_District_3,2023-10-13,2023-06-24 18:59:00,0-5,Male,10,10,9,9,7,4,5,8,ASHA_1919,1,4,3171,42,Mild
Williamnagar Village,Meghalaya,Meghalaya_District_2,2023-08-14,2023-07-13 13:26:00,0-5,Male,9,8,6,4,3,1,5,5,ASHA_4818,3,4,4312,42,Mild
Nagaon Rural,Assam,Assam_District_2,2023-10-08,2023-07-24 19:22:00,0-5,Female,12,5,4,5,4,1,1,4,ASHA_4487,2,1,2846,35,Mild
Serchhip Village,Mizoram,Mizoram_District_3,2023-07-02,2023-06-03 07:23:00,19-60,Male,5,4,5,1,3,3,5,4,ASHA_2387,4,5,3400,19,Moderate
Dibrugarh Rural,Assam,Assam_District_1,2023-02-20,2023-02-15 16:05:00,19-60,Female,2,2,0,3,1,1,1,2,ASHA_9330,2,1,1139,19,Moderate
Gyalshing Rural,Sikkim,Sikkim_District_3,2023-11-02,2023-10-05 06:29:00,0-5,Male,4,5,4,2,1,1,3,3,ASHA_5959,2,6,3222,17,Moderate
Tawang Rural,Arunachal Pradesh,Arunachal Pradesh_District_3,2023-04-25,2023-04-15 06:37:00,6-18,Male,6,3,5,2,2,2,0,0,ASHA_3423,1,2,4530,19,Moderate
Bomdila Rural,Arunachal Pradesh,Arunachal Pradesh_District_2,2023-12-05,2023-08-26 12:23:00,60+,Female,0,4,0,0,2,3,2,1,ASHA_1236,0,6,4296,12,Moderate
Churachandpur Village,Manipur,Manipur_District_3,2024-01-28,2023-10-26 10:01:00,19-60,Male,7,4,9,5,5,2,2,4,ASHA_4735,4,0,2100,28,Moderate
Amarpur Village,Tripura,Tripura_District_1,2023-08-05,2023-07-14 08:43:00,6-18,Female,8,8,3,4,3,1,4,4,ASHA_2371,2,1,3283,23,Mild
Namchi Village,Sikkim,Sikkim_District_2,2023-09-22,2023-07-16 10:21:00,19-60,Female,10,5,7,6,6,3,2,5,ASHA_6008,3,1,1905,26,Moderate
Roing Village,Arunachal Pradesh,Arunachal Pradesh_District_1,2023-05-21,2023-04-26 09:40:00,0-5,Female,8,10,6,1,2,1,5,3,ASHA_8944,0,7,759,40,Mild
Kolasib Rural,Mizoram,Mizoram_District_3,2024-01-08,2023-11-01 10:46:00,6-18,Male,3,1,3,4,2,0,2,2,ASHA_3252,2,0,2582,18,Mild
Dimapur Village,Nagaland,Nagaland_District_2,2023-08-22,2023-05-07 12:08:00,19-60,Male,3,0,5,4,3,2,0,2,ASHA_8429,2,7,4695,15,Mild
Lunglei Village,Mizoram,Mizoram_District_2,2023-09-19,2023-06-06 06:31:00,19-60,Female,7,5,4,3,4,3,2,3,ASHA_3508,4,1,4172,26,Mild
Roing Village,Arunachal Pradesh,Arunachal Pradesh_District_1,2024-01-31,2023-10-23 17:48:00,6-18,Male,3,2,1,6,3,1,2,4,ASHA_4183,0,1,1633,21,Mild
Aizawl Rural,Mizoram,Mizoram_District_2,2023-03-22,2023-02-21 10:58:00,19-60,Male,3,5,4,1,2,2,1,2,ASHA_9991,0,1,2149,27,Mild
Ziro Village,Arunachal Pradesh,Arunachal Pradesh_District_3,2023-02-28,2023-02-05 07:40:00,60+,Female,2,4,7,1,1,1,2,1,ASHA_1175,3,7,1856,21,Mild
Jowai Rural,Meghalaya,Meghalaya_District_1,2023-06-29,2023-06-09 19:44:00,0-5,Female,8,5,7,5,6,5,1,3,ASHA_4286,2,3,2775,26,Mild
Kohima Rural,Nagaland,Nagaland_District_3,2023-03-15,2023-02-27 13:39:00,6-18,Male,9,3,1,5,4,0,2,4,ASHA_4465,3,1,4715,32,Moderate
Saitual Rural,Mizoram,Mizoram_District_3,2024-01-18,2023-11-05 17:22:00,19-60,Female,5,4,7,3,3,2,1,2,ASHA_2038,0,5,4943,30,Mild
Churachandpur Village,Manipur,Manipur_District_3,2024-03-08,2023-12-20 17:04:00,19-60,Female,3,6,7,2,4,4,3,2,ASHA_4528,0,1,965,35,Moderate
Khliehriat Village,Meghalaya,Meghalaya_District_3,2023-11-23,2023-08-09 16:36:00,6-18,Female,15,2,7,9,9,6,1,6,ASHA_5064,2,1,4727,32,Mild
Lawngtlai Village,Mizoram,Mizoram_District_1,2023-04-15,2023-04-04 12:47:00,6-18,Female,13,1,1,3,3,2,2,2,ASHA_7195,2,0,2022,20,Mild
Jowai Rural,Meghalaya,Meghalaya_District_2,2023-07-18,2023-06-16 15:43:00,60+,Male,8,4,3,6,4,1,1,4,ASHA_7326,1,1,4344,25,Mild
Zunheboto Village,Nagaland,Nagaland_District_1,2024-01-29,2023-11-03 06:12:00,19-60,Female,5,3,0,3,3,2,1,2,ASHA_8903,0,3,4545,17,Moderate
Gangtok Rural,Sikkim,Sikkim_District_3,2023-06-30,2023-04-09 09:16:00,19-60,Male,2,0,1,3,2,0,0,1,ASHA_5014,1,1,2965,18,Severe
Serchhip Village,Mizoram,Mizoram_District_1,2023-09-03,2023-07-14 09:00:00,0-5,Female,5,3,9,5,6,6,1,3,ASHA_6913,3,6,1908,32,Severe
Nagaon Rural,Assam,Assam_District_2,2023-11-16,2023-10-28 14:17:00,0-5,Male,4,5,4,2,3,1,1,2,ASHA_3091,3,5,3963,18,Mild
Mangan Village,Sikkim,Sikkim_District_2,2023-05-09,2023-03-12 10:49:00,19-60,Female,4,1,6,3,3,1,0,2,ASHA_9367,1,1,2890,24,Moderate
Dimapur Village,Nagaland,Nagaland_District_1,2023-03-02,2023-02-09 11:23:00,6-18,Male,2,0,5,1,0,1,2,0,ASHA_4285,4,1,2430,16,Mild
Jorethang Rural,Sikkim,Sikkim_District_3,2023-05-08,2023-03-05 13:40:00,60+,Female,6,0,5,1,1,0,0,1,ASHA_7079,3,0,1425,24,Mild
Champhai Rural,Mizoram,Mizoram_District_3,2023-10-20,2023-07-04 14:10:00,19-60,Female,9,14,5,4,3,2,7,7,ASHA_3795,0,6,2333,38,Mild
Lunglei Village,Mizoram,Mizoram_District_3,2023-03-04,2023-02-08 17:10:00,19-60,Male,6,3,1,6,3,0,3,3,ASHA_8095,3,3,1674,22,Moderate
Khliehriat Village,Meghalaya,Meghalaya_District_1,2023-10-21,2023-10-06 08:21:00,60+,Female,3,7,1,5,3,1,4,4,ASHA_7719,2,1,2629,26,Moderate
Jiribam Village,Manipur,Manipur_District_1,2023-05-14,2023-02-15 16:27:00,0-5,Male,5,1,4,2,1,1,4,0,ASHA_9652,3,4,2251,18,Mild
Jowai Rural,Meghalaya,Meghalaya_District_1,2023-07-07,2023-07-04 08:09:00,0-5,Female,10,5,2,6,4,2,2,5,ASHA_1029,1,7,1029,24,Mild
Champhai Rural,Mizoram,Mizoram_District_2,2023-08-02,2023-04-06 14:23:00,19-60,Male,0,2,3,2,1,1,0,1,ASHA_5193,0,1,661,20,Mild
Nongpoh Village,Meghalaya,Meghalaya_District_2,2023-06-11,2023-03-10 10:52:00,0-5,Female,5,3,6,1,3,2,3,1,ASHA_3562,3,7,4501,33,Mild
Roing Village,Arunachal Pradesh,Arunachal Pradesh_District_1,2023-08-15,2023-06-27 11:28:00,0-5,Male,8,19,1,3,2,0,9,9,ASHA_8375,3,5,1023,39,Moderate
Baghmara Rural,Meghalaya,Meghalaya_District_3,2023-07-29,2023-06-15 11:55:00,60+,Female,1,9,5,5,3,1,3,4,ASHA_3115,3,0,531,34,Severe
Bishnupur Rural,Manipur,Manipur_District_3,2023-11-21,2023-10-05 18:47:00,60+,Female,8,3,6,5,5,2,3,4,ASHA_5416,0,5,2950,23,Severe
Serchhip Village,Mizoram,Mizoram_District_1,2024-01-08,2023-11-21 09:47:00,0-5,Male,3,0,5,2,2,1,4,1,ASHA_6369,2,7,805,25,Moderate
Udaipur Village,Tripura,Tripura_District_2,2024-03-26,2023-12-17 11:08:00,0-5,Female,10,6,2,6,4,0,3,4,ASHA_4554,3,2,3423,37,Mild
Aizawl Rural,Mizoram,Mizoram_District_2,2023-06-20,2023-03-16 19:38:00,60+,Male,5,6,3,4,4,2,3,3,ASHA_1454,1,1,4433,22,Mild
Dharmanagar Rural,Tripura,Tripura_District_1,2023-12-15,2023-11-20 14:47:00,6-18,Male,0,5,2,2,1,1,2,1,ASHA_6865,3,6,3553,13,Mild
Silchar Village,Assam,Assam_District_1,2023-08-17,2023-07-26 07:48:00,19-60,Female,17,11,0,11,7,3,5,9,ASHA_1544,4,1,3153,42,Mild
Teliamura Rural,Tripura,Tripura_District_3,2023-04-19,2023-02-13 17:03:00,0-5,Male,1,8,3,0,1,0,2,2,ASHA_5947,3,0,576,29,Moderate
Hnahthial Village,Mizoram,Mizoram_District_1,2024-02-04,2023-11-18 06:06:00,19-60,Female,5,5,2,2,1,0,1,2,ASHA_6319,4,2,4777,17,Mild
Zunheboto Village,Nagaland,Nagaland_District_3,2023-03-31,2023-01-03 08:15:00,60+,Male,0,5,2,1,2,2,2,2,ASHA_9053,3,7,1167,21,Mild
Pakyong Village,Sikkim,Sikkim_District_3,2023-05-14,2023-04-06 16:51:00,6-18,Female,1,2,0,1,1,1,3,2,ASHA_2756,1,6,4818,20,Mild
